母核素,半衰期,子核素,分支比,衰变模式
H3,388789632,He-3,1,β-
Be7,4598208,Li-7,1,EC
Be10,4.7652E+13,B-10,1,β-
C10,19.308,B-10,1,β+ & EC
C11,1221.84,B-11,1,β+ & EC
C14,1.79878E+11,N-14,1,β-
N13,597.9,C-13,1,β+ & EC
N16,7.13,O-16,1,β-
O14,70.62,N-14,1,β+ & EC
O15,122.24,N-15,1,β+ & EC
O19,26.88,F-19,1,β-
F17,64.49,O-17,1,β+ & EC
F18,6586.2,O-18,1,β+ & EC
Ne19,17.22,F-19,1,β+ & EC
Ne24,202.8,Na-24,1,β-
Na22,82106563.68,Ne-22,1,β+ & EC
Na24,53989.2,Mg-24,1,β-
Mg27,567.48,Al-27,1,β-
Mg28,75294,Al-28,1,β-
Al26,2.26268E+13,Mg-26,1,β+ & EC
Al28,134.7,Si-28,1,β-
Al29,393.6,Si-29,1,β-
Si31,9441.6,P-31,1,β-
Si32,4828312800,P-32,1,β-
P30,149.88,Si-30,1,β+ & EC
P32,1232755.2,S-32,1,β-
P33,2190240,S-33,1,β-
S35,7548768,Cl-35,1,β-
S37,303,Cl-37,1,β-
S38,10218,Cl-38,1,β-
Cl34,1.5264,S-34,1,β+ & EC
Cl36,9.49884E+12,Ar-36,0.981,β-
Cl36,9.49884E+12,S-36,0.019,β+ & EC
Cl38,2234.4,Ar-38,1,β-
Cl39,3372,Ar-39,1,β-
Cl40,81,Ar-40,1,β-
Ar37,3027456,Cl-37,1,EC
Ar39,8488994400,K-39,1,β-
Ar41,6576.6,K-41,1,β-
Ar42,1038245040,K-42,1,β-
Ar43,322.2,K-43,1,β-
Ar44,712.2,K-44,1,β-
K38,458.16,Ar-38,1,β+ & EC
K40,3.94E+16,Ca-40,0.8914,β-
K40,3.94E+16,Ar-40,0.1086,β+ & EC
K42,44478,Ca-42,1,β-
K43,80280,Ca-43,1,β-
K44,1327.8,Ca-44,1,β-
K45,1068.6,Ca-45,1,β-
K46,105,Ca-46,1,β-
Ca41,3.13683E+12,K-41,1,EC
Ca45,14049504,Sc-45,1,β-
Ca47,391910.4,Sc-47,1,β-
Ca49,523.08,Sc-49,1,β-
Sc43,14007.6,Ca-43,1,β+ & EC
Sc44,14292,Ca-44,1,β+ & EC
Sc46,7239456,Ti-46,1,β-
Sc47,289370.88,Ti-47,1,β-
Sc48,157212,Ti-48,1,β-
Sc49,3430.8,Ti-49,1,β-
Sc50,102.5,Ti-50,1,β-
Ti44,1893456000,Sc-44,1,EC
Ti45,11088,Sc-45,1,β+ & EC
Ti51,345.6,V-51,1,β-
Ti52,102,V-52,1,β-
V47,1956,Ti-47,1,β+ & EC
V48,1380110.4,Ti-48,1,β+ & EC
V49,28512000,Ti-49,1,EC
V50,6.63E+24,Ti-50,0.83,EC
V50,6.63E+24,Cr-50,0.17,β-
V52,224.58,Cr-52,1,β-
V53,92.58,Cr-53,1,β-
Cr48,77616,V-48,1,β+ & EC
Cr49,2538,V-49,1,β+ & EC
Cr51,2393496,V-51,1,EC
Cr55,209.82,Mn-55,1,β-
Cr56,356.4,Mn-56,1,β-
Mn51,2772,Cr-51,1,β+ & EC
Mn52,483062.4,Cr-52,1,β+ & EC
Mn53,1.18025E+14,Cr-53,1,EC
Mn54,26974080,Cr-54,1,β+ & EC
Mn54,26974080,Fe-54,2.90E-06,β-
Mn56,9284.04,Fe-56,1,β-
Mn57,85.4,Fe-57,1,β-
Fe52,29790,Mn-52m,1,β+ & EC
Fe53,510.6,Mn-53,1,β+ & EC
Fe55,86594054.4,Mn-55,1,EC
Fe59,3844368,Co-59,1,β-
Fe60,8.26809E+13,Co-60m,1,β-
Fe61,358.8,Co-61,1,β-
Fe62,68,Co-62,1,β-
Co55,63108,Fe-55,1,β+ & EC
Co56,6673190.4,Fe-56,1,β+ & EC
Co57,23478336,Fe-57,1,EC
Co58,6122304,Fe-58,1,β+ & EC
Co60,166344192,Ni-60,1,β-
Co61,5936.4,Ni-61,1,β-
Co62,90,Ni-62,1,β-
Ni56,524880,Co-56,1,β+ & EC
Ni57,128160,Co-57,1,β+ & EC
Ni59,2.39838E+12,Co-59,1,β+ & EC
Ni63,3193629120,Cu-63,1,β-
Ni65,9063,Cu-65,1,β-
Ni66,196560,Cu-66,1,β-
Cu57,0.1963,Ni-57,1,β+ & EC
Cu59,81.5,Ni-59,1,β+ & EC
Cu60,1422,Ni-60,1,β+ & EC
Cu61,12020.4,Ni-61,1,β+ & EC
Cu62,580.38,Ni-62,1,β+ & EC
Cu64,45723.6,Ni-64,0.61,β+ & EC
Cu64,45723.6,Zn-64,0.39,β-
Cu66,307.2,Zn-66,1,β-
Cu67,222588,Zn-67,1,β-
Cu69,171,Zn-69,1,β-
Zn60,142.8,Cu-60,1,β+ & EC
Zn61,89.1,Cu-61,1,β+ & EC
Zn62,33069.6,Cu-62,1,β+ & EC
Zn63,2308.2,Cu-63,1,β+ & EC
Zn65,21075552,Cu-65,1,β+ & EC
Zn69,3384,Ga-69,1,β-
Zn71,147,Ga-71,1,β-
Zn72,167400,Ga-72,1,β-
Ga64,157.62,Zn-64,1,β+ & EC
Ga65,912,Zn-65,1,β+ & EC
Ga66,34164,Zn-66,1,β+ & EC
Ga67,281810.88,Zn-67,1,EC
Ga68,4062.6,Zn-68,1,β+ & EC
Ga70,1268.4,Ge-70,0.9959,β-
Ga70,1268.4,Zn-70,0.0041,EC
Ga72,50760,Ge-72,1,β-
Ga73,17496,Ge-73,1,β-
Ga74,487.2,Ge-74,1,β-
Ge66,8136,Ga-66,1,β+ & EC
Ge67,1134,Ga-67,1,β+ & EC
Ge68,23408352,Ga-68,1,EC
Ge69,140580,Ga-69,1,β+ & EC
Ge71,987552,Ga-71,1,EC
Ge75,4966.8,As-75,1,β-
Ge77,40680,As-77,1,β-
Ge78,5280,As-78,1,β-
As68,151.6,Ge-68,1,β+ & EC
As69,912,Ge-69,1,β+ & EC
As70,3156,Ge-70,1,β+ & EC
As71,235080,Ge-71,1,β+ & EC
As72,93600,Ge-72,1,β+ & EC
As73,6937920,Ge-73,1,EC
As74,1535328,Ge-74,0.66,β+ & EC
As74,1535328,Se-74,0.34,β-
As76,94538.88,Se-76,1,β-
As77,139788,Se-77,1,β-
As78,5442,Se-78,1,β-
As79,540.6,Se-79m,0.97188,β-
As79,540.6,Se-79,0.028121,β-
Se70,2466,As-70,1,β+ & EC
Se71,284.4,As-71,1,β+ & EC
Se72,725760,As-72,1,EC
Se73,25740,As-73,1,β+ & EC
Se75,10348992,As-75,1,EC
Se79,1.02878E+13,Br-79,1,β-
Se81,1107,Br-81,1,β-
Se83,1335,Br-83,1,β-
Se84,195.6,Br-84,1,β-
Br72,78.6,Se-72,1,β+ & EC
Br73,204,Se-73m,0.99881,β+ & EC
Br73,204,Se-73,0.001192,β+ & EC
Br74,1524,Se-74,1,β+ & EC
Br75,5802,Se-75,1,β+ & EC
Br76,58320,Se-76,1,β+ & EC
Br77,205329.6,Se-77,1,β+ & EC
Br78,387,Se-78,0.9999,β+ & EC
Br78,387,Kr-78,0.0001,β-
Br80,1060.8,Kr-80,0.917,β-
Br80,1060.8,Se-80,0.083,β+ & EC
Br82,127015.2,Kr-82,1,β-
Br83,8546.4,Kr-83m,0.99845,β-
Br83,8546.4,Kr-83,0.0015519,β-
Br84,1905.6,Kr-84,1,β-
Br85,174,Kr-85m,0.99779,β-
Br85,174,Kr-85,0.0022112,β-
Kr74,690,Br-74,1,β+ & EC
Kr75,276,Br-75,1,β+ & EC
Kr76,53280,Br-76,0.99189,EC
Kr76,53280,Br-76m,0.0081144,EC
Kr77,4464,Br-77,0.90386,β+ & EC
Kr77,4464,Br-77m,0.096135,β+ & EC
Kr79,126144,Br-79,1,β+ & EC
Kr81,7.22669E+12,Br-81,1,EC
Kr85,338897066.4,Rb-85,1,β-
Kr87,4578,Rb-87,1,β-
Kr88,10170,Rb-88,1,β-
Kr89,189,Rb-89,1,β-
Rb77,226.2,Kr-77,1,β+ & EC
Rb78,1059.6,Kr-78,1,β+ & EC
Rb79,1374,Kr-79,1,β+ & EC
Rb80,33.4,Kr-80,1,β+ & EC
Rb81,16459.2,Kr-81m,0.95691,β+ & EC
Rb81,16459.2,Kr-81,0.043091,β+ & EC
Rb82,75.45,Kr-82,1,β+ & EC
Rb83,7447680,Kr-83m,0.74292,EC
Rb83,7447680,Kr-83,0.25708,EC
Rb84,2835648,Kr-84,0.962,β+ & EC
Rb84,2835648,Sr-84,0.038,β-
Rb86,1610668.8,Sr-86,0.99995,β-
Rb86,1610668.8,Kr-86,5.20E-05,EC
Rb87,1.57E+18,Sr-87,1,β-
Rb88,1066.38,Sr-88,1,β-
Rb89,919.2,Sr-89,1,β-
Rb90,158,Sr-90,1,β-
Sr79,135,Rb-79,1,β+ & EC
Sr80,6378,Rb-80,1,β+ & EC
Sr81,1338,Rb-81,0.99856,β+ & EC
Sr81,1338,Rb-81m,0.0014422,β+ & EC
Sr82,2189376,Rb-82,1,EC
Sr83,116676,Rb-83,1,β+ & EC
Sr85,5602953.6,Rb-85,1,EC
Sr89,4368643.2,Y-89,1,β-
Sr90,912014640,Y-90,1,β-
Sr91,34740,Y-91m,0.58247,β-
Sr91,34740,Y-91,0.41753,β-
Sr92,9399.6,Y-92,1,β-
Sr93,445.8,Y-93,1,β-
Sr94,75.3,Y-94,1,β-
Y81,70.4,Sr-81,1,β+ & EC
Y83,424.8,Sr-83,1,β+ & EC
Y85,9648,Sr-85m,1,β+ & EC
Y86,53064,Sr-86,1,β+ & EC
Y87,287280,Sr-87m,1,β+ & EC
Y88,9212486.4,Sr-88,1,β+ & EC
Y90,230590.8,Zr-90,1,β-
Y91,5055264,Zr-91,1,β-
Y92,12744,Zr-92,1,β-
Y93,36648,Zr-93,1,β-
Y94,1122,Zr-94,1,β-
Y95,618,Zr-95,1,β-
Zr85,471.6,Y-85m,0.96841,β+ & EC
Zr85,471.6,Y-85,0.031588,β+ & EC
Zr86,59400,Y-86,1,β+ & EC
Zr87,6048,Y-87m,0.99704,β+ & EC
Zr87,6048,Y-87,0.0029636,β+ & EC
Zr88,7205760,Y-88,1,EC
Zr89,282276,Y-89,1,β+ & EC
Zr93,5.08077E+13,Nb-93m,0.975,β-
Zr93,5.08077E+13,Nb-93,0.025,β-
Zr95,5532364.8,Nb-95,0.9892,β-
Zr95,5532364.8,Nb-95m,0.010802,β-
Zr97,60296.4,Nb-97,1,β-
Nb87,222,Zr-87,1,β+ & EC
Nb88,873,Zr-88,1,β+ & EC
Nb89,7308,Zr-89,0.98772,β+ & EC
Nb89,7308,Zr-89m,0.012278,β+ & EC
Nb90,52560,Zr-90,1,β+ & EC
Nb91,21459168000,Zr-91,1,β+ & EC
Nb92,1.09505E+15,Zr-92,1,EC
Nb94,6.40619E+11,Mo-94,1,β-
Nb95,3023222.4,Mo-95,1,β-
Nb96,84060,Mo-96,1,β-
Nb97,4326,Mo-97,1,β-
Nb99,15,Mo-99,1,β-
Mo89,126.6,Nb-89,1,β+ & EC
Mo90,20016,Nb-90,1,β+ & EC
Mo91,929.4,Nb-91,0.99966,β+ & EC
Mo91,929.4,Nb-91m,0.00034232,β+ & EC
Mo93,1.2623E+11,Nb-93m,0.88,EC
Mo93,1.2623E+11,Nb-93,0.12,EC
Mo99,237513.6,Tc-99m,0.8773,β-
Mo99,237513.6,Tc-99,0.1227,β-
Mo101,876.6,Tc-101,1,β-
Mo102,678,Tc-102,1,β-
Tc91,188.4,Mo-91,0.99302,β+ & EC
Tc91,188.4,Mo-91m,0.0069789,β+ & EC
Tc92,255,Mo-92,1,β+ & EC
Tc93,9900,Mo-93,1,β+ & EC
Tc94,17580,Mo-94,1,β+ & EC
Tc95,72000,Mo-95,1,EC
Tc96,369792,Mo-96,1,EC
Tc97,1.32857E+14,Mo-97,1,EC
Tc98,1.32542E+14,Ru-98,1,β-
Tc99,6.66181E+12,Ru-99,1,β-
Tc101,841.2,Ru-101,1,β-
Tc102,5.28,Ru-102,1,β-
Tc104,1098,Ru-104,1,β-
Tc105,456,Ru-105,1,β-
Ru92,219,Tc-92,1,β+ & EC
Ru94,3108,Tc-94m,1,β+ & EC
Ru95,5914.8,Tc-95,0.97387,β+ & EC
Ru95,5914.8,Tc-95m,0.026131,β+ & EC
Ru97,244512,Tc-97,0.99958,EC
Ru97,244512,Tc-97m,0.00042179,EC
Ru103,3390940.8,Rh-103m,0.98755,β-
Ru103,3390940.8,Rh-103,0.012453,β-
Ru105,15984,Rh-105,1,β-
Ru106,32123520,Rh-106,1,β-
Ru107,225,Rh-107,1,β-
Ru108,273,Rh-108,1,β-
Rh94,66,Ru-94,1,β+ & EC
Rh95,301.2,Ru-95,1,β+ & EC
Rh96,594,Ru-96,1,β+ & EC
Rh97,1842,Ru-97,1,β+ & EC
Rh98,523.2,Ru-98,1,β+ & EC
Rh99,1391040,Ru-99,1,β+ & EC
Rh100,74880,Ru-100,1,β+ & EC
Rh101,104140080,Ru-101,1,EC
Rh102,17910720,Ru-102,0.78,β+ & EC
Rh102,17910720,Pd-102,0.22,β-
Rh104,42.3,Pd-104,0.9955,β-
Rh104,42.3,Ru-104,0.0045,EC
Rh105,127296,Pd-105,1,β-
Rh106,30.07,Pd-106,1,β-
Rh107,1302,Pd-107,1,β-
Rh108,16.8,Pd-108,1,β-
Rh109,80,Pd-109,1,β-
Pd96,122,Rh-96m,1,β+ & EC
Pd97,186,Rh-97,0.98838,β+ & EC
Pd97,186,Rh-97m,0.011622,β+ & EC
Pd98,1062,Rh-98,1,β+ & EC
Pd99,1284,Rh-99m,0.96647,β+ & EC
Pd99,1284,Rh-99,0.033529,β+ & EC
Pd100,313632,Rh-100,1,EC
Pd101,30492,Rh-101m,0.9973,β+ & EC
Pd101,30492,Rh-101,0.0027,β+ & EC
Pd103,1468022.4,Rh-103m,0.99875,EC
Pd103,1468022.4,Rh-103,0.0012512,EC
Pd107,2.05124E+14,Ag-107,1,β-
Pd109,49324.32,Ag-109,1,β-
Pd111,1404,Ag-111m,0.99756,β-
Pd111,1404,Ag-111,0.0024368,β-
Pd112,75744,Ag-112,1,β-
Pd114,145.2,Ag-114,1,β-
Ag99,124,Pd-99,1,β+ & EC
Ag101,666,Pd-101,1,β+ & EC
Ag102,774,Pd-102,1,β+ & EC
Ag103,3942,Pd-103,1,β+ & EC
Ag104,4152,Pd-104,1,β+ & EC
Ag105,3567456,Pd-105,1,EC
Ag106,1437.6,Pd-106,0.99,β+ & EC
Ag106,1437.6,Cd-106,0.01,β-
Ag108,142.92,Cd-108,0.9715,β-
Ag108,142.92,Pd-108,0.0285,β+ & EC
Ag110,24.6,Cd-110,0.997,β-
Ag110,24.6,Pd-110,0.003,EC
Ag111,643680,Cd-111,1,β-
Ag112,11268,Cd-112,1,β-
Ag113,19332,Cd-113,0.98261,β-
Ag113,19332,Cd-113m,0.017388,β-
Ag114,4.6,Cd-114,1,β-
Ag115,1200,Cd-115,0.9421,β-
Ag115,1200,Cd-115m,0.05787,β-
Ag116,237,Cd-116,1,β-
Ag117,72.8,Cd-117,0.84703,β-
Ag117,72.8,Cd-117m,0.15297,β-
Cd101,81.6,Ag-101,1,β+ & EC
Cd102,330,Ag-102m,0.94624,β+ & EC
Cd102,330,Ag-102,0.053762,β+ & EC
Cd103,438,Ag-103,1,β+ & EC
Cd104,3462,Ag-104m,1,EC
Cd105,3330,Ag-105m,0.82963,β+ & EC
Cd105,3330,Ag-105,0.17037,β+ & EC
Cd107,23400,Ag-107,1,β+ & EC
Cd109,39864960,Ag-109,1,EC
Cd113,2.52E+23,In-113,1,β-
Cd115,192456,In-115m,1,β-
Cd117,8964,In-117m,0.91507,β-
Cd117,8964,In-117,0.084933,β-
Cd118,3018,In-118,1,β-
Cd119,161.4,In-119m,0.90091,β-
Cd119,161.4,In-119,0.099092,β-
In103,65,Cd-103,1,β+ & EC
In105,304.2,Cd-105,1,β+ & EC
In106,372,Cd-106,1,β+ & EC
In107,1944,Cd-107,1,β+ & EC
In108,3480,Cd-108,1,β+ & EC
In109,15001.2,Cd-109,1,β+ & EC
In110,17640,Cd-110,1,β+ & EC
In111,242326.08,Cd-111,0.99995,EC
In111,242326.08,Cd-111m,5.00E-05,EC
In112,892.8,Cd-112,0.56,β+ & EC
In112,892.8,Sn-112,0.44,β-
In114,71.9,Sn-114,0.995,β-
In114,71.9,Cd-114,0.005,β+ & EC
In115,1.39E+22,Sn-115,1,β-
In117,2592,Sn-117,0.99647,β-
In117,2592,Sn-117m,0.0035321,β-
In118,5,Sn-118,1,β-
In119,144,Sn-119,0.99052,β-
In119,144,Sn-119m,0.0094773,β-
In121,23.1,Sn-121,0.8865,β-
In121,23.1,Sn-121m,0.1135,β-
Sn106,115,In-106m,1,β+ & EC
Sn108,618,In-108m,1,β+ & EC
Sn109,1080,In-109,0.71734,β+ & EC
Sn109,1080,In-109m,0.28266,β+ & EC
Sn110,14796,In-110m,1,EC
Sn111,2118,In-111,0.99793,β+ & EC
Sn111,2118,In-111m,0.0020745,β+ & EC
Sn113,9943776,In-113m,0.99998,EC
Sn113,9943776,In-113,2.24E-05,EC
Sn121,97308,Sb-121,1,β-
Sn123,11162880,Sb-123,1,β-
Sn125,832896,Sb-125,1,β-
Sn126,7.25825E+12,Sb-126m,1,β-
Sn127,7560,Sb-127,1,β-
Sn128,3544.2,Sb-128m,1,β-
Sn129,133.8,Sb-129,1,β-
Sn130,223.2,Sb-130m,1,β-
Sb111,75,Sn-111,1,β+ & EC
Sb113,400.2,Sn-113,0.77569,β+ & EC
Sb113,400.2,Sn-113m,0.22431,β+ & EC
Sb114,209.4,Sn-114,1,β+ & EC
Sb115,1926,Sn-115,1,β+ & EC
Sb116,948,Sn-116,1,β+ & EC
Sb117,10080,Sn-117,1,β+ & EC
Sb118,216,Sn-118,1,β+ & EC
Sb119,137484,Sn-119,1,EC
Sb120,953.4,Sn-120,1,β+ & EC
Sb122,235336.32,Te-122,0.9759,β-
Sb122,235336.32,Sn-122,0.0241,β+ & EC
Sb124,5201280,Te-124,1,β-
Sb125,87053533.06,Te-125,0.76864,β-
Sb125,87053533.06,Te-125m,0.23136,β-
Sb126,1067040,Te-126,1,β-
Sb127,332640,Te-127,0.8232,β-
Sb127,332640,Te-127m,0.1768,β-
Sb128,32580,Te-128,1,β-
Sb129,15717.6,Te-129,0.77381,β-
Sb129,15717.6,Te-129m,0.22619,β-
Sb130,2370,Te-130,1,β-
Sb131,1381.8,Te-131,0.91793,β-
Sb131,1381.8,Te-131m,0.082067,β-
Sb133,140.4,Te-133,0.82662,β-
Sb133,140.4,Te-133m,0.17338,β-
Te113,102,Sb-113,1,β+ & EC
Te114,912,Sb-114,1,β+ & EC
Te115,348,Sb-115,1,β+ & EC
Te116,8964,Sb-116,1,β+ & EC
Te117,3720,Sb-117,1,β+ & EC
Te118,518400,Sb-118,1,EC
Te119,57780,Sb-119,1,β+ & EC
Te121,1656288,Sb-121,1,EC
Te123,2.90E+24,Sb-123,1,EC
Te127,33660,I-127,1,β-
Te129,4194,I-129,1,β-
Te131,1500,I-131,1,β-
Te132,276825.6,I-132,1,β-
Te133,750,I-133,1,β-
Te134,2508,I-134,1,β-
I118,822,Te-118,1,β+ & EC
I119,1146,Te-119,0.99046,β+ & EC
I119,1146,Te-119m,0.0095421,β+ & EC
I120,4896,Te-120,1,β+ & EC
I121,7632,Te-121,0.99714,β+ & EC
I121,7632,Te-121m,0.0028631,β+ & EC
I122,217.8,Te-122,1,β+ & EC
I123,47604.6,Te-123,0.99996,EC
I123,47604.6,Te-123m,4.44E-05,EC
I124,360806.4,Te-124,1,β+ & EC
I125,5132764.8,Te-125,1,EC
I126,1117152,Te-126,0.527,β+ & EC
I126,1117152,Xe-126,0.473,β-
I128,1499.4,Xe-128,0.931,β-
I128,1499.4,Te-128,0.069,β+ & EC
I129,4.95454E+14,Xe-129,1,β-
I130,44496,Xe-130,1,β-
I131,693377.28,Xe-131,0.98824,β-
I131,693377.28,Xe-131m,0.011759,β-
I132,8262,Xe-132,1,β-
I133,74988,Xe-133,0.97115,β-
I133,74988,Xe-133m,0.028846,β-
I134,3150,Xe-134,1,β-
I135,23688,Xe-135,0.83432,β-
I135,23688,Xe-135m,0.16568,β-
Xe120,2400,I-120,1,β+ & EC
Xe121,2406,I-121,1,β+ & EC
Xe122,72360,I-122,1,EC
Xe123,7488,I-123,1,β+ & EC
Xe125,60840,I-125,1,β+ & EC
Xe127,3140294.4,I-127,1,EC
Xe133,453384,Cs-133,1,β-
Xe135,32904,Cs-135,1,β-
Xe137,229.08,Cs-137,1,β-
Xe138,848.4,Cs-138,1,β-
Cs121,155,Xe-121,1,β+ & EC
Cs123,352.8,Xe-123,1,β+ & EC
Cs124,30.9,Xe-124,1,β+ & EC
Cs125,2802,Xe-125,1,β+ & EC
Cs126,98.4,Xe-126,1,β+ & EC
Cs127,22500,Xe-127,1,β+ & EC
Cs128,219.6,Xe-128,1,β+ & EC
Cs129,115416,Xe-129,1,β+ & EC
Cs130,1752.6,Xe-130,0.984,β+ & EC
Cs130,1752.6,Ba-130,0.016,β-
Cs131,837129.6,Xe-131,1,EC
Cs132,559872,Xe-132,0.9813,β+ & EC
Cs132,559872,Ba-132,0.0187,β-
Cs134,65172755.52,Ba-134,1,β-
Cs134,65172755.52,Xe-134,3.00E-06,EC
Cs135,7.25825E+13,Ba-135,1,β-
Cs136,1126656,Ba-136,1,β-
Cs137,949252608,Ba-137m,0.94399,β-
Cs137,949252608,Ba-137,0.056005,β-
Cs138,2004.6,Ba-138,1,β-
Cs139,556.2,Ba-139,1,β-
Cs140,63.7,Ba-140,1,β-
Ba124,660,Cs-124,1,β+ & EC
Ba126,6000,Cs-126,1,β+ & EC
Ba127,762,Cs-127,1,β+ & EC
Ba128,209952,Cs-128,1,EC
Ba129,8028,Cs-129,1,β+ & EC
Ba131,993600,Cs-131,1,EC
Ba133,332964237.6,Cs-133,1,EC
Ba139,4983.6,La-139,1,β-
Ba140,1101833.28,La-140,1,β-
Ba141,1096.2,La-141,1,β-
Ba142,636,La-142,1,β-
La128,310.8,Ba-128,1,β+ & EC
La129,696,Ba-129,0.92384,β+ & EC
La129,696,Ba-129m,0.076164,β+ & EC
La130,522,Ba-130,1,β+ & EC
La131,3540,Ba-131,1,β+ & EC
La132,17280,Ba-132,1,β+ & EC
La133,14083.2,Ba-133,1,β+ & EC
La134,387,Ba-134,1,β+ & EC
La135,70200,Ba-135,1,β+ & EC
La136,592.2,Ba-136,1,β+ & EC
La137,1.89346E+12,Ba-137,1,EC
La138,3.22E+18,Ba-138,0.664,EC
La138,3.22E+18,Ce-138,0.336,β-
La140,145026.72,Ce-140,1,β-
La141,14112,Ce-141,1,β-
La142,5466,Ce-142,1,β-
La143,852,Ce-143,1,β-
Ce130,1374,La-130,1,β+ & EC
Ce131,618,La-131,1,β+ & EC
Ce132,12636,La-132,1,EC
Ce133,5820,La-133,1,β+ & EC
Ce134,273024,La-134,1,EC
Ce135,63720,La-135,1,β+ & EC
Ce137,32400,La-137,1,β+ & EC
Ce139,11892182.4,La-139,1,EC
Ce141,2808950.4,Pr-141,1,β-
Ce143,118940.4,Pr-143,1,β-
Ce144,24616224,Pr-144,0.99023,β-
Ce144,24616224,Pr-144m,0.0097699,β-
Ce145,180.6,Pr-145,1,β-
Pr134,660,Ce-134,1,β+ & EC
Pr135,1440,Ce-135,1,β+ & EC
Pr136,786,Ce-136,1,β+ & EC
Pr137,4608,Ce-137,1,β+ & EC
Pr138,87,Ce-138,1,β+ & EC
Pr139,15876,Ce-139,1,β+ & EC
Pr140,203.4,Ce-140,1,β+ & EC
Pr142,68832,Nd-142,0.99984,β-
Pr142,68832,Ce-142,0.000164,EC
Pr143,1172448,Nd-143,1,β-
Pr144,1036.8,Nd-144,1,β-
Pr145,21542.4,Nd-145,1,β-
Pr146,1449,Nd-146,1,β-
Pr147,804,Nd-147,1,β-
Pr148,137.4,Nd-148,1,β-
Nd134,510,Pr-134m,1,β+ & EC
Nd135,744,Pr-135,1,β+ & EC
Nd136,3039,Pr-136,1,β+ & EC
Nd137,2310,Pr-137,1,β+ & EC
Nd138,18144,Pr-138,1,EC
Nd139,1782,Pr-139,1,β+ & EC
Nd140,291168,Pr-140,1,EC
Nd141,8964,Pr-141,1,β+ & EC
Nd144,7.23E+22,Ce-140,1,α
Nd147,948672,Pm-147,1,β-
Nd149,6220.8,Pm-149,1,β-
Nd151,746.4,Pm-151,1,β-
Nd152,684,Pm-152,1,β-
Pm136,107,Nd-136,1,β+ & EC
Pm139,249,Nd-139,1,β+ & EC
Pm140,9.2,Nd-140,1,β+ & EC
Pm141,1254,Nd-141,0.99833,β+ & EC
Pm141,1254,Nd-141m,0.0016651,β+ & EC
Pm142,40.5,Nd-142,1,β+ & EC
Pm143,22896000,Nd-143,1,EC
Pm144,31363200,Nd-144,1,EC
Pm145,558569520,Nd-145,1,EC
Pm145,558569520,Pr-141,2.80E-09,α
Pm146,174513528,Nd-146,0.66,EC
Pm146,174513528,Sm-146,0.34,β-
Pm147,82788207.84,Sm-147,1,β-
Pm148,463795.2,Sm-148,1,β-
Pm149,191088,Sm-149,1,β-
Pm150,9712.8,Sm-150,1,β-
Pm151,102240,Sm-151,1,β-
Pm152,247.2,Sm-152,1,β-
Pm153,315,Sm-153,1,β-
Pm154,160.8,Sm-154,1,β-
Sm139,154.2,Pm-139,1,β+ & EC
Sm140,889.2,Pm-140,1,β+ & EC
Sm141,612,Pm-141,1,β+ & EC
Sm142,4349.4,Pm-142,1,β+ & EC
Sm143,525,Pm-143,1,β+ & EC
Sm145,29376000,Pm-145,1,EC
Sm146,3.25043E+15,Nd-142,1,α
Sm147,3.35E+18,Nd-143,1,α
Sm148,2.21E+23,Nd-144,1,α
Sm151,2840184000,Eu-151,1,β-
Sm153,166622.4,Eu-153,1,β-
Sm155,1338,Eu-155,1,β-
Sm156,33840,Eu-156,1,β-
Sm157,481.8,Eu-157,1,β-
Eu142,2.34,Sm-142,1,β+ & EC
Eu143,155.4,Sm-143,0.99879,β+ & EC
Eu143,155.4,Sm-143m,0.0012069,β+ & EC
Eu144,10.2,Sm-144,1,β+ & EC
Eu145,512352,Sm-145,1,β+ & EC
Eu146,398304,Sm-146,1,β+ & EC
Eu147,2082240,Sm-147,0.99998,β+ & EC
Eu147,2082240,Pm-143,2.20E-05,α
Eu148,4708800,Sm-148,1,β+ & EC
Eu148,4708800,Pm-144,9.40E-09,α
Eu149,8043840,Sm-149,1,EC
Eu150,1164475440,Sm-150,1,β+ & EC
Eu152,426564079.2,Sm-152,0.721,β+ & EC
Eu152,426564079.2,Gd-152,0.279,β-
Eu154,271426917.6,Gd-154,0.9998,β-
Eu154,271426917.6,Sm-154,0.0002,EC
Eu155,149993272.8,Gd-155,1,β-
Eu156,1312416,Gd-156,1,β-
Eu157,54648,Gd-157,1,β-
Eu158,2754,Gd-158,1,β-
Eu159,1086,Gd-159,1,β-
Gd142,70.2,Eu-142,1,β+ & EC
Gd144,268.2,Eu-144,1,β+ & EC
Gd145,1380,Eu-145,1,β+ & EC
Gd146,4170528,Eu-146,1,EC
Gd147,137016,Eu-147,1,β+ & EC
Gd148,2243745360,Sm-144,1,α
Gd149,801792,Eu-149,1,β+ & EC
Gd150,5.64881E+13,Sm-146,1,α
Gd151,10704960,Eu-151,1,EC
Gd151,10704960,Sm-147,1.00E-08,α
Gd152,3.41E+21,Sm-148,1,α
Gd153,20770560,Eu-153,1,EC
Gd159,66524.4,Tb-159,1,β-
Gd162,504,Tb-162,1,β-
Tb146,8,Gd-146,1,β+ & EC
Tb147,5904,Gd-147,1,β+ & EC
Tb148,3600,Gd-148,1,β+ & EC
Tb149,14824.8,Gd-149,0.833,β+ & EC
Tb149,14824.8,Eu-145,0.167,α
Tb150,12528,Gd-150,1,β+ & EC
Tb150,12528,Eu-146,7.00E-06,α
Tb151,63392.4,Gd-151,1,β+ & EC
Tb151,63392.4,Eu-147,9.50E-05,α
Tb152,63000,Gd-152,1,β+ & EC
Tb153,202176,Gd-153,1,β+ & EC
Tb154,77400,Gd-154,1,β+ & EC
Tb155,459648,Gd-155,1,EC
Tb156,462240,Gd-156,1,EC
Tb157,2240589600,Gd-157,1,EC
Tb158,5680368000,Gd-158,0.834,EC
Tb158,5680368000,Dy-158,0.166,β-
Tb160,6246720,Dy-160,1,β-
Tb161,595296,Dy-161,1,β-
Tb162,456,Dy-162,1,β-
Tb163,1170,Dy-163,1,β-
Tb164,180,Dy-164,1,β-
Tb165,126.6,Dy-165m,0.89028,β-
Tb165,126.6,Dy-165,0.10972,β-
Dy148,198,Tb-148,1,β+ & EC
Dy149,252,Tb-149,0.56682,β+ & EC
Dy149,252,Tb-149m,0.43318,β+ & EC
Dy150,430.2,Tb-150,0.64,β+ & EC
Dy150,430.2,Gd-146,0.36,α
Dy151,1074,Tb-151,0.53377,β+ & EC
Dy151,1074,Tb-151m,0.41023,β+ & EC
Dy151,1074,Gd-147,0.056,α
Dy152,8568,Tb-152,0.999,EC
Dy152,8568,Gd-148,0.001,α
Dy153,23040,Tb-153,1,β+ & EC
Dy153,23040,Gd-149,9.40E-05,α
Dy154,9.46728E+13,Gd-150,1,α
Dy155,35640,Tb-155,1,β+ & EC
Dy157,29304,Tb-157,1,EC
Dy159,12476160,Tb-159,1,EC
Dy165,8402.4,Ho-165,1,β-
Dy166,293760,Ho-166,1,β-
Dy167,372,Ho-167,1,β-
Dy168,522,Ho-168,1,β-
Ho150,72,Dy-150,1,β+ & EC
Ho153,120.6,Dy-153,0.99949,β+ & EC
Ho153,120.6,Tb-149m,0.00051,α
Ho154,705.6,Dy-154,0.99981,β+ & EC
Ho154,705.6,Tb-150,0.00019,α
Ho155,2880,Dy-155,1,β+ & EC
Ho156,3360,Dy-156,1,β+ & EC
Ho157,756,Dy-157,1,β+ & EC
Ho159,1983,Dy-159,1,β+ & EC
Ho160,1536,Dy-160,1,β+ & EC
Ho161,8928,Dy-161,1,EC
Ho162,900,Dy-162,1,β+ & EC
Ho163,1.44218E+11,Dy-163,1,EC
Ho164,1740,Dy-164,0.6,EC
Ho164,1740,Er-164,0.4,β-
Ho166,96566.4,Er-166,1,β-
Ho167,10810.8,Er-167,1,β-
Ho168,179.4,Er-168,1,β-
Ho170,165.6,Er-170,1,β-
Er154,223.8,Ho-154,0.9953,β+ & EC
Er154,223.8,Dy-150,0.0047,α
Er156,1170,Ho-156,1,EC
Er159,2160,Ho-159,1,β+ & EC
Er161,11556,Ho-161,1,β+ & EC
Er163,4500,Ho-163,1,β+ & EC
Er165,37296,Ho-165,1,EC
Er169,811468.8,Tm-169,1,β-
Er171,27057.6,Tm-171,1,β-
Er172,177480,Tm-172,1,β-
Er173,84,Tm-173,1,β-
Tm161,1812,Er-161,1,β+ & EC
Tm162,1302,Er-162,1,β+ & EC
Tm163,6516,Er-163,1,β+ & EC
Tm164,120,Er-164,1,β+ & EC
Tm165,108216,Er-165,1,β+ & EC
Tm166,27720,Er-166,1,β+ & EC
Tm167,799200,Er-167,1,EC
Tm168,8043840,Er-168,0.9999,β+ & EC
Tm168,8043840,Yb-168,0.0001,β-
Tm170,11111040,Yb-170,0.99869,β-
Tm170,11111040,Er-170,0.00131,EC
Tm171,60590592,Yb-171,1,β-
Tm172,228960,Yb-172,1,β-
Tm173,29664,Yb-173,1,β-
Tm174,324,Yb-174,1,β-
Tm175,912,Yb-175,1,β-
Tm176,114,Yb-176,1,β-
Yb162,1132.2,Tm-162,1,β+ & EC
Yb163,663,Tm-163,1,β+ & EC
Yb164,4548,Tm-164,1,EC
Yb165,594,Tm-165,1,β+ & EC
Yb166,204120,Tm-166,1,EC
Yb167,1050,Tm-167,1,β+ & EC
Yb169,2766355.2,Tm-169,1,EC
Yb175,361584,Lu-175,1,β-
Yb177,6879.6,Lu-177,1,β-
Yb178,4440,Lu-178,1,β-
Yb179,480,Lu-179,1,β-
Lu165,644.4,Yb-165,1,β+ & EC
Lu167,3090,Yb-167,1,β+ & EC
Lu169,122616,Yb-169,1,β+ & EC
Lu170,173836.8,Yb-170,1,β+ & EC
Lu171,711936,Yb-171,1,β+ & EC
Lu172,578880,Yb-172,1,β+ & EC
Lu173,43233912,Yb-173,1,EC
Lu174,104455656,Yb-174,1,β+ & EC
Lu176,1.19E+18,Hf-176,1,β-
Lu177,574300.8,Hf-177,1,β-
Lu178,1704,Hf-178,1,β-
Lu179,16524,Hf-179,1,β-
Lu180,342,Hf-180,1,β-
Lu181,210,Hf-181,1,β-
Hf167,123,Lu-167,1,β+ & EC
Hf169,194.4,Lu-169,0.96904,β+ & EC
Hf169,194.4,Lu-169m,0.03096,β+ & EC
Hf170,57636,Lu-170,1,EC
Hf172,59012712,Lu-172m,1,EC
Hf173,84960,Lu-173,1,β+ & EC
Hf174,6.31E+22,Yb-170,1,α
Hf175,6048000,Lu-175,1,EC
Hf181,3662496,Ta-181,1,β-
Hf182,2.80863E+14,Ta-182,1,β-
Hf183,3664.8,Ta-183,1,β-
Hf184,14832,Ta-184,1,β-
Ta170,405.6,Hf-170,1,β+ & EC
Ta172,2208,Hf-172,1,β+ & EC
Ta173,11304,Hf-173,1,β+ & EC
Ta174,4104,Hf-174,1,β+ & EC
Ta175,37800,Hf-175,1,β+ & EC
Ta176,29124,Hf-176,1,β+ & EC
Ta177,203616,Hf-177,1,EC
Ta178,558.6,Hf-178,1,β+ & EC
Ta179,57434832,Hf-179,1,EC
Ta180,29354.4,Hf-180,0.86,EC
Ta180,29354.4,W-180,0.14,β-
Ta182,9913536,W-182,1,β-
Ta183,440640,W-183,1,β-
Ta184,31320,W-184,1,β-
Ta185,2964,W-185,1,β-
Ta186,630,W-186,1,β-
W177,7920,Ta-177,1,β+ & EC
W178,1866240,Ta-178,1,EC
W179,2223,Ta-179,1,EC
W181,10471680,Ta-181,1,EC
W185,6488640,Re-185,1,β-
W187,86400,Re-187,1,β-
W188,6028992,Re-188,1,β-
W190,1800,Re-190,1,β-
Re178,792,W-178,1,β+ & EC
Re179,1170,W-179,0.76079,β+ & EC
Re179,1170,W-179m,0.23921,β+ & EC
Re180,147.6,W-180,1,β+ & EC
Re181,71640,W-181,1,β+ & EC
Re182,231120,W-182,1,EC
Re183,6048000,W-183,1,EC
Re184,3058560,W-184,1,β+ & EC
Re186,321287.04,Os-186,0.9253,β-
Re186,321287.04,W-186,0.0747,EC
Re187,1.37E+18,Os-187,1,β-
Re188,61210.8,Os-188,1,β-
Re189,87480,Os-189,0.87789,β-
Re189,87480,Os-189m,0.12211,β-
Re190,186,Os-190,1,β-
Os180,1290,Re-180,1,β+ & EC
Os181,6300,Re-181,1,β+ & EC
Os182,78624,Re-182m,1,EC
Os183,46800,Re-183,1,β+ & EC
Os185,8087040,Re-185,1,EC
Os186,6.31E+22,W-182,1,α
Os191,1330560,Ir-191,1,β-
Os193,108396,Ir-193,0.99652,β-
Os193,108396,Ir-193m,0.0034757,β-
Os194,189345600,Ir-194,1,β-
Os196,2094,Ir-196,1,β-
Ir180,90,Os-180,1,β+ & EC
Ir182,900,Os-182,1,β+ & EC
Ir183,3480,Os-183m,0.70972,β+ & EC
Ir183,3480,Os-183,0.29028,β+ & EC
Ir184,11124,Os-184,1,β+ & EC
Ir185,51840,Os-185,1,β+ & EC
Ir186,59904,Os-186,1,β+ & EC
Ir187,37800,Os-187,1,β+ & EC
Ir188,149400,Os-188,1,β+ & EC
Ir189,1140480,Os-189,0.92574,EC
Ir189,1140480,Os-189m,0.074264,EC
Ir190,1017792,Os-190,1,EC
Ir192,6378825.6,Pt-192,0.9513,β-
Ir192,6378825.6,Os-192,0.0487,EC
Ir194,69408,Pt-194,1,β-
Ir195,8244,Pt-195,1,β-
Ir196,52,Pt-196,1,β-
Pt184,1038,Ir-184,1,β+ & EC
Pt184,1038,Os-180,1.70E-05,α
Pt186,7488,Ir-186m,0.81942,EC
Pt186,7488,Ir-186,0.18058,EC
Pt186,7488,Os-182,1.00E-06,α
Pt187,8460,Ir-187,1,β+ & EC
Pt188,881280,Ir-188,1,EC
Pt188,881280,Os-184,2.90E-07,α
Pt189,39132,Ir-189,1,β+ & EC
Pt190,2.05E+19,Os-186,1,α
Pt191,244512,Ir-191,1,EC
Pt193,1577880000,Ir-193,1,EC
Pt197,71609.4,Au-197,1,β-
Pt199,1848,Au-199,1,β-
Pt200,45360,Au-200,1,β-
Pt202,158400,Au-202,1,β-
Au186,642,Pt-186,1,β+ & EC
Au187,504,Pt-187,1,β+ & EC
Au187,504,Ir-183,3.00E-05,α
Au190,2568,Pt-190,1,β+ & EC
Au191,11448,Pt-191,1,β+ & EC
Au192,17784,Pt-192,1,β+ & EC
Au193,63540,Pt-193,1,EC
Au194,136872,Pt-194,1,β+ & EC
Au195,16071264,Pt-195,1,EC
Au196,532820.16,Pt-196,0.928,EC
Au196,532820.16,Hg-196,0.072,β-
Au198,232770.24,Hg-198,1,β-
Au199,271209.6,Hg-199,1,β-
Au200,2904,Hg-200,1,β-
Au201,1560,Hg-201,1,β-
Au202,28.4,Hg-202,1,β-
Hg190,1200,Au-190,1,β+ & EC
Hg192,17460,Au-192,1,EC
Hg193,13680,Au-193,0.96459,β+ & EC
Hg193,13680,Au-193m,0.035408,β+ & EC
Hg194,14011574400,Au-194,1,EC
Hg195,37908,Au-195,1,β+ & EC
Hg197,230904,Au-197,1,EC
Hg203,4025721.6,Tl-203,1,β-
Hg205,308.4,Tl-205,1,β-
Hg206,499.2,Tl-206,1,β-
Hg207,174,Tl-207,1,β-
Tl190,156,Hg-190,1,β+ & EC
Tl194,1980,Hg-194,1,β+ & EC
Tl195,4176,Hg-195,0.99656,β+ & EC
Tl195,4176,Hg-195m,0.0034358,β+ & EC
Tl196,6624,Hg-196,1,β+ & EC
Tl197,10224,Hg-197,1,β+ & EC
Tl198,19080,Hg-198,1,β+ & EC
Tl199,26712,Hg-199,1,β+ & EC
Tl200,93960,Hg-200,1,β+ & EC
Tl201,262837.44,Hg-201,1,EC
Tl202,1063584,Hg-202,1,EC
Tl204,119382400.8,Pb-204,0.971,β-
Tl204,119382400.8,Hg-204,0.029,EC
Tl206,252.12,Pb-206,1,β-
Tl207,286.2,Pb-207,1,β-
Tl208,183.18,Pb-208,1,β-
Tl209,129.72,Pb-209,1,β-
Tl210,78,Pb-210,1,β-
Pb194,642,Tl-194,1,β+ & EC
Pb194,642,Hg-190,7.30E-08,α
Pb196,2220,Tl-196,1,β+ & EC
Pb197,486,Tl-197,1,β+ & EC
Pb198,8640,Tl-198,1,EC
Pb199,5400,Tl-199,1,β+ & EC
Pb200,77400,Tl-200,1,EC
Pb201,33588,Tl-201,1,β+ & EC
Pb202,1.65677E+12,Tl-202,0.99,EC
Pb202,1.65677E+12,Hg-198,0.01,α
Pb203,186912,Tl-203,1,EC
Pb205,5.45946E+14,Tl-205,1,EC
Pb209,11642.4,Bi-209,1,β-
Pb210,700578720,Bi-210,1,β-
Pb210,700578720,Hg-206,1.90E-08,α
Pb211,2166,Bi-211,1,β-
Pb212,38304,Bi-212,1,β-
Pb214,1623.6,Bi-214,1,β-
Bi197,559.8,Pb-197,0.56103,β+ & EC
Bi197,559.8,Pb-197m,0.43897,β+ & EC
Bi200,2184,Pb-200,1,β+ & EC
Bi201,6180,Pb-201,0.54833,β+ & EC
Bi201,6180,Pb-201m,0.45167,β+ & EC
Bi202,6156,Pb-202,1,β+ & EC
Bi203,42336,Pb-203,1,β+ & EC
Bi204,40392,Pb-204,0.90148,β+ & EC
Bi204,40392,Pb-204m,0.098525,β+ & EC
Bi205,1322784,Pb-205,1,β+ & EC
Bi206,539395.2,Pb-206,1,β+ & EC
Bi207,995642280,Pb-207,1,β+ & EC
Bi208,1.16132E+13,Pb-208,1,EC
Bi210,433036.8,Po-210,1,β-
Bi210,433036.8,Tl-206,1.32E-06,α
Bi211,128.4,Tl-207,0.99724,α
Bi211,128.4,Po-211,0.00276,β-
Bi212,3633,Po-212,0.6406,β-
Bi212,3633,Tl-208,0.3594,α
Bi213,2736.6,Po-213,0.9791,β-
Bi213,2736.6,Tl-209,0.0209,α
Bi214,1194,Po-214,0.99979,β-
Bi214,1194,Tl-210,0.00021,α
Bi215,456,Po-215,1,β-
Bi216,135,Po-216,1,β-
Po203,2202,Bi-203,0.9989,β+ & EC
Po203,2202,Pb-199,0.0011,α
Po204,12668.4,Bi-204,0.9934,EC
Po204,12668.4,Pb-200,0.0066,α
Po205,6264,Bi-205,0.999,β+ & EC
Po205,6264,Pb-201,0.0004,α
Po206,760320,Bi-206,0.9455,EC
Po206,760320,Pb-202,0.0545,α
Po207,20880,Bi-207,0.99979,β+ & EC
Po207,20880,Pb-203,0.00021,α
Po208,91453924.8,Pb-204,0.99998,α
Po208,91453924.8,Bi-208,2.23E-05,EC
Po209,3913142400,Pb-205,0.9952,α
Po209,3913142400,Bi-209,0.0048,EC
Po210,11955686.4,Pb-206,1,α
Po211,0.516,Pb-207,1,α
Po212,2.99E-07,Pb-208,1,α
Po213,3.72E-06,Pb-209,1,α
Po214,0.0001636,Pb-210,1,α
Po215,0.001781,Pb-211,1,α
Po216,0.145,Pb-212,1,α
Po218,185.88,Pb-214,0.9998,α
Po218,185.88,At-218,0.0002,β-
At204,547.2,Po-204,0.962,β+ & EC
At204,547.2,Bi-200,0.038,α
At205,1614,Po-205,0.9,β+ & EC
At205,1614,Bi-201,0.1,α
At206,1836,Po-206,0.9911,β+ & EC
At206,1836,Bi-202,0.0089,α
At207,6516,Po-207,0.914,β+ & EC
At207,6516,Bi-203,0.086,α
At208,5868,Po-208,0.9945,β+ & EC
At208,5868,Bi-204,0.0055,α
At209,19512,Po-209,0.959,β+ & EC
At209,19512,Bi-205,0.041,α
At210,29160,Po-210,0.99825,β+ & EC
At210,29160,Bi-206,0.00175,α
At211,25970.4,Po-211,0.582,EC
At211,25970.4,Bi-207,0.418,α
At215,0.0001,Bi-211,1,α
At216,0.0003,Bi-212,1,α
At217,0.0323,Bi-213,0.99988,α
At218,1.5,Bi-214,0.999,α
At218,1.5,Rn-218,0.001,β-
At219,56,Bi-215,0.97,α
At220,222.6,Rn-220,0.92,β-
At220,222.6,Bi-216,0.08,α
Rn207,555,At-207,0.79,β+ & EC
Rn207,555,Po-203,0.21,α
Rn209,1728,At-209,0.83,β+ & EC
Rn209,1728,Po-205,0.17,α
Rn210,8640,Po-206,0.96,α
Rn210,8640,At-210,0.04,EC
Rn211,52560,At-211,0.726,β+ & EC
Rn211,52560,Po-207,0.274,α
Rn212,1434,Po-208,1,α
Rn215,2.30E-06,Po-211,1,α
Rn216,4.50E-05,Po-212,1,α
Rn217,0.00054,Po-213,1,α
Rn218,0.035,Po-214,1,α
Rn219,3.96,Po-215,1,α
Rn220,55.6,Po-216,1,α
Rn222,330350.4,Po-218,1,α
Rn223,1458,Fr-223,1,β-
Fr212,1200,Rn-212,0.57,β+ & EC
Fr212,1200,At-208,0.43,α
Fr219,0.02,At-215,1,α
Fr220,27.4,At-216,0.9965,α
Fr220,27.4,Ra-220,0.0035,β-
Fr221,286.1,At-217,1,α
Fr222,852,Ra-222,1,β-
Fr223,1320,Ra-223,1,β-
Fr223,1320,At-219,6.00E-05,α
Fr224,199.8,Ra-224,1,β-
Fr227,148.2,Ra-227,1,β-
Ra219,0.01,Rn-215,1,α
Ra220,0.018,Rn-216,1,α
Ra221,28,Rn-217,1,α
Ra222,38,Rn-218,1,α
Ra223,987552,Rn-219,1,α
Ra224,313796.16,Rn-220,1,α
Ra225,1287360,Ac-225,1,β-
Ra226,50492160000,Rn-222,1,α
Ra227,2532,Ac-227,1,β-
Ra228,181456200,Ac-228,1,β-
Ra230,5580,Ac-230,1,β-
Ac223,126,Fr-219,0.99,α
Ac224,10008,Ra-224,0.909,EC
Ac224,10008,Fr-220,0.091,α
Ac225,857088,Fr-221,1,α
Ac226,105732,Th-226,0.83,β-
Ac226,105732,Ra-226,0.17,EC
Ac226,105732,Fr-222,6.00E-05,α
Ac227,687072067.2,Th-227,0.9862,β-
Ac227,687072067.2,Fr-223,0.0138,α
Ac228,22140,Th-228,1,β-
Ac230,122,Th-230,1,β-
Ac231,450,Th-231,1,β-
Ac232,119,Th-232,1,β-
Ac233,145,Th-233,1,β-
Th223,0.6,Ra-219,1,α
Th224,1.04,Ra-220,1,α
Th226,1834.2,Ra-222,1,α
Th227,1615420.8,Ra-223,1,α
Th228,60353910,Ra-224,1,α
Th229,2.50315E+11,Ra-225,1,α
Th230,2.37944E+12,Ra-226,1,α
Th231,91872,Pa-231,1,β-
Th232,4.42E+17,Ra-228,1,α
Th233,1309.8,Pa-233,1,β-
Th234,2082240,Pa-234m,1,β-
Th235,426,Pa-235,1,β-
Th236,2238,Pa-236,1,β-
Pa227,2298,Ac-223,0.85,α
Pa227,2298,Th-227,0.15,EC
Pa228,79200,Th-228,0.98,β+ & EC
Pa228,79200,Ac-224,0.02,α
Pa229,129600,Th-229,0.9952,EC
Pa229,129600,Ac-225,0.0048,α
Pa230,1503360,Th-230,0.916,EC
Pa230,1503360,U-230,0.084,β-
Pa230,1503360,Ac-226,3.20E-05,α
Pa231,1.03383E+12,Ac-227,1,α
Pa232,114048,U-232,1,β-
Pa232,114048,Th-232,3.00E-05,EC
Pa233,2330640,U-233,1,β-
Pa234,24120,U-234,1,β-
Pa235,1464,U-235m,0.9999,β-
Pa235,1464,U-235,0.00010109,β-
Pa236,546,U-236,1,β-
Pa237,522,U-237,1,β-
U227,66,Th-223,1,α
U228,546,Th-224,0.975,α
U230,1797120,Th-226,1,α
U231,362880,Pa-231,1,EC
U231,362880,Th-227,4.00E-05,α
U232,2174318640,Th-228,1,α
U233,5.02397E+12,Th-229,1,α
U234,7.74739E+12,Th-230,1,α
U235,2.22E+16,Th-231,1,α
U236,7.39079E+14,Th-232,1,α
U237,583200,Np-237,1,β-
U238,1.41E+17,Th-234,1,α
U238,1.41E+17,SF,5.45E-07,SF
U239,1407,Np-239,1,β-
U240,50760,Np-240m,1,β-
U242,1008,Np-242,1,β-
Np232,882,U-232,1,β+ & EC
Np233,2172,U-233,1,EC
Np233,2172,Pa-229,1.00E-05,α
Np234,380160,U-234,1,β+ & EC
Np235,34223040,U-235,0.99598,EC
Np235,34223040,U-235m,0.0039933,EC
Np235,34223040,Pa-231,2.60E-05,α
Np236,4.82831E+12,U-236,0.873,EC
Np236,4.82831E+12,Pu-236,0.125,β-
Np236,4.82831E+12,Pa-232,0.0016,α
Np237,6.76595E+13,Pa-233,1,α
Np238,182908.8,Pu-238,1,β-
Np239,203558.4,Pu-239,1,β-
Np240,3714,Pu-240,1,β-
Np241,834,Pu-241,1,β-
Np242,132,Pu-242,1,β-
Pu232,2028,Np-232,0.77,EC
Pu232,2028,U-228,0.23,α
Pu234,31680,Np-234,0.94,EC
Pu234,31680,U-230,0.06,α
Pu235,1518,Np-235,0.99997,EC
Pu235,1518,U-231,2.70E-05,α
Pu236,90191620.8,U-232,1,α
Pu236,90191620.8,SF,1.37E-09,SF
Pu237,3943296,Np-237,1,EC
Pu237,3943296,U-233,4.20E-05,α
Pu238,2767601520,U-234,1,α
Pu238,2767601520,SF,1.85E-09,SF
Pu239,7.60854E+11,U-235m,0.9994,α
Pu239,7.60854E+11,U-235,0.0006,α
Pu240,2.07049E+11,U-236,1,α
Pu240,2.07049E+11,SF,5.75E-08,SF
Pu241,452188850.4,Am-241,0.99998,β-
Pu241,452188850.4,U-237,2.45E-05,α
Pu242,1.18341E+13,U-238,1,α
Pu242,1.18341E+13,SF,5.54E-06,SF
Pu243,17841.6,Am-243,1,β-
Pu244,2.52461E+15,U-240,0.99879,α
Pu244,2.52461E+15,SF,0.00121,SF
Pu245,37800,Am-245,1,β-
Pu246,936576,Am-246m,1,β-
Am237,4416,Pu-237,0.99975,EC
Am237,4416,Np-233,0.00025,α
Am238,5880,Pu-238,1,β+ & EC
Am238,5880,Np-234,1.00E-06,α
Am239,42840,Pu-239,0.9999,EC
Am239,42840,Np-235,0.0001,α
Am240,182880,Pu-240,1,EC
Am240,182880,Np-236,1.90E-06,α
Am241,13651817760,Np-237,1,α
Am242,57672,Cm-242,0.827,β-
Am242,57672,Pu-242,0.173,EC
Am243,2.3239E+11,Np-239,1,α
Am244,36360,Cm-244,1,β-
Am245,7380,Cm-245,1,β-
Am246,2340,Cm-246,1,β-
Am247,1380,Cm-247,1,β-
Cm238,7920,Am-238,0.9616,EC
Cm238,7920,Pu-234,0.0384,α
Cm239,9720,Am-239,1,β+ & EC
Cm240,2332800,Pu-236,0.997,α
Cm240,2332800,SF,3.90E-08,SF
Cm241,2833920,Am-241,0.99,EC
Cm241,2833920,Pu-237,0.01,α
Cm242,14065920,Pu-238,1,α
Cm242,14065920,SF,6.37E-08,SF
Cm243,918326160,Pu-239,0.9976,α
Cm243,918326160,Am-243,0.0024,EC
Cm244,571192560,Pu-240,1,α
Cm244,571192560,SF,1.37E-06,SF
Cm245,2.6581E+11,Pu-241,1,α
Cm245,2.6581E+11,SF,6.10E-09,SF
Cm246,1.4851E+11,Pu-242,0.99974,α
Cm246,1.4851E+11,SF,0.000263,SF
Cm247,4.92299E+14,Pu-243,1,α
Cm248,1.0982E+13,Pu-244,0.9161,α
Cm248,1.0982E+13,SF,0.0839,SF
Cm249,3849,Bk-249,1,β-
Cm250,2.61928E+11,SF,0.74,SF
Cm250,2.61928E+11,Pu-246,0.18,α
Cm250,2.61928E+11,Bk-250,0.08,β-
Cm251,1008,Bk-251,1,β-
Bk245,427680,Cm-245,0.9988,EC
Bk245,427680,Am-241,0.0012,α
Bk246,155520,Cm-246,1,EC
Bk247,43549488000,Am-243,1,α
Bk249,28512000,Cf-249,1,β-
Bk249,28512000,Am-245,1.45E-05,α
Bk250,11563.2,Cf-250,1,β-
Bk251,3336,Cf-251,1,β-
Cf244,1164,Cm-240,1,α
Cf246,128520,Cm-242,1,α
Cf246,128520,SF,2.50E-06,SF
Cf247,11196,Bk-247,0.99965,EC
Cf247,11196,Cm-243,0.00035,α
Cf248,28814400,Cm-244,0.99997,α
Cf248,28814400,SF,2.90E-05,SF
Cf249,11076717600,Cm-245,1,α
Cf249,11076717600,SF,5.02E-09,SF
Cf250,412773408,Cm-246,0.99923,α
Cf250,412773408,SF,0.00077,SF
Cf251,28338724800,Cm-247,1,α
Cf252,83469852,Cm-248,0.96908,α
Cf252,83469852,SF,0.03092,SF
Cf253,1538784,Es-253,0.9969,β-
Cf253,1538784,Cm-249,0.0031,α
Cf254,5227200,SF,0.9969,SF
Cf254,5227200,Cm-250,0.0031,α
Cf255,5100,Es-255,1,β-
Es249,6132,Cf-249,0.9943,β+ & EC
Es249,6132,Bk-245,0.0057,α
Es250,30960,Cf-250,0.985,EC
Es251,118800,Cf-251,0.995,EC
Es251,118800,Bk-247,0.005,α
Es253,1768608,Bk-249,1,α
Es253,1768608,SF,8.90E-08,SF
Es254,23820480,Bk-250,1,α
Es254,23820480,Fm-254,1.74E-06,β-
Es254,23820480,SF,3.00E-08,SF
Es255,3438720,Fm-255,0.92,β-
Es255,3438720,Bk-251,0.08,α
Es255,3438720,SF,4.50E-05,SF
Es256,1524,Fm-256,1,β-
Fm251,19080,Es-251,0.982,β+ & EC
Fm251,19080,Cf-247,0.018,α
Fm252,91404,Cf-248,0.99998,α
Fm252,91404,SF,2.30E-05,SF
Fm253,259200,Es-253,0.88,EC
Fm253,259200,Cf-249,0.12,α
Fm254,11664,Cf-250,0.99941,α
Fm254,11664,SF,0.000592,SF
Fm255,72252,Cf-251,1,α
Fm255,72252,SF,2.30E-07,SF
Fm256,9456,SF,0.919,SF
Fm256,9456,Cf-252,0.081,α
Fm257,8683200,Cf-253,0.9979,α
Fm257,8683200,SF,0.0021,SF
