parent_nuclide,parent_original,production_rate,nuclide,original_nuclide,atom_number,activity_Bq,is_stable,decay_constant,half_life
Fe52,Fe52,1.7e-09,Fe52,Fe52,364815199746.9,8488439.984222123,False,2.3267780482039118e-05,29790.0
Fe52,Fe52,1.7e-09,Mn52m,Mn-52m,15503727520.693964,8488439.983521841,False,0.0005475096212953754,1266.0
Fe52,Fe52,1.7e-09,Cr52,Cr-52,6832003601159.588,0.0,True,0.0,稳定
Fe52,Fe52,1.7e-09,Mn52,Mn-52,71505582460.1665,102603.49983058314,False,1.4349019517146133e-06,483062.4
Fe53,Fe53,4e-10,Fe53,Fe53,1471276514.7167816,1997280.0000000002,False,0.0013575150422247264,510.59999999999997
Fe53,Fe53,4e-10,Mn53,Mn-53,1724178640380.9539,0.01023555285053802,False,5.93648048457235e-15,116760626496000.0
Fe53,Fe53,4e-10,Cr53,Cr-53,0.0,0.0,True,0.0,稳定
Fe55,Fe55,1e-10,Fe55,Fe55,429920272441.8737,3450.1970175048887,False,8.025201970375482e-09,86371306.68096001
Fe55,Fe55,1e-10,Mn55,Mn-55,1492207558.1262817,0.0,True,0.0,稳定
Fe62,Fe62,1e-10,Fe62,Fe62,48984921.171534054,499320.0,False,0.01019334089058743,68.0
Fe62,Fe62,1e-10,Co62,Co-62,64832983.903500944,499319.99999999994,False,0.007701635339554948,90.0
Fe62,Fe62,1e-10,Ni62,Ni-62,431298662094.9249,0.0,True,0.0,稳定
Co55,Co55,3.1e-09,Co55,Co55,1409180963181.783,15477749.437919136,False,1.0983507329656228e-05,63108.00000000001
Co55,Co55,3.1e-09,Fe55,Fe-55,11927062101572.45,95717.08227832995,False,8.025201970375482e-09,86371306.68096001
Co55,Co55,3.1e-09,Mn55,Mn-55,37543815245.866684,0.0,True,0.0,稳定
Co56,Co56,4.8e-09,Co56,Co56,19805714236155.67,2057387.9521977513,False,1.0387850332819375e-07,6672672.0
Co56,Co56,4.8e-09,Fe56,Fe-56,902084803844.3281,0.0,True,0.0,稳定
Co57,Co57,2.7e-09,Co57,Co57,11500833285566.408,339537.27240211266,False,2.952284099520278e-08,23478336.0
Co57,Co57,2.7e-09,Fe57,Fe-57,147303674433.59375,0.0,True,0.0,稳定
Co58,Co58,1.2e-09,Co58,Co58,4931805115655.33,558362.8011591072,False,1.1321672046339831e-07,6122304.0
Co58,Co58,1.2e-09,Fe58,Fe-58,245144644344.66992,0.0,True,0.0,稳定
Co60,Co60,2e-10,Co60,Co60,861273650487.0637,3588.8408185027433,False,4.1668995869932835e-09,166346024.445504
Co60,Co60,2e-10,Ni60,Ni-60,1551309512.9362793,0.0,True,0.0,稳定
Co61,Co61,1e-10,Co61,Co61,4278976937.631063,499320.0,False,0.00011669144453871133,5940.0
Co61,Co61,1e-10,Ni61,Ni-61,427133503062.36896,0.0,True,0.0,稳定
Ni56,Ni56,4e-09,Ni56,Ni56,10291971844747.0,13591394.731345683,False,1.3205821912817126e-06,524880.0
Ni56,Ni56,4e-09,Co56,Co-56,6743219354162.621,700475.5341241224,False,1.0387850332819375e-07,6672672.0
Ni56,Ni56,4e-09,Fe56,Fe-56,221308001090.3824,0.0,True,0.0,稳定
Ni57,Ni57,6.9e-09,Ni57,Ni57,6310699185758.512,34131112.26568707,False,5.408451783395328e-06,128160.0
Ni57,Ni57,6.9e-09,Co57,Co-57,23206998072126.332,685136.5140593632,False,2.952284099520278e-08,23478336.0
Ni57,Ni57,6.9e-09,Fe57,Fe-57,249763862115.09805,0.0,True,0.0,稳定
Ni59,Ni59,6.5e-09,Ni59,Ni59,28041808571412.816,6.098393094498333,False,2.1747502765265047e-13,3187249534080.0
Ni59,Ni59,6.5e-09,Co59,Co-59,2628587.18359375,0.0,True,0.0,稳定
Ni63,Ni63,1e-10,Ni63,Ni63,431371587308.30597,94.65601733988609,False,2.1943034758159538e-10,3158848300.608
Ni63,Ni63,1e-10,Cu63,Cu-63,40892691.69403076,0.0,True,0.0,稳定
Cu57,Cu57,2.1e-09,Cu57,Cu57,2969566.772726689,10485720.000000002,False,3.531060522465335,0.1963
Cu57,Cu57,2.1e-09,Ni57,Ni-57,1920647550523.367,10387729.669901973,False,5.408451783395328e-06,128160.0
Cu57,Cu57,2.1e-09,Co57,Co-57,7062996530493.033,208519.72351941472,False,2.952284099520278e-08,23478336.0
Cu57,Cu57,2.1e-09,Fe57,Fe-57,0.0,0.0,True,0.0,稳定
Cu59,Cu59,1.4e-08,Cu59,Cu59,8219381625.988286,69904800.0,False,0.008504873381103624,81.5
Cu59,Cu59,1.4e-08,Ni59,Ni-59,60389522158345.82,13.133213001316605,False,2.1747502765265047e-13,3187249534080.0
Cu59,Cu59,1.4e-08,Co59,Co-59,5666111.71875,0.0,True,0.0,稳定
Cu60,Cu60,2.29e-08,Cu60,Cu60,234578702359.64713,114344280.0,False,0.00048744527465537644,1422.0
Cu60,Cu60,2.29e-08,Ni60,Ni-60,98558879217640.36,0.0,True,0.0,稳定
Cu61,Cu61,2.39e-08,Cu61,Cu61,2065804485949.5247,119337480.0,False,5.776804185084719e-05,11998.800000000001
Cu61,Cu61,2.39e-08,Ni61,Ni-61,101041778234050.47,0.0,True,0.0,稳定
Cu62,Cu62,1.53e-08,Cu62,Cu62,63967204236.4536,76395960.0,False,0.0011942988741168636,580.38
Cu62,Cu62,1.53e-08,Ni62,Ni-62,65942142235763.55,0.0,True,0.0,稳定
Cu64,Cu64,1.8e-09,Cu64,Cu64,592831590931.8014,8987741.596702646,False,1.5160699487312889e-05,45720.0
Cu64,Cu64,1.8e-09,Ni64,Ni-64,4375281759931.601,0.0,True,0.0,稳定
Cu64,Cu64,1.8e-09,Zn64,Zn-64,2797311289136.5977,0.0,True,0.0,稳定
Cu69,Cu69,1e-10,Cu69,Cu69,123182669.4166518,499320.0,False,0.004053492283976288,171.0
Cu69,Cu69,1e-10,Zn69,Zn-69,2437720194.771636,499320.00000000006,False,0.00020483072711582307,3384.0
Cu69,Cu69,1e-10,Ga69,Ga-69,428851577135.81177,0.0,True,0.0,稳定
Zn60,Zn60,1.2e-08,Zn60,Zn60,12344200135.22658,59918400.0,False,0.004853971852660682,142.79999999999998
Zn60,Zn60,1.2e-08,Cu60,Cu-60,122923337481.0378,59918400.0,False,0.00048744527465537644,1422.0
Zn60,Zn60,1.2e-08,Ni60,Ni-60,51634230062383.74,0.0,True,0.0,稳定
Zn61,Zn61,4.2e-09,Zn61,Zn61,2695755470.70757,20971440.000000004,False,0.007779429635914089,89.1
Zn61,Zn61,4.2e-09,Cu61,Cu-61,363028403388.6195,20971440.000000007,False,5.776804185084719e-05,11998.800000000001
Zn61,Zn61,4.2e-09,Ni61,Ni-61,17753600001140.676,0.0,True,0.0,稳定
Zn62,Zn62,9e-10,Zn62,Zn62,214400081523.34726,4493879.938666648,False,2.0960252938044166e-05,33069.6
Zn62,Zn62,9e-10,Cu62,Cu-62,3762776667.5188804,4493879.937571003,False,0.0011942988741168636,580.38
Zn62,Zn62,9e-10,Ni62,Ni-62,3664549461809.134,0.0,True,0.0,稳定
Zn63,Zn63,2e-10,Zn63,Zn63,3325499854.3569083,998640.0,False,0.0003002977127458389,2308.2
Zn63,Zn63,2e-10,Cu63,Cu-63,859499460145.6431,0.0,True,0.0,稳定
Zn64,Zn64,1e-10,Zn64,Zn64,431412480000.0,0.0,True,0.0,稳定
Zn71,Zn71,1e-10,Zn71,Zn71,105893873.70905155,499320.0,False,0.004715286942584662,147.0
Zn71,Zn71,1e-10,Ga71,Ga-71,431306586126.29095,0.0,True,0.0,稳定
Zn72,Zn72,7e-10,Zn72,Zn72,820536762158.0016,3397567.1638925043,False,4.140664161051047e-06,167400.0
Zn72,Zn72,7e-10,Ga72,Ga-72,245696010178.88727,3355072.827626543,False,1.3655381807721538e-05,50760.0
Zn72,Zn72,7e-10,Ge72,Ge-72,1953654587663.1113,0.0,True,0.0,稳定
Ga64,Ga64,3.3e-09,Ga64,Ga64,3746957471.7189336,16477560.0,False,0.004397583939601227,157.61999999999998
Ga64,Ga64,3.3e-09,Zn64,Zn-64,14232864882528.281,0.0,True,0.0,稳定
Ga65,Ga65,5e-10,Ga65,Ga65,3284871184.4440484,2496600.0,False,0.000760029803245554,912.0
Ga65,Ga65,5e-10,Zn65,Zn-65,2123526276825.3066,69802.7850821832,False,3.2871166156012474e-08,21086784.0
Ga65,Ga65,5e-10,Cu65,Cu-65,30251251990.2492,0.0,True,0.0,稳定
Ga73,Ga73,1e-10,Ga73,Ga73,12603532070.840569,499319.99999999936,False,3.9617465738451376e-05,17496.0
Ga73,Ga73,1e-10,Ge73,Ge-73,418808947929.1594,0.0,True,0.0,稳定
Ga74,Ga74,4e-10,Ga74,Ga74,1403850211.4571404,1997280.0,False,0.0014227158878488205,487.19999999999993
Ga74,Ga74,4e-10,Ge74,Ge-74,1724246069788.543,0.0,True,0.0,稳定
Ge77,Ge77,2.3e-09,Ge77,Ge77,674003428324.9235,11484355.359664647,False,1.7039016237953423e-05,40680.0
Ge77,Ge77,2.3e-09,As77,As-77,2271037152890.487,11261073.908153247,False,4.958559966234192e-06,139788.0
Ge77,Ge77,2.3e-09,Se77,Se-77,6977446458784.589,0.0,True,0.0,稳定
Ge78,Ge78,1.48e-08,Ge78,Ge78,562923188239.4642,73899360.0,False,0.00013127787510605024,5280.0
Ge78,Ge78,1.48e-08,As78,As-78,580194695151.3569,73899360.00000001,False,0.00012736993395074335,5442.0
Ge78,Ge78,1.48e-08,Se78,Se-78,62705929156609.17,0.0,True,0.0,稳定
As68,As68,1.3e-09,As68,As68,1419698274.1891074,6491160.0,False,0.004572210953561645,151.6
As68,As68,1.3e-09,Ge68,Ge-68,5535849364739.023,163910.51970661434,False,2.960891977130985e-08,23410080.0
As68,As68,1.3e-09,Ga68,Ga-68,954257977.5864172,162812.29426742988,False,0.00017061664465119514,4062.5999999999995
As68,As68,1.3e-09,Zn68,Zn-68,0.0,0.0,True,0.0,稳定
As69,As69,3e-10,As69,As69,1974812689.7006392,1497960.0,False,0.0007585326992339081,913.8000000000001
As69,As69,3e-10,Ge69,Ge-69,299489088680.60693,1476668.2133122075,False,4.930624417128648e-06,140580.0
As69,As69,3e-10,Ga69,Ga-69,992773538629.6924,0.0,True,0.0,稳定
As77,As77,1e-10,As77,As77,99310490477.92706,492437.02231093106,False,4.958559966234192e-06,139788.0
As77,As77,1e-10,Se77,Se-77,332101989522.07294,0.0,True,0.0,稳定
As78,As78,1e-10,As78,As78,3920234426.698357,499320.0,False,0.00012736993395074335,5442.0
As78,As78,1e-10,Se78,Se-78,427492245573.30164,0.0,True,0.0,稳定
As79,As79,1.3e-09,As79,As79,5062591603.078044,6491160.0,False,0.001282181244099048,540.6
As79,As79,1.3e-09,Se79m,Se-79m,2140655669.9913428,6308628.580800001,False,0.002947054339115414,235.2
As79,As79,1.3e-09,Se79,Se-79,5440545618449.619,0.405089707425768,False,7.445755184039897e-14,9309293193600.0
As79,As79,1.3e-09,Br79,Br-79,0.0,0.0,True,0.0,稳定
Se70,Se70,4e-10,Se70,Se70,7105695035.823704,1997280.0,False,0.00028108158173558204,2466.0
Se70,Se70,4e-10,As70,As-70,9093906542.197733,1997279.9999999998,False,0.0002196283842078407,3156.0
Se70,Se70,4e-10,Ge70,Ge-70,1709450318421.9788,0.0,True,0.0,稳定
Se71,Se71,1e-10,Se71,Se71,204872229.13506302,499320.0,False,0.002437226373276882,284.40000000000003
Se71,Se71,1e-10,As71,As-71,156035227772.82516,460219.9848463143,False,2.949462063248678e-06,235008.0
Se71,Se71,1e-10,Ge71,Ge-71,219584250246.31424,154122.72361718895,False,7.018842355237448e-07,987552.0
Se71,Se71,1e-10,Ga71,Ga-71,0.0,0.0,True,0.0,稳定
Se81,Se81,2.1e-09,Se81,Se81,16746359742.2743,10485720.000000002,False,0.0006261492145979632,1107.0
Se81,Se81,2.1e-09,Br81,Br-81,9042915720257.729,0.0,True,0.0,稳定
Se83,Se83,3.61e-08,Se83,Se83,347949980212.23584,180254520.0,False,0.0005180472201494359,1338.0
Se83,Se83,3.61e-08,Br83,Br-83,2246851890159.729,180254520.0,False,8.022536812036404e-05,8640.0
Se83,Se83,3.61e-08,Kr83m,Kr-83m,1710569068169.1106,179975125.494,False,0.00010521359753490366,6588.0
Se83,Se83,3.61e-08,Kr83,Kr-83,0.0,0.0,True,0.0,稳定
Se84,Se84,1.13e-07,Se84,Se84,151406628409.3092,564231600.0,False,0.0037265977449459425,186.0
Se84,Se84,1.13e-07,Br84,Br-84,1553138962392.2688,564231600.0,False,0.00036328468582806357,1908.0
Se84,Se84,1.13e-07,Kr84,Kr-84,485791556809198.4,0.0,True,0.0,稳定
Br83,Br83,1e-09,Br83,Br83,62239664547.360916,4993200.0,False,8.022536812036404e-05,8640.0
Br83,Br83,1e-09,Kr83m,Kr-83m,47384184713.82578,4985460.54,False,0.00010521359753490366,6588.0
Br83,Br83,1e-09,Kr83,Kr-83,4197910528778.8613,0.0,True,0.0,稳定
Br84,Br84,6e-09,Br84,Br84,82467555525.2532,29959200.0,False,0.00036328468582806357,1908.0
Br84,Br84,6e-09,Kr84,Kr-84,25802281244474.746,0.0,True,0.0,稳定
Br85,Br85,2.23e-08,Br85,Br85,27951660460.26271,111348360.0,False,0.003983604485976697,174.0
Br85,Br85,2.23e-08,Kr85m,Kr-85m,2585104035767.42,111102280.12439997,False,4.297787577876644e-05,16128.000000000002
Br85,Br85,2.23e-08,Rb85,Rb-85,73396189618076.89,0.0,True,0.0,稳定
Br85,Br85,2.23e-08,Kr85,Kr-85,19966034016387.055,40772.916863386105,False,2.0421139636405443e-09,339426296.91648
Kr85,Kr85,8e-10,Kr85,Kr85,3448256916532.72,7041.733599471555,False,2.0421139636405443e-09,339426296.91648
Kr85,Kr85,8e-10,Rb85,Rb-85,3042923467.279785,0.0,True,0.0,稳定
Kr87,Kr87,2.26e-08,Kr87,Kr87,745311338556.7931,112846320.0,False,0.00015140829632152584,4578.0
Kr87,Kr87,2.26e-08,Rb87,Rb-87,96748357652340.61,4.3166271121976845e-05,False,4.461705828339974e-19,1.5535474709184e+18
Kr87,Kr87,2.26e-08,Sr87,Sr-87,-28888657920.0,0.0,True,0.0,稳定
Kr88,Kr88,8.83e-08,Kr88,Kr88,6503318815779.496,440899560.0,False,6.77960857355189e-05,10224.0
Kr88,Kr88,8.83e-08,Rb88,Rb-88,678573993806.1001,440899560.0,False,0.0006497442637419809,1066.8000000000002
Kr88,Kr88,8.83e-08,Sr88,Sr-88,373755327030414.4,0.0,True,0.0,稳定
Kr89,Kr89,1.93e-07,Kr89,Kr89,262768083760.88934,963687600.0,False,0.0036674453997880704,189.0
Kr89,Kr89,1.93e-07,Rb89,Rb-89,1263789355230.944,963687600.0,False,0.0007625381524311829,909.0
Kr89,Kr89,1.93e-07,Sr89,Sr-89,776711138648585.9,123316716.84399348,False,1.5876779758631315e-07,4365792.0
Kr89,Kr89,1.93e-07,Y89,Y-89,0.0,0.0,True,0.0,稳定
Rb86,Rb86,1e-10,Rb86,Rb86,360289680992.7509,155049.73869548313,False,4.303474311788651e-07,1610668.8
Rb86,Rb86,1e-10,Sr86,Sr-86,71119242867.2987,0.0,True,0.0,稳定
Rb86,Rb86,1e-10,Kr86,Kr-86,3698385.548376955,0.0,True,0.0,稳定
Rb87,Rb87,6e-10,Rb87,Rb87,2588327495333.552,1.1548355871582316e-06,False,4.461705828339974e-19,1.5535474709184e+18
Rb87,Rb87,6e-10,Sr87,Sr-87,147384666.4482422,0.0,True,0.0,稳定
Rb88,Rb88,3.7e-09,Rb88,Rb88,28434017860.50476,18474840.0,False,0.0006497442637419809,1066.8000000000002
Rb88,Rb88,3.7e-09,Sr88,Sr-88,15933827742139.496,0.0,True,0.0,稳定
Rb89,Rb89,1.94e-08,Rb89,Rb89,127033748660.51974,96868079.99999999,False,0.0007625381524311829,909.0
Rb89,Rb89,1.94e-08,Sr89,Sr-89,78096587935802.97,12399223.26557327,False,1.5876779758631315e-07,4365792.0
Rb89,Rb89,1.94e-08,Y89,Y-89,5470399435536.6045,0.0,True,0.0,稳定
Rb90,Rb90,5.65e-08,Rb90,Rb90,64307116367.39478,282115800.0,False,0.004387007471898388,158.0
Rb90,Rb90,5.65e-08,Sr90,Sr-90,243603467394829.25,185854.2810561019,False,7.629377489724798e-10,908523901.8432001
Rb90,Rb90,5.65e-08,Y90,Y-90,39810122648.9755,119579.97171036138,False,3.0037579327437396e-06,230759.99999999997
Rb90,Rb90,5.65e-08,Zr90,Zr-90,0.0,0.0,True,0.0,稳定
Sr89,Sr89,8e-10,Sr89,Sr89,3225045823573.515,512033.4225237044,False,1.5876779758631315e-07,4365792.0
Sr89,Sr89,8e-10,Y89,Y-89,226254016426.48486,0.0,True,0.0,稳定
Sr90,Sr90,3.3e-09,Sr90,Sr90,14231920638644.598,10858.069495602487,False,7.629377489724798e-10,908523901.8432001
Sr90,Sr90,3.3e-09,Y90,Y-90,2326075357.198319,6986.967306344179,False,3.0037579327437396e-06,230759.99999999997
Sr90,Sr90,3.3e-09,Zr90,Zr-90,2365126002.7258873,0.0,True,0.0,稳定
Sr91,Sr91,1.78e-08,Sr91,Sr91,4445312301304.933,88878957.20427933,False,1.999386121379789e-05,34668.0
Sr91,Sr91,1.78e-08,Y91m,Y-91m,222762489995.95602,51769326.04949036,False,0.00023239696256955185,2982.6
Sr91,Sr91,1.78e-08,Y91,Y-91,39665635670951.625,5438711.713263267,False,1.3711394312145624e-07,5055264.0
Sr91,Sr91,1.78e-08,Zr91,Zr-91,0.0,0.0,True,0.0,稳定
Sr92,Sr92,6.97e-08,Sr92,Sr92,4808065952670.753,348026040.0,False,7.238379078529086e-05,9576.0
Sr92,Sr92,6.97e-08,Y92,Y-92,6398704312952.807,348026040.0,False,5.439008008160274e-05,12744.0
Sr92,Sr92,6.97e-08,Zr92,Zr-92,289487728294376.44,0.0,True,0.0,稳定
Sr93,Sr93,1.64e-07,Sr93,Sr93,526172395203.8185,818884800.0000001,False,0.001556305133952906,445.38
Sr93,Sr93,1.64e-07,Y93,Y-93,43295981808858.14,818884733.6930993,False,1.891364277886775e-05,36648.0
Sr93,Sr93,1.64e-07,Zr93,Zr-93,663694311857847.6,9.528124719766938,False,1.4356194635893918e-14,48282096902400.0
Sr93,Sr93,1.64e-07,Nb93m,Nb-93m,0.0,0.0,False,1.3617469183457963e-09,509013217.6704
Sr93,Sr93,1.64e-07,Nb93,Nb-93,0.0,0.0,True,0.0,稳定
Sr94,Sr94,2.49e-07,Sr94,Sr94,135066555366.16354,1243306800.0,False,0.009205141840105515,75.3
Sr94,Sr94,2.49e-07,Y94,Y-94,2012545486332.4763,1243306800.0,False,0.0006177782357931777,1122.0
Sr94,Sr94,2.49e-07,Zr94,Zr-94,1072069463158301.2,0.0,True,0.0,稳定
Y81,Y81,7e-10,Y81,Y81,354996605.1960586,3495240.0,False,0.009845840632953767,70.4
Y81,Y81,7e-10,Sr81,Sr-81,6746952524.890999,3495239.9999999995,False,0.0005180472201494359,1338.0
Y81,Y81,7e-10,Rb81,Rb-81,82949585959.79082,3490206.8543999996,False,4.207624202116995e-05,16473.6
Y81,Y81,7e-10,Kr81m,Kr-81m,0.0,0.0,False,0.05291199851602636,13.1
Y81,Y81,7e-10,Kr81,Kr-81,0.0,0.0,False,9.591693359352706e-14,7226536072320.0
Y81,Y81,7e-10,Rb81m,Rb-81m,13308469.749221204,5040.835128,False,0.00037876895112565315,1830.0
Y92,Y92,1.2e-09,Y92,Y92,110164206248.82881,5991840.0,False,5.439008008160274e-05,12744.0
Y92,Y92,1.2e-09,Zr92,Zr-92,5066785553751.171,0.0,True,0.0,稳定
Y93,Y93,9.5e-09,Y93,Y93,2507998948712.823,47435396.2057302,False,1.891364277886775e-05,36648.0
Y93,Y93,9.5e-09,Zr93,Zr-93,38476186585006.55,0.5523716234613245,False,1.4356194635893918e-14,48282096902400.0
Y93,Y93,9.5e-09,Nb93m,Nb-93m,219269.81915146654,0.0002985900005157496,False,1.3617469183457963e-09,509013217.6704
Y93,Y93,9.5e-09,Nb93,Nb-93,0.0,0.0,True,0.0,稳定
Y94,Y94,4.83e-08,Y94,Y94,390385329276.5406,241171560.0,False,0.0006177782357931777,1122.0
Y94,Y94,4.83e-08,Zr94,Zr-94,207981842510723.47,0.0,True,0.0,稳定
Y95,Y95,9.78e-08,Y95,Y95,435392386702.35095,488334960.0,False,0.001121597379546837,618.0
Y95,Y95,9.78e-08,Zr95,Zr-95,399496310463693.56,50052690.170035385,False,1.2528949294159802e-07,5532364.8
Y95,Y95,9.78e-08,Nb95,Nb-95,20373772198733.43,4671182.231556195,False,2.292742937337145e-07,3023222.4
Y95,Y95,9.78e-08,Mo95,Mo-95,0.0,0.0,True,0.0,稳定
Y95,Y95,9.78e-08,Nb95m,Nb-95m,136841099950.20134,304103.258102505,False,2.2223093662150703e-06,311904.0
Zr95,Zr95,6.7e-09,Zr95,Zr95,27395126924254.812,3432321.5614106054,False,1.2528949294159802e-07,5532364.8
Zr95,Zr95,6.7e-09,Nb95,Nb-95,1398488104286.7786,320637.3724053524,False,2.292742937337145e-07,3023222.4
Zr95,Zr95,6.7e-09,Mo95,Mo-95,633398857118.8053,0.0,True,0.0,稳定
Zr95,Zr95,6.7e-09,Nb95m,Nb-95m,9389044224.89447,20865.360920790496,False,2.2223093662150703e-06,311904.0
Zr97,Zr97,9.56e-08,Zr97,Zr97,41509936802365.26,477326797.98702335,False,1.149909719833216e-05,60278.4
Zr97,Zr97,9.56e-08,Nb97,Nb-97,2979032523590.4595,477325010.2919801,False,0.00016022819707811958,4326.0
Zr97,Zr97,9.56e-08,Mo97,Mo-97,367941361554044.25,0.0,True,0.0,稳定
Nb87,Nb87,8e-10,Nb87,Nb87,1296659678.070019,3994560.0,False,0.003080654135821979,225.0
Nb87,Nb87,8e-10,Zr87,Zr-87,34854212146.52211,3994560.0,False,0.0001146076687433772,6048.0
Nb87,Nb87,8e-10,Y87m,Y-87m,276559134800.2937,3982718.036751463,False,1.440096361173326e-05,48132.0
Nb87,Nb87,8e-10,Y87,Y-87,0.0,0.0,False,2.412793026176362e-06,287280.0
Nb87,Nb87,8e-10,Sr87,Sr-87,0.0,0.0,True,0.0,稳定
Nb88,Nb88,1e-10,Nb88,Nb88,626718844.4005092,499320.00000000006,False,0.0007967208971953394,870.0
Nb88,Nb88,1e-10,Zr88,Zr-88,413394585408.3444,39765.866658692685,False,9.619348695487293e-08,7205760.000000001
Nb88,Nb88,1e-10,Y88,Y-88,17018459492.986227,1280.1801947176034,False,7.522303621224945e-08,9214560.0
Nb88,Nb88,1e-10,Sr88,Sr-88,0.0,0.0,True,0.0,稳定
Nb90,Nb90,1e-10,Nb90,Nb90,37862036245.418144,499314.3773548334,False,1.3187731745813266e-05,52560.0
Nb90,Nb90,1e-10,Zr90,Zr-90,393550443754.58185,0.0,True,0.0,稳定
Nb96,Nb96,3e-10,Nb96,Nb96,181515747387.01294,1496753.8487811002,False,8.245862247917504e-06,84060.0
Nb96,Nb96,3e-10,Mo96,Mo-96,1112721692612.987,0.0,True,0.0,稳定
Nb97,Nb97,2.3e-09,Nb97,Nb97,71675024804.78375,11484360.0,False,0.00016022819707811958,4326.0
Nb97,Nb97,2.3e-09,Mo97,Mo-97,9850812015195.217,0.0,True,0.0,稳定
Nb99,Nb99,5.26e-08,Nb99,Nb99,5683691588.873584,262642320.0,False,0.046209812037329684,15.0
Nb99,Nb99,5.26e-08,Mo99,Mo-99,82730649288071.16,241568582.12819806,False,2.9199406049268075e-06,237384.0
Nb99,Nb99,5.26e-08,Tc99m,Tc-99m,6562685914672.698,210072376.40416765,False,3.20101219432874e-05,21654.0
Nb99,Nb99,5.26e-08,Tc99,Tc-99,0.0,0.0,False,1.0405010797213499e-13,6661667095488.0
Nb99,Nb99,5.26e-08,Ru99,Ru-99,0.0,0.0,True,0.0,稳定
Mo89,Mo89,4e-10,Mo89,Mo89,364793589.4303654,1997280.0000000002,False,0.005475096212953754,126.6
Mo89,Mo89,4e-10,Nb89,Nb-89,21057753171.857105,1997279.9999999998,False,9.484772585658803e-05,7307.999999999999
Mo89,Mo89,4e-10,Zr89,Zr-89,704501291567.8583,1729949.0000960086,False,2.45556540605629e-06,282276.0
Mo89,Mo89,4e-10,Y89,Y-89,0.0,0.0,True,0.0,稳定
Mo89,Mo89,4e-10,Zr89m,Zr-89m,8832631.000170281,24522.603840000003,False,0.0027763645780659514,249.65999999999997
Mo99,Mo99,8e-10,Mo99,Mo99,1258267761714.494,3674067.1293005194,False,2.9199406049268075e-06,237384.0
Mo99,Mo99,8e-10,Tc99m,Tc-99m,99813324314.69516,3195036.682878285,False,3.20101219432874e-05,21654.0
Mo99,Mo99,8e-10,Tc99,Tc-99,1824060690606.4834,0.1897937118053317,False,1.0405010797213499e-13,6661667095488.0
Mo99,Mo99,8e-10,Ru99,Ru-99,0.0,0.0,True,0.0,稳定
Mo101,Mo101,3.9e-08,Mo101,Mo101,246274572655.83868,194734800.0,False,0.0007907223141226847,876.5999999999999
Mo101,Mo101,3.9e-08,Tc101,Tc-101,239363376571.72552,194734800.0,False,0.0008135530288262268,852.0
Mo101,Mo101,3.9e-08,Ru101,Ru-101,167765229250772.44,0.0,True,0.0,稳定
Mo102,Mo102,1.19e-07,Mo102,Mo102,581206089700.2516,594190800.0,False,0.0010223409742772054,678.0
Mo102,Mo102,1.19e-07,Tc102,Tc-102,4526206716.249747,594190800.0000001,False,0.13127787510605024,5.28
Mo102,Mo102,1.19e-07,Ru102,Ru-102,512795118903583.44,0.0,True,0.0,稳定
Tc91,Tc91,1.8e-09,Tc91,Tc91,2442906833.483916,8987760.0,False,0.0036791251622077773,188.4
Tc91,Tc91,1.8e-09,Mo91,Mo-91,11967037985.747837,8925025.4352,False,0.0007458007107380518,929.4
Tc91,Tc91,1.8e-09,Nb91,Nb-91,7694104995168.168,248.53065493418518,False,3.2301437930761316e-11,21458709734.4
Tc91,Tc91,1.8e-09,Zr91,Zr-91,0.0,0.0,True,0.0,稳定
Tc91,Tc91,1.8e-09,Nb91m,Nb-91m,2493937504.1983204,328.7496785137893,False,1.3181953355301354e-07,5258304.0
Tc91,Tc91,1.8e-09,Mo91m,Mo-91m,5845820.814824724,62724.678263999995,False,0.010729832516407823,64.6
Tc92,Tc92,2e-10,Tc92,Tc92,367386908.78650534,998639.9999999999,False,0.0027182242374899817,255.0
Tc92,Tc92,2e-10,Mo92,Mo-92,862457573091.2135,0.0,True,0.0,稳定
Tc93,Tc93,1e-10,Tc93,Tc93,7131628229.385104,499319.99999999994,False,7.00148667232268e-05,9900.0
Tc93,Tc93,1e-10,Mo93,Mo-93,424279861647.10114,2.329824434765192,False,5.491244448229424e-12,126227704320.00002
Tc93,Tc93,1e-10,Nb93m,Nb-93m,870975.1951083574,0.0011860477878944343,False,1.3617469183457963e-09,509013217.6704
Tc93,Tc93,1e-10,Nb93,Nb-93,0.0,0.0,True,0.0,稳定
Tc101,Tc101,3e-10,Tc101,Tc101,1841256742.859427,1497960.0,False,0.0008135530288262268,852.0
Tc101,Tc101,3e-10,Ru101,Ru-101,1292396183257.1406,0.0,True,0.0,稳定
Tc102,Tc102,2.7e-09,Tc102,Tc102,102695446.50314552,13481640.0,False,0.13127787510605024,5.28
Tc102,Tc102,2.7e-09,Ru102,Ru-102,11648034264553.498,0.0,True,0.0,稳定
Tc104,Tc104,4.5e-08,Tc104,Tc104,355933081630.2202,224694000.0,False,0.000631281585209422,1098.0
Tc104,Tc104,4.5e-08,Ru104,Ru-104,193779682918369.78,0.0,True,0.0,稳定
Tc105,Tc105,1.04e-07,Tc105,Tc105,341626603182.181,519292800.0,False,0.001520059606491108,456.0
Tc105,Tc105,1.04e-07,Ru105,Ru-105,11974911458912.24,519292800.0,False,4.336506384884542e-05,15984.000000000002
Tc105,Tc105,1.04e-07,Rh105,Rh-105,94376833559669.6,513897028.12390184,False,5.445160732151406e-06,127296.0
Tc105,Tc105,1.04e-07,Pd105,Pd-105,0.0,0.0,True,0.0,稳定
Ru92,Ru92,4.9e-09,Ru92,Ru92,7730252780.760763,24466680.0,False,0.003165055618995184,219.0
Ru92,Ru92,4.9e-09,Tc92,Tc-92,9000979265.26938,24466679.999999996,False,0.0027182242374899817,255.0
Ru92,Ru92,4.9e-09,Mo92,Mo-92,21122480287953.97,0.0,True,0.0,稳定
Ru94,Ru94,2.9e-09,Ru94,Ru94,64928072279.89275,14480280.0,False,0.00022302032836549077,3108.0
Ru94,Ru94,2.9e-09,Tc94m,Tc-94m,65178759817.652954,14480280.0,False,0.00022216255787177734,3120.0
Ru94,Ru94,2.9e-09,Mo94,Mo-94,12380855087902.453,0.0,True,0.0,稳定
Ru95,Ru95,3.1e-09,Ru95,Ru95,132085534766.28056,15478920.0,False,0.0001171886083316334,5914.8
Ru95,Ru95,3.1e-09,Tc95,Tc-95,1565428169315.4795,15070446.137918629,False,9.627044174443684e-06,72000.0
Ru95,Ru95,3.1e-09,Mo95,Mo-95,699044100318.7792,0.0,True,0.0,稳定
Ru95,Ru95,3.1e-09,Tc95m,Tc-95m,327262060301.6739,43040.52337627961,False,1.3151699691862958e-07,5270400.0
Ru97,Ru97,3.2e-09,Ru97,Ru97,5246688492593.522,14514397.094179077,False,2.766392004150484e-06,250560.0
Ru97,Ru97,3.2e-09,Tc97,Tc-97,8554916310228.521,0.0722725179901688,False,8.448068381891422e-15,82048007808000.0
Ru97,Ru97,3.2e-09,Mo97,Mo-97,-249555.1428,0.0,True,0.0,稳定
Ru97,Ru97,3.2e-09,Tc97m,Tc-97m,3504341310.4172306,312.0278264679481,False,8.9040364173545e-08,7784639.999999999
Ru105,Ru105,5.1e-09,Ru105,Ru105,587231235004.3502,25465320.0,False,4.336506384884542e-05,15984.000000000002
Ru105,Ru105,5.1e-09,Rh105,Rh-105,4628268794990.127,25201667.500321943,False,5.445160732151406e-06,127296.0
Ru105,Ru105,5.1e-09,Pd105,Pd-105,16786536450005.521,0.0,True,0.0,稳定
Ru106,Ru106,2.69e-08,Ru106,Ru106,114980007238391.66,2469100.727316602,False,2.1474174394487017e-08,32278175.999999996
Ru106,Ru106,2.69e-08,Rh106,Rh-106,106147116.11192995,2468979.001931322,False,0.023259972502011585,29.8
Ru106,Ru106,2.69e-08,Pd106,Pd-106,1069843734492.6959,0.0,True,0.0,稳定
Ru107,Ru107,5.64e-08,Ru107,Ru107,91414507303.93634,281616480.0,False,0.003080654135821979,225.0
Ru107,Ru107,5.64e-08,Rh107,Rh-107,528985282265.44495,281616480.0,False,0.0005323711064208489,1302.0
Ru107,Ru107,5.64e-08,Pd107,Pd-107,242696236927686.28,0.8201257622371263,False,3.3792273527565687e-15,205120019520000.0
Ru107,Ru107,5.64e-08,Ag107,Ag-107,0.0,0.0,True,0.0,稳定
Ru108,Ru108,7.16e-08,Ru108,Ru108,140808596640.55026,357513120.0,False,0.002539000661391741,273.0
Ru108,Ru108,7.16e-08,Rh108,Rh-108,8665144408.649248,357513120.0,False,0.04125876074761579,16.8
Ru108,Ru108,7.16e-08,Pd108,Pd-108,308741861938950.8,0.0,True,0.0,稳定
Rh94,Rh94,3.49e-08,Rh94,Rh94,17749398039.910236,174262680.0,False,0.009817948733143702,70.6
Rh94,Rh94,3.49e-08,Ru94,Ru-94,781375766402.8473,174262680.0,False,0.00022302032836549077,3108.0
Rh94,Rh94,3.49e-08,Tc94m,Tc-94m,784392661253.8236,174262680.00000003,False,0.00022216255787177734,3120.0
Rh94,Rh94,3.49e-08,Mo94,Mo-94,0.0,0.0,True,0.0,稳定
Rh95,Rh95,5.18e-08,Rh95,Rh95,112392732015.5385,258647760.0,False,0.0023012854600263787,301.2
Rh95,Rh95,5.18e-08,Ru95,Ru-95,2207106677707.527,258647760.0,False,0.0001171886083316334,5914.8
Rh95,Rh95,5.18e-08,Tc95,Tc-95,26157770495745.414,251822012.06750077,False,9.627044174443684e-06,72000.0
Rh95,Rh95,5.18e-08,Mo95,Mo-95,0.0,0.0,True,0.0,稳定
Rh95,Rh95,5.18e-08,Tc95m,Tc-95m,5465818892819.265,718848.0864846986,False,1.3151699691862958e-07,5270400.0
Rh96,Rh96,6.83e-08,Rh96,Rh96,292254124840.2016,341035560.0,False,0.0011669144453871133,594.0
Rh96,Rh96,6.83e-08,Ru96,Ru-96,294362469715159.8,0.0,True,0.0,稳定
Rh97,Rh97,5.83e-08,Rh97,Rh97,773591486135.5002,291103560.0,False,0.00037630140095545346,1842.0
Rh97,Rh97,5.83e-08,Ru97,Ru-97,95516708682882.36,264236659.16309687,False,2.766392004150484e-06,250560.0
Rh97,Rh97,5.83e-08,Tc97,Tc-97,155157982257441.38,1.3107852441071608,False,8.448068381891422e-15,82048007808000.0
Rh97,Rh97,5.83e-08,Mo97,Mo-97,0.0,0.0,True,0.0,稳定
Rh97,Rh97,5.83e-08,Tc97m,Tc-97m,63563580161.78501,5659.724325779658,False,8.9040364173545e-08,7784639.999999999
Rh98,Rh98,3.54e-08,Rh98,Rh98,133115082550.66815,176759280.0,False,0.0013278681619922324,522.0
Rh98,Rh98,3.54e-08,Ru98,Ru-98,152586902837449.34,0.0,True,0.0,稳定
Rh99,Rh99,9e-09,Rh99,Rh99,31549795083719.15,15721080.277723104,False,4.982942119277268e-07,1391040.0000000002
Rh99,Rh99,9e-09,Ru99,Ru-99,7277328116280.852,0.0,True,0.0,稳定
Rh100,Rh100,3.3e-09,Rh100,Rh100,1779455980336.559,16472020.508825043,False,9.256773244657388e-06,74880.0
Rh100,Rh100,3.3e-09,Ru100,Ru-100,12457155859663.441,0.0,True,0.0,稳定
Rh101,Rh101,6e-10,Rh101,Rh101,2581046186998.627,17179.582478763557,False,6.6560538766417264e-09,104137856.064
Rh101,Rh101,6e-10,Ru101,Ru-101,7428693001.373047,0.0,True,0.0,稳定
Rh106,Rh106,1e-10,Rh106,Rh106,21466921.336936984,499320.00000000006,False,0.023259972502011585,29.8
Rh106,Rh106,1e-10,Pd106,Pd-106,431391013078.6631,0.0,True,0.0,稳定
Rh107,Rh107,1.8e-09,Rh107,Rh107,16882509008.471647,8987760.0,False,0.0005323711064208489,1302.0
Rh107,Rh107,1.8e-09,Pd107,Pd-107,7748542067065.658,0.026184085297013195,False,3.3792273527565687e-15,205120019520000.0
Rh107,Rh107,1.8e-09,Ag107,Ag-107,561735.0,0.0,True,0.0,稳定
Rh108,Rh108,3.7e-09,Rh108,Rh108,447779808.8268466,18474840.0,False,0.04125876074761579,16.8
Rh108,Rh108,3.7e-09,Pd108,Pd-108,15961813980191.174,0.0,True,0.0,稳定
Rh109,Rh109,1.3e-09,Rh109,Rh109,749181147.3293444,6491160.0,False,0.008664339756999316,80.0
Rh109,Rh109,1.3e-09,Pd109,Pd-109,461908165897.62024,6491125.32863202,False,1.4052848180369142e-05,49324.32
Rh109,Rh109,1.3e-09,Ag109,Ag-109,5145704892955.051,0.0,True,0.0,稳定
Pd96,Pd96,1.37e-08,Pd96,Pd96,12040205477.367943,68406840.0,False,0.0056815342668847975,122.0
Pd96,Pd96,1.37e-08,Rh96m,Rh-96m,8941332920.078161,68406840.00000001,False,0.007650631132008227,90.6
Pd96,Pd96,1.37e-08,Rh96,Rh-96,35173190427.32734,41044104.0,False,0.0011669144453871133,594.0
Pd96,Pd96,1.37e-08,Ru96,Ru-96,0.0,0.0,True,0.0,稳定
Pd97,Pd97,4.13e-08,Pd97,Pd97,55337112861.10151,206219160.0,False,0.0037265977449459425,186.0
Pd97,Pd97,4.13e-08,Rh97,Rh-97,541647979102.0723,203822893.3608,False,0.00037630140095545346,1842.0
Pd97,Pd97,4.13e-08,Ru97,Ru-97,66847641292632.36,184926780.36825788,False,2.766392004150484e-06,250560.0
Pd97,Pd97,4.13e-08,Tc97,Tc-97,0.0,0.0,False,8.448068381891422e-15,82048007808000.0
Pd97,Pd97,4.13e-08,Tc97m,Tc-97m,0.0,0.0,False,8.9040364173545e-08,7784639.999999999
Pd97,Pd97,4.13e-08,Rh97m,Rh-97m,9584680698.720499,2396679.07752,False,0.0002500530954400957,2772.0
Pd98,Pd98,9.79e-08,Pd98,Pd98,748963596650.0237,488834279.99999994,False,0.0006526809609792328,1062.0
Pd98,Pd98,9.79e-08,Rh98,Rh-98,368134649200.8591,488834280.0,False,0.0013278681619922324,522.0
Pd98,Pd98,9.79e-08,Ru98,Ru-98,421235719674149.1,0.0,True,0.0,稳定
Pd99,Pd99,1.3e-07,Pd99,Pd99,1202435741463.5977,649116000.0,False,0.000539834252772543,1284.0
Pd99,Pd99,1.3e-07,Rh99m,Rh-99m,15313892338166.121,627351140.5199996,False,4.096614542316461e-05,16920.0
Pd99,Pd99,1.3e-07,Ru99,Ru-99,101186540646731.08,0.0,True,0.0,稳定
Pd99,Pd99,1.3e-07,Rh99,Rh-99,15253574496093.197,7600767.882611632,False,4.982942119277268e-07,1391040.0000000002
Pd100,Pd100,1.06e-07,Pd100,Pd100,204004769200345.6,450863848.6889154,False,2.210065237475593e-06,313632.0
Pd100,Pd100,1.06e-07,Rh100,Rh-100,46055592775458.18,426326178.9706974,False,9.256773244657388e-06,74880.0
Pd100,Pd100,1.06e-07,Ru100,Ru-100,207236866824196.25,0.0,True,0.0,稳定
Pd101,Pd101,5.78e-08,Pd101,Pd101,12696009801592.588,288606959.1478201,False,2.2732099585463243e-05,30492.000000000004
Pd101,Pd101,5.78e-08,Rh101m,Rh-101m,121389453278036.3,224389713.7133685,False,1.8485107861835032e-06,374976.0
Pd101,Pd101,5.78e-08,Ru101,Ru-101,107295521365232.38,0.0,True,0.0,稳定
Pd101,Pd101,5.78e-08,Rh101,Rh-101,7321543190887.965,48732.58593870967,False,6.6560538766417264e-09,104137856.064
Pd103,Pd103,5.6e-09,Pd103,Pd103,19838231606619.906,9366896.789465735,False,4.721638992429171e-07,1468022.4
Pd103,Pd103,5.6e-09,Rh103m,Rh-103m,45233808155.51188,9312496.759270567,False,0.00020587470166682863,3366.8399999999997
Pd103,Pd103,5.6e-09,Rh103,Rh-103,4270232381132.8613,0.0,True,0.0,稳定
Pd114,Pd114,1.2e-09,Pd114,Pd114,1255166568.3717782,5991840.0,False,0.004773740912947282,145.2
Pd114,Pd114,1.2e-09,Ag114,Ag-114,39764230.12748058,5991840.000000001,False,0.15068416968694465,4.6
Pd114,Pd114,1.2e-09,Cd114,Cd-114,5175654829201.501,0.0,True,0.0,稳定
Ag99,Ag99,1.44e-07,Ag99,Ag99,128628640064.5459,719020800.0,False,0.005589896617418913,124.0
Ag99,Ag99,1.44e-07,Pd99,Pd-99,1331928821313.5234,719020799.9999999,False,0.000539834252772543,1284.0
Ag99,Ag99,1.44e-07,Rh99m,Rh-99m,16963080743814.781,694912032.5759997,False,4.096614542316461e-05,16920.0
Ag99,Ag99,1.44e-07,Ru99,Ru-99,0.0,0.0,True,0.0,稳定
Ag99,Ag99,1.44e-07,Rh99,Rh-99,16893460260230.967,8417913.467104161,False,4.982942119277268e-07,1391040.0000000002
Ag101,Ag101,1.73e-08,Ag101,Ag101,82999185993.26192,86382360.0,False,0.0010407615323722902,666.0
Ag101,Ag101,1.73e-08,Pd101,Pd-101,3800016774274.571,86382359.73924035,False,2.2732099585463243e-05,30492.000000000004
Ag101,Ag101,1.73e-08,Rh101m,Rh-101m,36314553127685.07,67127843.15195973,False,1.8485107861835032e-06,374976.0
Ag101,Ag101,1.73e-08,Ru101,Ru-101,0.0,0.0,True,0.0,稳定
Ag101,Ag101,1.73e-08,Rh101,Rh-101,0.0,0.0,False,6.6560538766417264e-09,104137856.064
Ag102,Ag102,3.3e-09,Ag102,Ag102,18399600831.81357,16477559.999999998,False,0.0008955389929715056,774.0
Ag102,Ag102,3.3e-09,Pd102,Pd-102,14218212239168.186,0.0,True,0.0,稳定
Ag103,Ag103,6e-10,Ag103,Ag103,17038108169.84005,2995920.0,False,0.00017583642327751023,3942.0
Ag103,Ag103,6e-10,Pd103,Pd-103,2114163754751.1416,998231.8020813453,False,4.721638992429171e-07,1468022.4
Ag103,Ag103,6e-10,Rh103m,Rh-103m,4820396139.694118,992397.6171754588,False,0.00020587470166682863,3366.8399999999997
Ag103,Ag103,6e-10,Rh103,Rh-103,0.0,0.0,True,0.0,稳定
Ag116,Ag116,4e-10,Ag116,Ag116,463339724.9636868,1997280.0000000002,False,0.004310616794527023,160.8
Ag116,Ag116,4e-10,Cd116,Cd-116,1725186580275.0364,0.0,True,0.0,稳定
Ag117,Ag117,2.2e-09,Ag117,Ag117,1166417417.0727637,10985040.0,False,0.00941776060543404,73.6
Ag117,Ag117,2.2e-09,Cd117,Cd-117,120330804937.9904,9304658.4312,False,7.7325656019628e-05,8964.0
Ag117,Ag117,2.2e-09,In117m,In-117m,85641974191.3609,8514413.790638182,False,9.941870059666456e-05,6972.0
Ag117,Ag117,2.2e-09,Sn117,Sn-117,0.0,0.0,True,0.0,稳定
Ag117,Ag117,2.2e-09,In117,In-117,0.0,0.0,False,0.0002674178937345468,2592.0
Ag117,Ag117,2.2e-09,Cd117m,Cd-117m,29324068576.294174,1680381.5687999998,False,5.73038343716886e-05,12096.0
Cd101,Cd101,1.3e-09,Cd101,Cd101,764164770.2759312,6491159.999999999,False,0.008494450742156191,81.60000000000001
Cd101,Cd101,1.3e-09,Ag101,Ag-101,6236933051.516791,6491160.0,False,0.0010407615323722902,666.0
Cd101,Cd101,1.3e-09,Pd101,Pd-101,285550393440.28485,6491159.980352765,False,2.2732099585463243e-05,30492.000000000004
Cd101,Cd101,1.3e-09,Rh101m,Rh-101m,0.0,0.0,False,1.8485107861835032e-06,374976.0
Cd101,Cd101,1.3e-09,Rh101,Rh-101,0.0,0.0,False,6.6560538766417264e-09,104137856.064
Cd116,Cd116,1e-10,Cd116,Cd116,431412480000.0,0.0,True,0.0,稳定
Cd118,Cd118,8e-10,Cd118,Cd118,17392528481.845856,3994560.0,False,0.00022967103398275192,3018.0
Cd118,Cd118,8e-10,In118,In-118,28814659.51266709,3994560.0,False,0.13862943611198905,5.0
Cd118,Cd118,8e-10,Sn118,Sn-118,3433878496858.6416,0.0,True,0.0,稳定
Cd119,Cd119,1.4e-09,Cd119,Cd119,1627740115.870564,6990480.0,False,0.004294592196777852,161.4
Cd119,Cd119,1.4e-09,In119m,In-119m,9812658832.788511,6297793.3368,False,0.0006418029449629123,1080.0
Cd119,Cd119,1.4e-09,Sn119,Sn-119,5125933533953.002,0.0,True,0.0,稳定
Cd119,Cd119,1.4e-09,In119,In-119,73267852.61815421,352676.4268608,False,0.004813522087221842,144.0
Cd119,Cd119,1.4e-09,Sn119m,Sn-119m,0.0,0.0,False,2.7371329962594347e-08,25323840.000000004
In103,In103,2.6e-09,In103,In103,1123771720.9940164,12982319.999999998,False,0.011552453009332421,60.0
In103,In103,2.6e-09,Cd103,Cd-103,8203533563.256321,12982320.000000002,False,0.001582527809497592,438.0
In103,In103,2.6e-09,Ag103,Ag-103,73831802069.30687,12982319.999999998,False,0.00017583642327751023,3942.0
In103,In103,2.6e-09,Pd103,Pd-103,0.0,0.0,False,4.721638992429171e-07,1468022.4
In118,In118,1e-10,In118,In118,3601832.439083386,499320.0,False,0.13862943611198905,5.0
In118,In118,1e-10,Sn118,Sn-118,431408878167.5609,0.0,True,0.0,稳定
In121,In121,1.1e-09,In121,In121,183045124.5542177,5492520.0,False,0.030006371452811483,23.1
In121,In121,1.1e-09,Sn121,Sn-121,682102819899.0363,4858774.679008973,False,7.1232291338836e-06,97308.0
In121,In121,1.1e-09,Sb121,Sb-121,909113368.6268106,0.0,True,0.0,稳定
In121,In121,1.1e-09,Sn121m,Sn-121m,538481310432.79004,269.4243741584841,False,5.003411797931138e-10,1385349054.912
Sn121,Sn121,1e-10,Sn121,Sn121,69948537623.53009,498259.46107248263,False,7.1232291338836e-06,97308.0
Sn121,Sn121,1e-10,Sb121,Sb-121,361463942376.4699,0.0,True,0.0,稳定
Sn123,Sn123,1.6e-09,Sn123,Sn123,6720707609708.725,417315.2028004756,False,6.209393817365639e-08,11162879.999999998
Sn123,Sn123,1.6e-09,Sb123,Sb-123,181892070291.2754,0.0,True,0.0,稳定
Sn124,Sn124,5.4e-09,Sn124,Sn124,23296273920000.004,0.0,True,0.0,稳定
Sn125,Sn125,1.24e-08,Sn125,Sn125,38149959625485.23,31748906.169414703,False,8.322133622444402e-07,832896.0
Sn125,Sn125,1.24e-08,Sb125,Sb-125,15308062009843.123,121890.13184371963,False,7.962479624484403e-09,87051674.00724481
Sn125,Sn125,1.24e-08,Te125,Te-125,28536439993.96322,0.0,True,0.0,稳定
Sn125,Sn125,1.24e-08,Te125m,Te-125m,8327757607.100694,1163.9327868411413,False,1.3976544968704536e-07,4959360.0
Sn126,Sn126,3.08e-08,Sn126,Sn126,132875038384457.19,12.689553336294297,False,9.549990344746824e-14,7258092998400.0
Sn126,Sn126,3.08e-08,Sb126m,Sb-126m,20994.564600607915,12.665207362919938,False,0.0006032612537510403,1149.0
Sn126,Sn126,3.08e-08,Te126,Te-126,4649761.462499999,0.0,True,0.0,稳定
Sn126,Sn126,3.08e-08,Sb126,Sb-126,639713.8429117206,0.41555691124927546,False,6.495981224320975e-07,1067040.0
Sn127,Sn127,8.15e-08,Sn127,Sn127,4438466078033.676,406945800.00000006,False,9.168613499470175e-05,7560.0
Sn127,Sn127,8.15e-08,Sb127,Sb-127,162272762831798.16,338140055.430897,False,2.083775795334131e-06,332640.0
Sn127,Sn127,8.15e-08,Te127,Te-127,13207657212480.21,271980105.72290206,False,2.0592607859772586e-05,33660.0
Sn127,Sn127,8.15e-08,I127,I-127,0.0,0.0,True,0.0,稳定
Sn127,Sn127,8.15e-08,Te127m,Te-127m,31928775162530.1,2349997.927565425,False,7.360125515629728e-08,9417600.0
Sn128,Sn128,1.59e-07,Sn128,Sn128,4059465420730.589,793918800.0,False,0.00019557225341683464,3544.2
Sn128,Sn128,1.59e-07,Sb128m,Sb-128m,714718814552.1945,793918800.0,False,0.0011108127893588867,624.0
Sn128,Sn128,1.59e-07,Te128,Te-128,656649479241987.5,0.0,True,0.0,稳定
Sn128,Sn128,1.59e-07,Sb128,Sb-128,1337458800839.1553,28581076.48651948,False,2.1369687401650797e-05,32436.0
Sn129,Sn129,2.6e-07,Sn129,Sn129,250601093781.6657,1298232000.0,False,0.005180472201494359,133.8
Sn129,Sn129,2.6e-07,Sb129,Sb-129,29667573434242.04,1298232000.0,False,4.375929170201674e-05,15840.000000000002
Sn129,Sn129,2.6e-07,Te129,Te-129,6052317136139.764,1004584903.92,False,0.00016598352024902905,4176.0
Sn129,Sn129,2.6e-07,I129,I-129,0.0,0.0,False,1.3990431715234201e-15,495443739456000.0
Sn129,Sn129,2.6e-07,Te129m,Te-129m,223716052144404.1,53415781.659879096,False,2.387659765487025e-07,2903040.0
Sn130,Sn130,2.62e-07,Sn130,Sn130,421258796211.3878,1308218400.0,False,0.003105498120788285,223.20000000000002
Sn130,Sn130,2.62e-07,Sb130m,Sb-130m,713422154874.1245,1308218400.0,False,0.0018337226998940352,378.0
Sn130,Sn130,2.62e-07,Te130,Te-130,1129166016648914.5,0.0,True,0.0,稳定
Sb126,Sb126,3e-10,Sb126,Sb126,990432260417.4138,643382.9367633302,False,6.495981224320975e-07,1067040.0
Sb126,Sb126,3e-10,Te126,Te-126,303805179582.5862,0.0,True,0.0,稳定
Sb127,Sb127,2.6e-09,Sb127,Sb127,5200740491891.269,10837177.154817147,False,2.083775795334131e-06,332640.0
Sb127,Sb127,2.6e-09,Te127,Te-127,423567352647.0718,8722356.395263158,False,2.0592607859772586e-05,33660.0
Sb127,Sb127,2.6e-09,I127,I-127,116661719276.55408,0.0,True,0.0,稳定
Sb127,Sb127,2.6e-09,Te127m,Te-127m,1038570342314.217,76440.0807624317,False,7.360125515629728e-08,9417600.0
Sb128,Sb128,8.2e-09,Sb128,Sb128,1915996188344.8657,40944239.607684225,False,2.1369687401650797e-05,32436.0
Sb128,Sb128,8.2e-09,Te128,Te-128,33459827171655.133,0.0,True,0.0,稳定
Sb129,Sb129,4.01e-08,Sb129,Sb129,4575652671973.483,200227319.99999997,False,4.375929170201674e-05,15840.000000000002
Sb129,Sb129,4.01e-08,Te129,Te-129,933453527535.402,154937902.4892,False,0.00016598352024902905,4176.0
Sb129,Sb129,4.01e-08,I129,I-129,12261219795423.373,0.017153975829334856,False,1.3990431715234201e-15,495443739456000.0
Sb129,Sb129,4.01e-08,Xe129,Xe-129,0.0,0.0,True,0.0,稳定
Sb129,Sb129,4.01e-08,Te129m,Te-129m,34511050873896.49,8240064.763627849,False,2.387659765487025e-07,2903040.0
Sb130,Sb130,1.09e-07,Sb130,Sb130,1860922747976.8223,544258800.0,False,0.00029246716479322586,2370.0
Sb130,Sb130,1.09e-07,Te130,Te-130,468378680452023.2,0.0,True,0.0,稳定
Sb131,Sb131,2.41e-07,Sb131,Sb131,2398919815004.8545,1203361200.0,False,0.0005016262704877299,1381.8000000000002
Sb131,Sb131,2.41e-07,Te131,Te-131,2390404326734.049,1104601346.3160002,False,0.00046209812037329687,1500.0
Sb131,Sb131,2.41e-07,I131,I-131,552778553502279.25,552905144.7350318,False,1.000229008943908e-06,692988.48
Sb131,Sb131,2.41e-07,Xe131,Xe-131,0.0,0.0,True,0.0,稳定
Sb131,Sb131,2.41e-07,Xe131m,Xe-131m,0.0,0.0,False,6.775791226382097e-07,1022976.0
Sb131,Sb131,2.41e-07,Te131m,Te-131m,15326429733493.2,98365477.38723078,False,6.418029449629123e-06,108000.0
Sb133,Sb133,1.69e-07,Sb133,Sb133,182612904661.52768,843850800.0,False,0.0046209812037329686,150.0
Sb133,Sb133,1.69e-07,Te133,Te-133,754757396256.56,697543948.296,False,0.0009241962407465937,750.0
Sb133,Sb133,1.69e-07,I133,I-133,75328415293347.2,697298059.2498968,False,9.256773244657388e-06,74880.0
Sb133,Sb133,1.69e-07,Xe133,Xe-133,0.0,0.0,False,1.5301424398314711e-06,452995.2
Sb133,Sb133,1.69e-07,Xe133m,Xe-133m,0.0,0.0,False,3.6632588182814627e-06,189216.0
Sb133,Sb133,1.69e-07,Te133m,Te-133m,701617187090.3792,146306851.704,False,0.00020852803265943,3324.0
Te129,Te129,2e-10,Te129,Te129,6016500906.244888,998640.0,False,0.00016598352024902905,4176.0
Te129,Te129,2e-10,I129,I-129,856808461583.1548,0.0011987120274813993,False,1.3990431715234201e-15,495443739456000.0
Te129,Te129,2e-10,Xe129,Xe-129,0.0,0.0,True,0.0,稳定
Te130,Te130,1.38e-08,Te130,Te130,59534922240000.0,0.0,True,0.0,稳定
Te131,Te131,6.95e-08,Te131,Te131,750982063548.8859,347027399.99999994,False,0.00046209812037329687,1500.0
Te131,Te131,6.95e-08,I131,I-131,200430606721346.66,200476507.12291875,False,1.000229008943908e-06,692988.48
Te131,Te131,6.95e-08,Xe131,Xe-131,97489959817678.81,0.0,True,0.0,稳定
Te131,Te131,6.95e-08,Xe131m,Xe-131m,951596369128.9669,644781.8329001113,False,6.775791226382097e-07,1022976.0
Te132,Te132,2.28e-07,Te132,Te132,402410518246945.94,1007600872.7174689,False,2.503912862683022e-06,276825.60000000003
Te132,Te132,2.28e-07,I132,I-132,11962164606456.982,1003575486.608524,False,8.389580979907351e-05,8262.0
Te132,Te132,2.28e-07,Xe132,Xe-132,569247771546597.1,0.0,True,0.0,稳定
Te133,Te133,3.5e-07,Te133,Te133,1890962030518.7776,1747620000.0,False,0.0009241962407465937,750.0
Te133,Te133,3.5e-07,I133,I-133,188729537589865.6,1747026534.0384285,False,9.256773244657388e-06,74880.0
Te133,Te133,3.5e-07,Xe133,Xe-133,754411519310537.5,1154357082.794793,False,1.5301424398314711e-06,452995.2
Te133,Te133,3.5e-07,Cs133,Cs-133,0.0,0.0,True,0.0,稳定
Te133,Te133,3.5e-07,Xe133m,Xe-133m,12799377811516.098,46887433.63655244,False,3.6632588182814627e-06,189216.0
Te134,Te134,3.72e-07,Te134,Te134,6720846443372.522,1857470400.0,False,0.0002763744739074742,2508.0
Te134,Te134,3.72e-07,I134,I-134,8441254504235.824,1857470400.0,False,0.0002200467239872842,3150.0
Te134,Te134,3.72e-07,Xe134,Xe-134,1589692324652391.5,0.0,True,0.0,稳定
I130,I130,2e-10,I130,I130,64106762933.04708,998638.573846332,False,1.5577741382594957e-05,44496.0
I130,I130,2e-10,Xe130,Xe-130,798718197066.9529,0.0,True,0.0,稳定
I131,I131,1e-09,I131,I131,2888456821452.2886,2889118.3038984933,False,1.000229008943908e-06,692988.48
I131,I131,1e-09,Xe131,Xe-131,1408902123119.9902,0.0,True,0.0,稳定
I131,I131,1e-09,Xe131m,Xe-131m,13745360500.15956,9313.569308044018,False,6.775791226382097e-07,1022976.0
I132,I132,1.27e-08,I132,I132,755861826137.3561,63413639.99999999,False,8.389580979907351e-05,8262.0
I132,I132,1.27e-08,Xe132,Xe-132,54033523133862.64,0.0,True,0.0,稳定
I133,I133,8.74e-08,I133,I133,47128622024671.3,436258967.41554815,False,9.256773244657388e-06,74880.0
I133,I133,8.74e-08,Xe133,Xe-133,188533852345237.16,288483648.8183675,False,1.5301424398314711e-06,452995.2
I133,I133,8.74e-08,Cs133,Cs-133,131873671353551.3,0.0,True,0.0,稳定
I133,I133,8.74e-08,Xe133m,Xe-133m,3197135145136.5146,11711933.513658922,False,3.6632588182814627e-06,189216.0
I134,I134,1.63e-07,I134,I134,3698721731694.7295,813891600.0,False,0.0002200467239872842,3150.0
I134,I134,1.63e-07,Xe134,Xe-134,699503620668305.2,0.0,True,0.0,稳定
I135,I135,2.69e-07,I135,I135,45832510976407.73,1343170799.9864602,False,2.9306070546251702e-05,23652.0
I135,I135,2.69e-07,Xe135,Xe-135,53196996472524.47,1120634212.229142,False,2.1065742176025568e-05,32904.0
I135,I135,2.69e-07,Cs135,Cs-135,928505826116644.0,8.867221674455125,False,9.549990344746825e-15,72580929984000.0
I135,I135,2.69e-07,Ba135,Ba-135,0.0,0.0,True,0.0,稳定
I135,I135,2.69e-07,Xe135m,Xe-135m,294533435058.10986,222536538.14166623,False,0.0007555561157182748,917.4
Xe133,Xe133,4.2e-09,Xe133,Xe133,10051784499540.666,15380662.058787318,False,1.5301424398314711e-06,452995.2
Xe133,Xe133,4.2e-09,Cs133,Cs-133,8067539660459.338,0.0,True,0.0,稳定
Xe134,Xe134,1.67e-08,Xe134,Xe134,72045884160000.0,0.0,True,0.0,稳定
Xe135,Xe135,9.91e-08,Xe135,Xe135,23489612172220.54,494826113.83482975,False,2.1065742176025568e-05,32904.0
Xe135,Xe135,9.91e-08,Cs135,Cs-135,404040153669429.25,3.8585795664330726,False,9.549990344746825e-15,72580929984000.0
Xe135,Xe135,9.91e-08,Ba135,Ba-135,0.0,0.0,True,0.0,稳定
Xe137,Xe137,2.46e-07,Xe137,Xe137,405953025371.4493,1228327200.0,False,0.0030257865398984865,229.08
Xe137,Xe137,2.46e-07,Cs137,Cs-137,1060535255724300.1,772186.6981112052,False,7.28110351771224e-10,951980944.7479681
Xe137,Xe137,2.46e-07,Ba137m,Ba-137m,160984887.34036294,728750.1356630943,False,0.004526823279518974,153.12
Xe137,Xe137,2.46e-07,Ba137,Ba-137,0.0,0.0,True,0.0,稳定
Xe138,Xe138,2.61e-07,Xe138,Xe138,1588356239248.6504,1303225200.0,False,0.0008204867194128141,844.8
Xe138,Xe138,2.61e-07,Cs138,Cs-138,3768961786455.782,1303225200.0,False,0.00034577830018953673,2004.6
Xe138,Xe138,2.61e-07,Ba138,Ba-138,1120629254774295.6,0.0,True,0.0,稳定
Cs134,Cs134,1e-10,Cs134,Cs134,429435966878.8331,4568.263984876845,False,1.0637823417724572e-08,65158740.969984
Cs134,Cs134,1e-10,Ba134,Ba-134,1976513121.16687,0.0,True,0.0,稳定
Cs134,Cs134,1e-10,Xe134,Xe-134,5929.539363500429,0.0,True,0.0,稳定
Cs135,Cs135,1.4e-09,Cs135,Cs135,6039774691441.715,0.057679789987714614,False,9.549990344746825e-15,72580929984000.0
Cs135,Cs135,1.4e-09,Ba135,Ba-135,28558.28515625,0.0,True,0.0,稳定
Cs136,Cs136,9.5e-09,Cs136,Cs136,31860438908275.883,19422609.725629196,False,6.096152592732829e-07,1137024.0
Cs136,Cs136,9.5e-09,Ba136,Ba-136,9123746691724.117,0.0,True,0.0,稳定
Cs137,Cs137,6.85e-08,Cs137,Cs137,295424615113891.4,215101.72043245393,False,7.28110351771224e-10,951980944.7479681
Cs137,Cs137,6.85e-08,Ba137m,Ba-137m,44844245.18583543,203001.9730596965,False,0.004526823279518974,153.12
Cs137,Cs137,6.85e-08,Ba137,Ba-137,87683626103.8142,0.0,True,0.0,稳定
Cs138,Cs138,8.9e-08,Cs138,Cs138,1285201528714.807,444394800.0,False,0.00034577830018953673,2004.6
Cs138,Cs138,8.9e-08,Ba138,Ba-138,382671905671285.2,0.0,True,0.0,稳定
Cs139,Cs139,1.48e-07,Cs139,Cs139,592988403974.981,738993600.0,False,0.001246219310607597,556.1999999999999
Cs139,Cs139,1.48e-07,Ba139,Ba-139,5313227274451.126,738993600.0000001,False,0.0001390856370013535,4983.6
Cs139,Cs139,1.48e-07,La139,La-139,632584254721573.9,0.0,True,0.0,稳定
Cs140,Cs140,1.95e-07,Cs140,Cs140,89480323284.14857,973674000.0000001,False,0.010881431405964604,63.7
Cs140,Cs140,1.95e-07,Ba140,Ba-140,648923419529636.1,408250629.0283131,False,6.291198880204206e-07,1101772.8
Cs140,Cs140,1.95e-07,La140,La-140,67968977615076.43,324941079.19279486,False,4.780726304771113e-06,144987.84
Cs140,Cs140,1.95e-07,Ce140,Ce-140,0.0,0.0,True,0.0,稳定
Ba139,Ba139,1.52e-08,Ba139,Ba139,545682801159.8453,75896640.0,False,0.0001390856370013535,4983.6
Ba139,Ba139,1.52e-08,La139,La-139,65029014158840.16,0.0,True,0.0,稳定
Ba140,Ba140,5.84e-08,Ba140,Ba140,194359806637869.28,122275619.78768691,False,6.291198880204206e-07,1101772.8
Ba140,Ba140,5.84e-08,La140,La-140,20358130308494.754,97326649.08177893,False,4.780726304771113e-06,144987.84
Ba140,Ba140,5.84e-08,Ce140,Ce-140,37226951373636.055,0.0,True,0.0,稳定
Ba141,Ba141,1.27e-07,Ba141,Ba141,1002875494809.695,634136400.0000001,False,0.0006323181723772535,1096.2
Ba141,Ba141,1.27e-07,La141,La-141,12910581082607.568,634136400.0000001,False,4.911757231859023e-05,14112.0
Ba141,Ba141,1.27e-07,Ce141,Ce-141,482122498569901.4,118981342.82908829,False,2.4678653906842633e-07,2808691.2
Ba141,Ba141,1.27e-07,Pr141,Pr-141,0.0,0.0,True,0.0,稳定
Ba142,Ba142,2.13e-07,Ba142,Ba142,975866073715.4963,1063551600.0,False,0.0010898540574841907,636.0
Ba142,Ba142,2.13e-07,La142,La-142,8386924463724.689,1063551600.0,False,0.00012681068067324283,5466.0
Ba142,Ba142,2.13e-07,Ce142,Ce-142,909545791862559.9,0.0,True,0.0,稳定
La140,La140,4e-10,La140,La140,411062136874.3366,1965175.5706505647,False,4.780726304771113e-06,144987.84
La140,La140,4e-10,Ce140,Ce-140,1314587783125.6633,0.0,True,0.0,稳定
La141,La141,4e-09,La141,La141,406632475042.75793,19972800.0,False,4.911757231859023e-05,14112.0
La141,La141,4e-09,Ce141,Ce-141,15210620698473.756,3753776.439258908,False,2.4678653906842633e-07,2808691.2
La141,La141,4e-09,Pr141,Pr-141,1639246026483.4834,0.0,True,0.0,稳定
La142,La142,1.82e-08,La142,La142,716629226477.8843,90876240.0,False,0.00012681068067324283,5466.0
La142,La142,1.82e-08,Ce142,Ce-142,77800442133522.11,0.0,True,0.0,稳定
La143,La143,5.61e-08,La143,La143,344315010914.7128,280118520.0,False,0.0008135530288262268,852.0
La143,La143,5.61e-08,Ce143,Ce-143,47751909348782.06,278283084.06111276,False,5.827684962888516e-06,118940.40000000001
La143,La143,5.61e-08,Pr143,Pr-143,157540703124302.44,93137515.859161,False,5.911965226261167e-07,1172448.0
La143,La143,5.61e-08,Nd143,Nd-143,0.0,0.0,True,0.0,稳定
Ce142,Ce142,2e-10,Ce142,Ce142,862824960000.0,0.0,True,0.0,稳定
Ce143,Ce143,1.5e-09,Ce143,Ce143,1276849342858.5186,7441075.715250672,False,5.827684962888516e-06,118940.40000000001
Ce143,Ce143,1.5e-09,Pr143,Pr-143,4218403199080.562,2493905.302331315,False,5.911965226261167e-07,1172448.0
Ce143,Ce143,1.5e-09,Nd143,Nd-143,975934658060.9203,0.0,True,0.0,稳定
Ce144,Ce144,1.02e-08,Ce144,Ce144,43473108013616.53,1224122.0363373463,False,2.8158144017536774e-08,24616224.000000004
Ce144,Ce144,1.02e-08,Pr144,Pr-144,1810034694.1305823,1210089.1637271373,False,0.0006685447343363669,1036.8000000000002
Ce144,Ce144,1.02e-08,Nd144,Nd-144,-43049130683190.25,-4.129140608998627e-10,False,9.591693359352705e-24,7.22653607232e+22
Ce144,Ce144,1.02e-08,Ce140,Ce-140,0.0,0.0,True,0.0,稳定
Ce144,Ce144,1.02e-08,Pr144m,Pr-144m,7448409.111456711,11951.027257553766,False,0.0016045073624072809,432.0
Ce145,Ce145,3.47e-08,Ce145,Ce145,45144071131.79309,173264040.0,False,0.0038380242555921666,180.6
Ce145,Ce145,3.47e-08,Pr145,Pr-145,5384892790413.685,173264039.99985248,False,3.217594978089467e-05,21542.4
Ce145,Ce145,3.47e-08,Nd145,Nd-145,144270093698454.53,0.0,True,0.0,稳定
Pr145,Pr145,5e-10,Pr145,Pr145,77592115135.6444,2496599.999997891,False,3.217594978089467e-05,21542.4
Pr145,Pr145,5e-10,Nd145,Nd-145,2079470284864.3557,0.0,True,0.0,稳定
Pr146,Pr146,2.7e-09,Pr146,Pr146,28182898102.851868,13481640.000000002,False,0.0004783624434506179,1449.0
Pr146,Pr146,2.7e-09,Nd146,Nd-146,11619954061897.15,0.0,True,0.0,稳定
Pr147,Pr147,9e-09,Pr147,Pr147,52125719058.414764,44938800.0,False,0.0008621233589054045,804.0
Pr147,Pr147,9e-09,Nd147,Nd-147,28762256365224.633,21015142.12087823,False,7.306499828812754e-07,948672.0
Pr147,Pr147,9e-09,Pm147,Pm-147,9987465217356.365,83622.1894132692,False,8.372713956284856e-09,82786439.87827201
Pr147,Pr147,9e-09,Sm147,Sm-147,0.0,0.0,False,2.0721677163129903e-19,3.34503416448e+18
Pr148,Pr148,1.97e-08,Pr148,Pr148,19498736018.92426,98366040.0,False,0.005044739305385336,137.4
Pr148,Pr148,1.97e-08,Nd148,Nd-148,84968759823981.08,0.0,True,0.0,稳定
Nd149,Nd149,3.9e-09,Nd149,Nd149,174768978048.98944,19473480.0,False,0.0001114241223893945,6220.8
Nd149,Nd149,3.9e-09,Pm149,Pm-149,5126866723062.671,18597050.64785594,False,3.627371580423393e-06,191088.0
Nd149,Nd149,3.9e-09,Sm149,Sm-149,11523451018888.34,0.0,True,0.0,稳定
Nd151,Nd151,2.19e-08,Nd151,Nd151,117752258684.89458,109351080.0,False,0.0009286537788852429,746.4
Nd151,Nd151,2.19e-08,Pm151,Pm-151,16082969818898.723,109036240.07238208,False,6.77960857355189e-06,102240.0
Nd151,Nd151,2.19e-08,Sm151,Sm-151,78271493055036.11,19102.573408581997,False,2.440553088101966e-10,2840123347.2000003
Nd151,Nd151,2.19e-08,Eu151,Eu-151,0.0,0.0,True,0.0,稳定
Nd152,Nd152,2.54e-08,Nd152,Nd152,125153592127.31824,126827280.0,False,0.001013373070994072,684.0
Nd152,Nd152,2.54e-08,Pm152,Pm-152,45230947330.22379,126827280.00000001,False,0.0028039934488670922,247.20000000000002
Nd152,Nd152,2.54e-08,Sm152,Sm-152,109408385380542.45,0.0,True,0.0,稳定
Pm150,Pm150,2e-10,Pm150,Pm150,13900191748.910604,998640.0,False,7.184361324211705e-05,9648.0
Pm150,Pm150,2e-10,Sm150,Sm-150,848924768251.0894,0.0,True,0.0,稳定
Pm151,Pm151,4e-10,Pm151,Pm151,293759065702.56805,1991571.4803957234,False,6.77960857355189e-06,102240.0
Pm151,Pm151,4e-10,Sm151,Sm-151,1431760469684.4978,349.42874357108224,False,2.440553088101966e-10,2840123347.2000003
Pm151,Pm151,4e-10,Eu151,Eu-151,130384613.09646606,0.0,True,0.0,稳定
Pm152,Pm152,3.4e-09,Pm152,Pm152,6054536256.80161,16976880.0,False,0.0028039934488670922,247.20000000000002
Pm152,Pm152,3.4e-09,Sm152,Sm-152,14661969783743.2,0.0,True,0.0,稳定
Pm153,Pm153,6.6e-09,Pm153,Pm153,14976419281.70872,32955120.0,False,0.0022004672398728423,315.0
Pm153,Pm153,6.6e-09,Sm153,Sm-153,7736070173788.497,32032468.515981976,False,4.140664161051047e-06,167400.0
Pm153,Pm153,6.6e-09,Eu153,Eu-153,20722177086929.797,0.0,True,0.0,稳定
Pm154,Pm154,5.7e-09,Pm154,Pm154,4262120361.8161526,28461240.0,False,0.00667771850250429,103.8
Pm154,Pm154,5.7e-09,Sm154,Sm-154,24586249239638.184,0.0,True,0.0,稳定
Sm151,Sm151,1e-10,Sm151,Sm151,431366998562.1745,105.27740604461914,False,2.440553088101966e-10,2840123347.2000003
Sm151,Sm151,1e-10,Eu151,Eu-151,45481437.82550049,0.0,True,0.0,稳定
Sm153,Sm153,5e-10,Sm153,Sm153,586097687255.7153,2426833.6884946455,False,4.140664161051047e-06,167400.0
Sm153,Sm153,5e-10,Eu153,Eu-153,1570964712744.2847,0.0,True,0.0,稳定
Sm155,Sm155,2.2e-09,Sm155,Sm155,21204707935.37171,10985040.0,False,0.0005180472201494359,1338.0
Sm155,Sm155,2.2e-09,Eu155,Eu-155,9451063417514.92,43601.772297404386,False,4.613425005338618e-09,150245680.75948802
Sm155,Sm155,2.2e-09,Gd155,Gd-155,18806434549.526638,0.0,True,0.0,稳定
Sm156,Sm156,5e-09,Sm156,Sm156,1218860072262.2317,24965999.485391755,False,2.0483072711582307e-05,33840.0
Sm156,Sm156,5e-09,Eu156,Eu-156,16526799478358.662,8728562.027667966,False,5.281459389095723e-07,1312416.0
Sm156,Sm156,5e-09,Gd156,Gd-156,3824964449379.114,0.0,True,0.0,稳定
Sm157,Sm157,3.3e-09,Sm157,Sm157,11453394936.392477,16477560.0,False,0.001438661644997811,481.79999999999995
Sm157,Sm157,3.3e-09,Eu157,Eu-157,1299074588537.341,16477270.68477765,False,1.2683852667251232e-05,54648.0
Sm157,Sm157,3.3e-09,Gd157,Gd-157,12926083856526.268,0.0,True,0.0,稳定
Eu156,Eu156,2e-10,Eu156,Eu156,692780966719.0895,365889.4541265347,False,5.281459389095723e-07,1312416.0
Eu156,Eu156,2e-10,Gd156,Gd-156,170043993280.91052,0.0,True,0.0,稳定
Eu157,Eu157,4e-10,Eu157,Eu157,157463610865.16302,1997245.240667108,False,1.2683852667251232e-05,54648.0
Eu157,Eu157,4e-10,Gd157,Gd-157,1568186309134.837,0.0,True,0.0,稳定
Eu158,Eu158,7e-10,Eu158,Eu158,13887225152.129902,3495240.0,False,0.00025168742939722053,2754.0
Eu158,Eu158,7e-10,Gd158,Gd-158,3006000134847.87,0.0,True,0.0,稳定
Eu159,Eu159,8e-10,Eu159,Eu159,6258544046.151292,3994560.0,False,0.0006382570723388078,1086.0
Eu159,Eu159,8e-10,Gd159,Gd-159,383327604794.47784,3994060.0515613714,False,1.0419442799332956e-05,66524.4
Eu159,Eu159,8e-10,Tb159,Tb-159,3061713691159.371,0.0,True,0.0,稳定
Gd142,Gd142,1e-10,Gd142,Gd142,50569727.444730744,499320.0,False,0.009873891460967881,70.2
Gd142,Gd142,1e-10,Eu142,Eu-142,1685657.5814910245,499319.99999999994,False,0.29621674382903646,2.34
Gd142,Gd142,1e-10,Sm142,Sm-142,3133162002.1098557,499320.0,False,0.0001593661609785132,4349.4
Gd142,Gd142,1e-10,Pm142,Pm-142,0.0,0.0,False,0.017114745199010996,40.5
Gd160,Gd160,2e-10,Gd160,Gd160,862824960000.0,0.0,True,0.0,稳定
Gd162,Gd162,1e-10,Gd162,Gd162,363064709.8596053,499319.99999999994,False,0.0013752920249205263,504.0
Gd162,Gd162,1e-10,Tb162,Tb-162,328487118.4444048,499319.99999999994,False,0.001520059606491108,456.0
Gd162,Gd162,1e-10,Dy162,Dy-162,430720928171.696,0.0,True,0.0,稳定
Tb161,Tb161,1e-10,Tb161,Tb161,272284707292.47992,316306.70252077567,False,1.161676341157892e-06,596678.4
Tb161,Tb161,1e-10,Dy161,Dy-161,159127772707.52008,0.0,True,0.0,稳定
Rn223,Rn223,1e-10,Rn223,Rn223,1050294339.2367153,499320.0,False,0.00047540958886141654,1458.0
Rn223,Rn223,1e-10,Fr223,Fr-223,950883763.9180139,499320.0,False,0.000525111500424201,1320.0
Rn223,Rn223,1e-10,Ra223,Ra-223,322383165014.8779,226275.66132219287,False,7.018842355237448e-07,987552.0
Rn223,Rn223,1e-10,Rn219,Rn-219,0.0,0.0,False,0.175037166808067,3.96
Rn223,Rn223,1e-10,At219,At-219,2420.4313990640358,29.959200000000003,False,0.012377628224284737,56.0
Rn223,Rn223,1e-10,Bi215,Bi-215,0.0,0.0,False,0.001520059606491108,456.0
Ra224,Ra224,1.82e-07,Ra224,Ra224,352198209529360.56,772000847.2903293,False,2.191949948643826e-06,316224.0
Ra224,Ra224,1.82e-07,Rn220,Rn-220,61923226577.12514,771976796.9983625,False,0.012466675909351533,55.6
Ra224,Ra224,1.82e-07,Po216,Po-216,161490415.9023993,771976734.2772485,False,4.780325383172037,0.145
Ra224,Ra224,1.82e-07,Pb212,Pb-212,0.0,0.0,False,1.8095947696322715e-05,38304.0
Ra225,Ra225,5.08e-06,Ra225,Ra225,1.752462285921601e+16,9435700134.571484,False,5.384252893984164e-07,1287360.0
Ra225,Ra225,5.08e-06,Ac225,Ac-225,3501526661604780.0,2809112654.1051283,False,8.022536812036404e-07,864000.0
Ra225,Ra225,5.08e-06,Fr221,Fr-221,1190535498217.0146,2806858244.713107,False,0.002357643471292331,294.0
Ra225,Ra225,5.08e-06,At217,At-217,0.0,0.0,False,21.459665032815643,0.0323
Ra227,Ra227,0.000101,Ra227,Ra227,1842207626623345.0,504313200000.0,False,0.0002737548106476877,2532.0
Ra227,Ra227,0.000101,Ac227,Ac-227,4.336961483115809e+17,437540247.4066606,False,1.0088635767461738e-09,687057394.61376
Ra227,Ra227,0.000101,Th227,Th-227,164748464423435.72,70754851.20789523,False,4.294719920790366e-07,1613952.0
Ra227,Ra227,0.000101,Ra223,Ra-223,0.0,0.0,False,7.018842355237448e-07,987552.0
Ra227,Ra227,0.000101,Fr223,Fr-223,11473174923.085632,6024696.098490813,False,0.000525111500424201,1320.0
Ra227,Ra227,0.000101,At219,At-219,0.0,0.0,False,0.012377628224284737,56.0
