parent_nuclide,parent_original_nuclide,parent_production_rate,nuclide,original_nuclide,atom_number,activity_Bq,activity_GBq,is_parent,is_stable,half_life,decay_constant,branching_ratio,parent
Fe52,Fe52,1.7e-09,Fe52,Fe52,364727524861.11615,8486399.984225916,0.008486399984225916,True,False,29790.0,2.3267780482039118e-05,1.0,
Fe52,Fe52,1.7e-09,Mn52m,Mn-52m,15500001558.780796,8486399.983525803,0.008486399983525803,False,False,1266.0,0.0005475096212953754,1.0,Fe52
Fe53,Fe53,4e-10,Fe53,Fe53,1470922927.4746,1996800.0,0.0019968,True,False,510.59999999999997,0.0013575150422247264,1.0,
Fe53,Fe53,4e-10,Mn53,Mn-53,1723764273968.9421,0.010233092972419651,1.0233092972419651e-11,False,False,116760626496000.0,5.93648048457235e-15,1.0,Fe53
Fe55,Fe55,1e-10,Fe55,Fe55,429816951059.4075,3449.367842542739,3.449367842542739e-06,True,False,86371306.68096001,8.025201970375482e-09,1.0,
Fe55,Fe55,1e-10,Mn55,Mn-55,1491848940.5925293,0.0,0.0,False,True,inf,0.0,1.0,Fe55
Fe62,Fe62,1e-10,Fe62,Fe62,48973148.780000396,499200.0,0.0004992,True,False,68.0,0.01019334089058743,1.0,
Fe62,Fe62,1e-10,Co62,Co-62,64817402.79705935,499200.0,0.0004992,False,False,90.0,0.007701635339554948,1.0,Fe62
Co55,Co55,3.1e-09,Co55,Co55,1408842299167.5598,15474029.719236625,0.015474029719236625,True,False,63108.00000000001,1.0983507329656228e-05,1.0,
Co55,Co55,3.1e-09,Fe55,Fe-55,11924195708373.318,95694.07889398042,9.569407889398041e-05,False,False,86371306.68096001,8.025201970375482e-09,1.0,Co55
Co56,Co56,4.8e-09,Co56,Co56,19800954391350.06,2056893.5066432697,0.0020568935066432696,True,False,6672672.0,1.0387850332819375e-07,1.0,
Co56,Co56,4.8e-09,Fe56,Fe-56,901868008649.9414,0.0,0.0,False,True,inf,0.0,1.0,Co56
Co57,Co57,2.7e-09,Co57,Co57,11498069326593.672,339455.67248084326,0.00033945567248084326,True,False,23478336.0,2.952284099520278e-08,1.0,
Co57,Co57,2.7e-09,Fe57,Fe-57,147268273406.33008,0.0,0.0,False,True,inf,0.0,1.0,Co57
Co58,Co58,1.2e-09,Co58,Co58,4930619870494.153,558228.6115890137,0.0005582286115890137,True,False,6122304.0,1.1321672046339831e-07,1.0,
Co58,Co58,1.2e-09,Fe58,Fe-58,245085729505.84668,0.0,0.0,False,True,inf,0.0,1.0,Co58
Co60,Co60,2e-10,Co60,Co60,861066663308.3838,3587.9783237133893,3.5879783237133894e-06,True,False,166346024.445504,4.1668995869932835e-09,1.0,
Co60,Co60,2e-10,Ni60,Ni-60,1550936691.616211,0.0,0.0,False,True,inf,0.0,1.0,Co60
Co61,Co61,1e-10,Co61,Co61,4277948584.605917,499200.0,0.0004992,True,False,5940.0,0.00011669144453871133,1.0,
Co61,Co61,1e-10,Ni61,Ni-61,427030851415.3941,0.0,0.0,False,True,inf,0.0,1.0,Co61
Ni56,Ni56,4e-09,Ni56,Ni56,10289498407629.781,13588128.35433743,0.013588128354337429,True,False,524880.0,1.3205821912817126e-06,1.0,
Ni56,Ni56,4e-09,Co56,Co-56,6741598777533.405,700307.1910493508,0.0007003071910493508,False,False,6672672.0,1.0387850332819375e-07,1.0,Ni56
Ni57,Ni57,6.9e-09,Ni57,Ni57,6309182555336.556,34122909.64317669,0.03412290964317669,True,False,128160.0,5.408451783395328e-06,1.0,
Ni57,Ni57,6.9e-09,Co57,Co-57,23201420807509.137,684971.8573628815,0.0006849718573628816,False,False,23478336.0,2.952284099520278e-08,1.0,Ni57
Ni59,Ni59,6.5e-09,Ni59,Ni59,28035069372044.54,6.09692748692936,6.09692748692936e-09,True,False,3187249534080.0,2.1747502765265047e-13,1.0,
Ni59,Ni59,6.5e-09,Co59,Co-59,2627955.4609375,0.0,0.0,False,True,inf,0.0,1.0,Ni59
Ni63,Ni63,1e-10,Ni63,Ni63,431267917135.91754,94.63326895792505,9.463326895792505e-08,True,False,3158848300.608,2.1943034758159538e-10,1.0,
Ni63,Ni63,1e-10,Cu63,Cu-63,40882864.082458496,0.0,0.0,False,True,inf,0.0,1.0,Ni63
Cu57,Cu57,2.1e-09,Cu57,Cu57,2968853.106114642,10483200.000000002,0.010483200000000002,True,False,0.1963,3.531060522465335,1.0,
Cu57,Cu57,2.1e-09,Ni57,Ni-57,1920185967358.137,10385233.219608799,0.010385233219608799,False,False,128160.0,5.408451783395328e-06,1.0,Cu57
Cu59,Cu59,1.4e-08,Cu59,Cu59,8217406287.938301,69888000.0,0.069888,True,False,81.5,0.008504873381103624,1.0,
Cu59,Cu59,1.4e-08,Ni59,Ni-59,60375008935044.12,13.130056737677739,1.3130056737677738e-08,False,False,3187249534080.0,2.1747502765265047e-13,1.0,Cu59
Cu60,Cu60,2.29e-08,Cu60,Cu60,234522326800.32013,114316800.0,0.1143168,True,False,1422.0,0.00048744527465537644,1.0,
Cu60,Cu60,2.29e-08,Ni60,Ni-60,98535192873199.69,0.0,0.0,False,True,inf,0.0,1.0,Cu60
Cu61,Cu61,2.39e-08,Cu61,Cu61,2065308017676.0447,119308800.0,0.1193088,True,False,11998.800000000001,5.776804185084719e-05,1.0,
Cu61,Cu61,2.39e-08,Ni61,Ni-61,101017495182323.95,0.0,0.0,False,True,inf,0.0,1.0,Cu61
Cu62,Cu62,1.53e-08,Cu62,Cu62,63951831200.107414,76377600.0,0.0763776,True,False,580.38,0.0011942988741168636,1.0,
Cu62,Cu62,1.53e-08,Ni62,Ni-62,65926294568799.89,0.0,0.0,False,True,inf,0.0,1.0,Cu62
Cu64,Cu64,1.8e-09,Cu64,Cu64,592689117586.2278,8985581.601125453,0.008985581601125453,True,False,45720.0,1.5160699487312889e-05,1.0,
Cu64,Cu64,1.8e-09,Ni64,Ni-64,4374230262272.401,0.0,0.0,False,True,inf,0.0,0.61,Cu64
Cu64,Cu64,1.8e-09,Zn64,Zn-64,2796639020141.3716,0.0,0.0,False,True,inf,0.0,0.39,Cu64
Cu69,Cu69,1e-10,Cu69,Cu69,123153065.31441276,499200.0,0.0004992,True,False,171.0,0.004053492283976288,1.0,
Cu69,Cu69,1e-10,Zn69,Zn-69,2437134345.1694317,499200.0,0.0004992,False,False,3384.0,0.00020483072711582307,1.0,Cu69
Zn60,Zn60,1.2e-08,Zn60,Zn60,12341233492.560099,59904000.0,0.059904,True,False,142.79999999999998,0.004853971852660682,1.0,
Zn60,Zn60,1.2e-08,Cu60,Cu-60,122893795703.22453,59904000.0,0.059904,False,False,1422.0,0.00048744527465537644,1.0,Zn60
Zn61,Zn61,4.2e-09,Zn61,Zn61,2695107608.3017282,20966400.000000004,0.020966400000000003,True,False,89.1,0.007779429635914089,1.0,
Zn61,Zn61,4.2e-09,Cu61,Cu-61,362941157917.96606,20966400.000000004,0.020966400000000003,False,False,11998.800000000001,5.776804185084719e-05,1.0,Zn61
Zn62,Zn62,9e-10,Zn62,Zn62,214348555428.2924,4492799.938681388,0.004492799938681388,True,False,33069.6,2.0960252938044166e-05,1.0,
Zn62,Zn62,9e-10,Cu62,Cu-62,3761872371.2757854,4492799.937586007,0.004492799937586007,False,False,580.38,0.0011942988741168636,1.0,Zn62
Zn63,Zn63,2e-10,Zn63,Zn63,3324700647.470497,998400.0,0.0009984,True,False,2308.2,0.0003002977127458389,1.0,
Zn63,Zn63,2e-10,Cu63,Cu-63,859292899352.5295,0.0,0.0,False,True,inf,0.0,1.0,Zn63
Zn64,Zn64,1e-10,Zn64,Zn64,0.0,0.0,0.0,True,True,inf,0.0,1.0,
Zn71,Zn71,1e-10,Zn71,Zn71,105868424.56853026,499200.0,0.0004992,True,False,147.0,0.004715286942584662,1.0,
Zn71,Zn71,1e-10,Ga71,Ga-71,431202931575.43146,0.0,0.0,False,True,inf,0.0,1.0,Zn71
Zn72,Zn72,7e-10,Zn72,Zn72,820339565147.1488,3396750.637297,0.003396750637297,True,False,167400.0,4.140664161051047e-06,1.0,
Zn72,Zn72,7e-10,Ga72,Ga-72,245636962832.05264,3354266.513560783,0.003354266513560783,False,False,50760.0,1.3655381807721538e-05,1.0,Zn72
Ga64,Ga64,3.3e-09,Ga64,Ga64,3746056977.2532477,16473600.0,0.0164736,True,False,157.61999999999998,0.004397583939601227,1.0,
Ga64,Ga64,3.3e-09,Zn64,Zn-64,14229444343022.746,0.0,0.0,False,True,inf,0.0,1.0,Ga64
Ga65,Ga65,5e-10,Ga65,Ga65,3284081741.717674,2496000.0,0.002496,True,False,912.0,0.000760029803245554,1.0,
Ga65,Ga65,5e-10,Zn65,Zn-65,2123015936455.9663,69786.00959910649,6.978600959910649e-05,False,False,21086784.0,3.2871166156012474e-08,1.0,Ga65
Ga73,Ga73,1e-10,Ga73,Ga73,12600503103.748322,499199.99999999936,0.0004991999999999993,True,False,17496.0,3.9617465738451376e-05,1.0,
Ga73,Ga73,1e-10,Ge73,Ge-73,418708296896.2517,0.0,0.0,False,True,inf,0.0,1.0,Ga73
Ga74,Ga74,4e-10,Ga74,Ga74,1403512828.5656583,1996800.0,0.0019968,True,False,487.19999999999993,0.0014227158878488205,1.0,
Ga74,Ga74,4e-10,Ge74,Ge-74,1723831687171.4343,0.0,0.0,False,True,inf,0.0,1.0,Ga74
Ge77,Ge77,2.3e-09,Ge77,Ge77,673841447207.8062,11481595.360779844,0.011481595360779844,True,False,40680.0,1.7039016237953423e-05,1.0,
Ge77,Ge77,2.3e-09,As77,As-77,2270491361697.7705,11258367.569795122,0.011258367569795123,False,False,139788.0,4.958559966234192e-06,1.0,Ge77
Ge78,Ge78,1.48e-08,Ge78,Ge78,562787902685.934,73881600.0,0.0738816,True,False,5280.0,0.00013127787510605024,1.0,
Ge78,Ge78,1.48e-08,As78,As-78,580055258791.0706,73881600.0,0.0738816,False,False,5442.0,0.00012736993395074335,1.0,Ge78
As68,As68,1.3e-09,As68,As68,1419357082.5827172,6489600.0,0.0064896,True,False,151.6,0.004572210953561645,1.0,
As68,As68,1.3e-09,Ge68,Ge-68,5534518951529.521,163871.1276086315,0.0001638711276086315,False,False,23410080.0,2.960891977130985e-08,1.0,As68
As69,As69,3e-10,As69,As69,1974338089.198428,1497600.0,0.0014976,True,False,913.8000000000001,0.0007585326992339081,1.0,
As69,As69,3e-10,Ge69,Ge-69,299417113412.9596,1476313.3303001162,0.0014763133303001162,False,False,140580.0,4.930624417128648e-06,1.0,As69
As77,As77,1e-10,As77,As77,99286623501.12392,492318.6764752399,0.0004923186764752399,True,False,139788.0,4.958559966234192e-06,1.0,
As77,As77,1e-10,Se77,Se-77,332022176498.8761,0.0,0.0,False,True,inf,0.0,1.0,As77
As78,As78,1e-10,As78,As78,3919292289.128855,499200.0,0.0004992,True,False,5442.0,0.00012736993395074335,1.0,
As78,As78,1e-10,Se78,Se-78,427389507710.87115,0.0,0.0,False,True,inf,0.0,1.0,As78
As79,As79,1.3e-09,As79,As79,5061374926.413041,6489600.0,0.0064896,True,False,540.6,0.001282181244099048,1.0,
As79,As79,1.3e-09,Se79m,Se-79m,2140141212.9689944,6307112.448,0.006307112448,False,False,235.2,0.002947054339115414,0.97188,As79
As79,As79,1.3e-09,Se79,Se-79,157532515937.10492,0.011729485471935466,1.1729485471935466e-11,False,False,9309293193600.0,7.445755184039897e-14,0.028121,As79
Se70,Se70,4e-10,Se70,Se70,7103987346.557704,1996800.0,0.0019968,True,False,2466.0,0.00028108158173558204,1.0,
Se70,Se70,4e-10,As70,As-70,9091721032.334192,1996800.0,0.0019968,False,False,3156.0,0.0002196283842078407,1.0,Se70
Se71,Se71,1e-10,Se71,Se71,204822992.83870757,499200.0,0.0004992,True,False,284.40000000000003,0.002437226373276882,1.0,
Se71,Se71,1e-10,As71,As-71,155997728318.90234,460109.38162957644,0.00046010938162957646,False,False,235008.0,2.949462063248678e-06,1.0,Se71
Se81,Se81,2.1e-09,Se81,Se81,16742335142.480434,10483200.000000002,0.010483200000000002,True,False,1107.0,0.0006261492145979632,1.0,
Se81,Se81,2.1e-09,Br81,Br-81,9040742464857.521,0.0,0.0,False,True,inf,0.0,1.0,Se81
Se83,Se83,3.61e-08,Se83,Se83,347866358491.44464,180211200.0,0.1802112,True,False,1338.0,0.0005180472201494359,1.0,
Se83,Se83,3.61e-08,Br83,Br-83,2246311911334.8887,180211200.0,0.1802112,False,False,8640.0,8.022536812036404e-05,1.0,Se83
Se84,Se84,1.13e-07,Se84,Se84,151370241332.06592,564096000.0,0.564096,True,False,186.0,0.0037265977449459425,1.0,
Se84,Se84,1.13e-07,Br84,Br-84,1552765701406.3538,564096000.0,0.564096,False,False,1908.0,0.00036328468582806357,1.0,Se84
Br83,Br83,1e-09,Br83,Br83,62224706685.17698,4992000.0,0.004992,True,False,8640.0,8.022536812036404e-05,1.0,
Br83,Br83,1e-09,Kr83m,Kr-83m,47372797022.2339,4984262.4,0.004984262400000001,False,False,6588.0,0.00010521359753490366,0.99845,Br83
Br83,Br83,1e-09,Kr83,Kr-83,6596914744.895274,0.0,0.0,False,True,inf,0.0,0.0015519,Br83
Br84,Br84,6e-09,Br84,Br84,82447736357.8595,29952000.0,0.029952,True,False,1908.0,0.00036328468582806357,1.0,
Br84,Br84,6e-09,Kr84,Kr-84,25796080263642.14,0.0,0.0,False,True,inf,0.0,1.0,Br84
Br85,Br85,2.23e-08,Br85,Br85,27944942925.90552,111321600.0,0.1113216,True,False,174.0,0.003983604485976697,1.0,
Br85,Br85,2.23e-08,Kr85m,Kr-85m,2584482765871.778,111075579.26399998,0.11107557926399998,False,False,16128.000000000002,4.297787577876644e-05,0.99779,Br85
Br85,Br85,2.23e-08,Kr85,Kr-85,212428138970.76733,433.802468862378,4.3380246886237805e-07,False,False,339426296.91648,2.0421139636405443e-09,0.0022112,Br85
Kr85,Kr85,8e-10,Kr85,Kr85,3447428207828.9155,7040.041281855724,7.040041281855724e-06,True,False,339426296.91648,2.0421139636405443e-09,1.0,
Kr85,Kr85,8e-10,Rb85,Rb-85,3042192171.0844727,0.0,0.0,False,True,inf,0.0,1.0,Kr85
Kr87,Kr87,2.26e-08,Kr87,Kr87,745132220234.6213,112819200.0,0.1128192,True,False,4578.0,0.00015140829632152584,1.0,
Kr87,Kr87,2.26e-08,Rb87,Rb-87,96725106424834.62,4.3155897108248896e-05,4.31558971082489e-14,False,False,1.5535474709184e+18,4.461705828339974e-19,1.0,Kr87
Kr88,Kr88,8.83e-08,Kr88,Kr88,6501755893689.667,440793600.0,0.4407936,True,False,10224.0,6.77960857355189e-05,1.0,
Kr88,Kr88,8.83e-08,Rb88,Rb-88,678410914259.4031,440793600.0,0.4407936,False,False,1066.8000000000002,0.0006497442637419809,1.0,Kr88
Kr89,Kr89,1.93e-07,Kr89,Kr89,262704933536.48154,963456000.0,0.963456,True,False,189.0,0.0036674453997880704,1.0,
Kr89,Kr89,1.93e-07,Rb89,Rb-89,1263485632723.078,963456000.0,0.963456,False,False,909.0,0.0007625381524311829,1.0,Kr89
Rb86,Rb86,1e-10,Rb86,Rb86,360203093710.6089,155012.47608104057,0.00015501247608104058,True,False,1610668.8,4.303474311788651e-07,1.0,
Rb86,Rb86,1e-10,Sr86,Sr-86,71102151004.0766,0.0,0.0,False,True,inf,0.0,0.99995,Rb86
Rb86,Rb86,1e-10,Kr86,Kr-86,3697496.7270483375,0.0,0.0,False,True,inf,0.0,5.2e-05,Rb86
Rb87,Rb87,6e-10,Rb87,Rb87,2587705450754.044,1.1545580491656438e-06,1.1545580491656438e-15,True,False,1.5535474709184e+18,4.461705828339974e-19,1.0,
Rb87,Rb87,6e-10,Sr87,Sr-87,147349245.9560547,0.0,0.0,False,True,inf,0.0,1.0,Rb87
Rb88,Rb88,3.7e-09,Rb88,Rb88,28427184402.715645,18470400.0,0.0184704,True,False,1066.8000000000002,0.0006497442637419809,1.0,
Rb88,Rb88,3.7e-09,Sr88,Sr-88,15929998415597.285,0.0,0.0,False,True,inf,0.0,1.0,Rb88
Rb89,Rb89,1.94e-08,Rb89,Rb89,127003219040.55807,96844799.99999999,0.09684479999999998,True,False,909.0,0.0007625381524311829,1.0,
Rb89,Rb89,1.94e-08,Sr89,Sr-89,78077819229257.47,12396243.3993715,0.012396243399371499,False,False,4365792.0,1.5876779758631315e-07,1.0,Rb89
Rb90,Rb90,5.65e-08,Rb90,Rb90,64291661641.038765,282048000.0,0.282048,True,False,158.0,0.004387007471898388,1.0,
Rb90,Rb90,5.65e-08,Sr90,Sr-90,243544922942198.9,185809.6152831973,0.0001858096152831973,False,False,908523901.8432001,7.629377489724798e-10,1.0,Rb90
Sr89,Sr89,8e-10,Sr89,Sr89,3224270758487.3403,511910.3671469864,0.0005119103671469864,True,False,4365792.0,1.5876779758631315e-07,1.0,
Sr89,Sr89,8e-10,Y89,Y-89,226199641512.65967,0.0,0.0,False,True,inf,0.0,1.0,Sr89
Sr90,Sr90,3.3e-09,Sr90,Sr90,14228500326066.217,10855.460010023155,1.0855460010023155e-05,True,False,908523901.8432001,7.629377489724798e-10,1.0,
Sr90,Sr90,3.3e-09,Y90,Y-90,2325516338.8476343,6985.2881505387595,6.98528815053876e-06,False,False,230759.99999999997,3.0037579327437396e-06,1.0,Sr90
Sr91,Sr91,1.78e-08,Sr91,Sr91,4444243973426.705,88857597.20495123,0.08885759720495123,True,False,34668.0,1.999386121379789e-05,1.0,
Sr91,Sr91,1.78e-08,Y91m,Y-91m,222708954189.66043,51756884.49071855,0.05175688449071855,False,False,2982.6,0.00023239696256955185,0.58247,Sr91
Sr91,Sr91,1.78e-08,Y91,Y-91,28569422224965.168,3917266.1339667416,0.003917266133966741,False,False,5055264.0,1.3711394312145624e-07,0.41753,Sr91
Sr92,Sr92,6.97e-08,Sr92,Sr92,4806910445352.159,347942400.0,0.3479424,True,False,9576.0,7.238379078529086e-05,1.0,
Sr92,Sr92,6.97e-08,Y92,Y-92,6397166532536.332,347942400.0,0.3479424,False,False,12744.0,5.439008008160274e-05,1.0,Sr92
Sr93,Sr93,1.64e-07,Sr93,Sr93,526045941852.4116,818688000.0000001,0.8186880000000001,True,False,445.38,0.001556305133952906,1.0,
Sr93,Sr93,1.64e-07,Y93,Y-93,43285576622170.125,818687933.7090347,0.8186879337090347,False,False,36648.0,1.891364277886775e-05,1.0,Sr93
Sr94,Sr94,2.49e-07,Sr94,Sr94,135034095247.11375,1243008000.0,1.243008,True,False,75.3,0.009205141840105515,1.0,
Sr94,Sr94,2.49e-07,Y94,Y-94,2012061817626.3162,1243008000.0,1.243008,False,False,1122.0,0.0006177782357931777,1.0,Sr94
Y81,Y81,7e-10,Y81,Y81,354911289.9821206,3494400.0,0.0034944,True,False,70.4,0.009845840632953767,1.0,
Y81,Y81,7e-10,Sr81,Sr-81,6745331051.080644,3494400.0,0.0034944,False,False,1338.0,0.0005180472201494359,1.0,Y81
Y92,Y92,1.2e-09,Y92,Y92,110137730832.76324,5990400.0,0.0059904,True,False,12744.0,5.439008008160274e-05,1.0,
Y92,Y92,1.2e-09,Zr92,Zr-92,5065567869167.236,0.0,0.0,False,True,inf,0.0,1.0,Y92
Y93,Y93,9.5e-09,Y93,Y93,2507396209239.448,47423996.20664206,0.04742399620664206,True,False,36648.0,1.891364277886775e-05,1.0,
Y93,Y93,9.5e-09,Zr93,Zr-93,38466939724495.85,0.552238873732062,5.522388737320621e-10,False,False,48282096902400.0,1.4356194635893918e-14,1.0,Y93
Y94,Y94,4.83e-08,Y94,Y94,390291509202.21313,241113600.0,0.2411136,True,False,1122.0,0.0006177782357931777,1.0,
Y94,Y94,4.83e-08,Zr94,Zr-94,207931858890797.78,0.0,0.0,False,True,inf,0.0,1.0,Y94
Y95,Y95,9.78e-08,Y95,Y95,435287750223.93176,488217600.0,0.4882176,True,False,618.0,0.001121597379546837,1.0,
Y95,Y95,9.78e-08,Zr95,Zr-95,399400300776007.0,50040661.16494766,0.05004066116494766,False,False,5532364.8,1.2528949294159802e-07,1.0,Y95
Zr95,Zr95,6.7e-09,Zr95,Zr95,27388543139846.195,3431496.682400413,0.0034314966824004127,True,False,5532364.8,1.2528949294159802e-07,1.0,
Zr95,Zr95,6.7e-09,Nb95,Nb-95,1398152010053.5925,320560.3146374107,0.0003205603146374107,False,False,3023222.4,2.292742937337145e-07,0.9892,Zr95
Zr95,Zr95,6.7e-09,Nb95m,Nb-95m,9386787785.52295,20860.346414440868,2.0860346414440868e-05,False,False,311904.0,2.2223093662150703e-06,0.010802,Zr95
Zr97,Zr97,9.56e-08,Zr97,Zr97,41499960850237.805,477212083.54386383,0.47721208354386385,True,False,60278.4,1.149909719833216e-05,1.0,
Zr97,Zr97,9.56e-08,Nb97,Nb-97,2978316582104.377,477210296.2784516,0.47721029627845163,False,False,4326.0,0.00016022819707811958,1.0,Zr97
Nb87,Nb87,8e-10,Nb87,Nb87,1296348055.941187,3993600.0,0.0039936,True,False,225.0,0.003080654135821979,1.0,
Nb87,Nb87,8e-10,Zr87,Zr-87,34845835743.699104,3993600.0,0.0039936,False,False,6048.0,0.0001146076687433772,1.0,Nb87
Nb88,Nb88,1e-10,Nb88,Nb88,626568227.0382404,499200.0,0.0004992,True,False,870.0,0.0007967208971953394,1.0,
Nb88,Nb88,1e-10,Zr88,Zr-88,413295235592.09625,39756.309853439445,3.9756309853439446e-05,False,False,7205760.000000001,9.619348695487293e-08,1.0,Nb88
Nb90,Nb90,1e-10,Nb90,Nb90,37852936981.72062,499194.378706106,0.000499194378706106,True,False,52560.0,1.3187731745813266e-05,1.0,
Nb90,Nb90,1e-10,Zr90,Zr-90,393455863018.27936,0.0,0.0,False,True,inf,0.0,1.0,Nb90
Nb96,Nb96,3e-10,Nb96,Nb96,181472124280.2148,1496394.1386516166,0.0014963941386516167,True,False,84060.0,8.245862247917504e-06,1.0,
Nb96,Nb96,3e-10,Mo96,Mo-96,1112454275719.7852,0.0,0.0,False,True,inf,0.0,1.0,Nb96
Nb97,Nb97,2.3e-09,Nb97,Nb97,71657799372.24234,11481600.0,0.0114816,True,False,4326.0,0.00016022819707811958,1.0,
Nb97,Nb97,2.3e-09,Mo97,Mo-97,9848444600627.758,0.0,0.0,False,True,inf,0.0,1.0,Nb97
Nb99,Nb99,5.26e-08,Nb99,Nb99,5682325645.20887,262579200.0,0.2625792,True,False,15.0,0.046209812037329684,1.0,
Nb99,Nb99,5.26e-08,Mo99,Mo-99,82710766892183.61,241510526.71312276,0.24151052671312276,False,False,237384.0,2.9199406049268075e-06,1.0,Nb99
Mo89,Mo89,4e-10,Mo89,Mo89,364705919.7381206,1996800.0,0.0019968,True,False,126.6,0.005475096212953754,1.0,
Mo89,Mo89,4e-10,Nb89,Nb-89,21052692428.48487,1996799.9999999995,0.0019967999999999995,False,False,7307.999999999999,9.484772585658803e-05,1.0,Mo89
Mo99,Mo99,8e-10,Mo99,Mo99,1257965366193.7742,3673184.152340822,0.0036731841523408217,True,False,237384.0,2.9199406049268075e-06,1.0,
Mo99,Mo99,8e-10,Tc99m,Tc-99m,99789336493.42271,3194268.8297942,0.0031942688297942,False,False,21654.0,3.20101219432874e-05,0.8773,Mo99
Mo99,Mo99,8e-10,Tc99,Tc-99,269020358147.8936,0.027991597311990753,2.7991597311990752e-11,False,False,6661667095488.0,1.0405010797213499e-13,0.1227,Mo99
Mo101,Mo101,3.9e-08,Mo101,Mo101,246215386264.9096,194688000.0,0.194688,True,False,876.5999999999999,0.0007907223141226847,1.0,
Mo101,Mo101,3.9e-08,Tc101,Tc-101,239305851126.74316,194688000.00000003,0.19468800000000003,False,False,852.0,0.0008135530288262268,1.0,Mo101
Mo102,Mo102,1.19e-07,Mo102,Mo102,581066410274.7047,594048000.0,0.594048,True,False,678.0,0.0010223409742772054,1.0,
Mo102,Mo102,1.19e-07,Tc102,Tc-102,4525118947.272037,594048000.0,0.594048,False,False,5.28,0.13127787510605024,1.0,Mo102
Tc91,Tc91,1.8e-09,Tc91,Tc91,2442319737.3931966,8985600.0,0.0089856,True,False,188.4,0.0036791251622077773,1.0,
Tc91,Tc91,1.8e-09,Mo91,Mo-91,11964161985.270609,8922880.512,0.008922880512,False,False,929.4,0.0007458007107380518,0.99302,Tc91
Tc91,Tc91,1.8e-09,Mo91m,Mo-91m,5844415.907154735,62709.60384,6.270960384e-05,False,False,64.6,0.010729832516407823,0.0069789,Tc91
Tc92,Tc92,2e-10,Tc92,Tc92,367298615.85000294,998400.0,0.0009984,True,False,255.0,0.0027182242374899817,1.0,
Tc92,Tc92,2e-10,Mo92,Mo-92,862250301384.15,0.0,0.0,False,True,inf,0.0,1.0,Tc92
Tc93,Tc93,1e-10,Tc93,Tc93,7129914307.676529,499200.0,0.0004992,True,False,9900.0,7.00148667232268e-05,1.0,
Tc93,Tc93,1e-10,Mo93,Mo-93,424177895806.76306,2.3292645154105265,2.3292645154105267e-09,False,False,126227704320.00002,5.491244448229424e-12,1.0,Tc93
Tc101,Tc101,3e-10,Tc101,Tc101,1840814239.4364855,1497600.0,0.0014976,True,False,852.0,0.0008135530288262268,1.0,
Tc101,Tc101,3e-10,Ru101,Ru-101,1292085585760.5635,0.0,0.0,False,True,inf,0.0,1.0,Tc101
Tc102,Tc102,2.7e-09,Tc102,Tc102,102670766.03054203,13478400.000000002,0.013478400000000001,True,False,5.28,0.13127787510605024,1.0,
Tc102,Tc102,2.7e-09,Ru102,Ru-102,11645234929233.97,0.0,0.0,False,True,inf,0.0,1.0,Tc102
Tc104,Tc104,4.5e-08,Tc104,Tc104,355847541355.85583,224640000.0,0.22464,True,False,1098.0,0.000631281585209422,1.0,
Tc104,Tc104,4.5e-08,Ru104,Ru-104,193733112458644.16,0.0,0.0,False,True,inf,0.0,1.0,Tc104
Tc105,Tc105,1.04e-07,Tc105,Tc105,341544501138.63806,519168000.0,0.519168,True,False,456.0,0.001520059606491108,1.0,
Tc105,Tc105,1.04e-07,Ru105,Ru-105,11972033566228.05,519168000.0,0.519168,False,False,15984.000000000002,4.336506384884542e-05,1.0,Tc105
Ru92,Ru92,4.9e-09,Ru92,Ru92,7728394993.502709,24460800.0,0.0244608,True,False,219.0,0.003165055618995184,1.0,
Ru92,Ru92,4.9e-09,Tc92,Tc-92,8998816088.325073,24460800.0,0.0244608,False,False,255.0,0.0027182242374899817,1.0,Ru92
Ru94,Ru94,2.9e-09,Ru94,Ru94,64912468321.161705,14476800.0,0.0144768,True,False,3108.0,0.00022302032836549077,1.0,
Ru94,Ru94,2.9e-09,Tc94m,Tc-94m,65163095611.977,14476800.0,0.0144768,False,False,3120.0,0.00022216255787177734,1.0,Ru94
Ru95,Ru95,3.1e-09,Ru95,Ru95,132053791066.50496,15475200.0,0.0154752,True,False,5914.8,0.0001171886083316334,1.0,
Ru95,Ru95,3.1e-09,Tc95,Tc-95,1565051954903.243,15066824.305152964,0.015066824305152963,False,False,72000.0,9.627044174443684e-06,0.97387,Ru95
Ru95,Ru95,3.1e-09,Tc95m,Tc-95m,327183410443.3942,43030.1795831106,4.30301795831106e-05,False,False,5270400.0,1.3151699691862958e-07,0.026131,Ru95
Ru97,Ru97,3.2e-09,Ru97,Ru97,5245427572503.979,14510908.89492549,0.01451090889492549,True,False,250560.0,2.766392004150484e-06,1.0,
Ru97,Ru97,3.2e-09,Tc97,Tc-97,8552860334186.648,0.07225514896397553,7.225514896397552e-11,False,False,82048007808000.0,8.448068381891422e-15,0.99958,Ru97
Ru97,Ru97,3.2e-09,Tc97m,Tc-97m,3503499123.1280165,311.95283780501416,3.1195283780501414e-07,False,False,7784639.999999999,8.9040364173545e-08,0.00042179,Ru97
Ru105,Ru105,5.1e-09,Ru105,Ru105,587090107574.6448,25459200.0,0.0254592,True,False,15984.000000000002,4.336506384884542e-05,1.0,
Ru105,Ru105,5.1e-09,Rh105,Rh-105,4627156497755.089,25195610.863095235,0.025195610863095234,False,False,127296.0,5.445160732151406e-06,1.0,Ru105
Ru106,Ru106,2.69e-08,Ru106,Ru106,114952374456070.48,2468507.3361300323,0.0024685073361300322,True,False,32278175.999999996,2.1474174394487017e-08,1.0,
Ru106,Ru106,2.69e-08,Rh106,Rh-106,106121606.1104611,2468385.6399986297,0.0024683856399986296,False,False,29.8,0.023259972502011585,1.0,Ru106
Ru107,Ru107,5.64e-08,Ru107,Ru107,91392537943.85368,281548800.0,0.2815488,True,False,225.0,0.003080654135821979,1.0,
Ru107,Ru107,5.64e-08,Rh107,Rh-107,528858152901.76666,281548800.0,0.2815488,False,False,1302.0,0.0005323711064208489,1.0,Ru107
Ru108,Ru108,7.16e-08,Ru108,Ru108,140774756554.83997,357427200.0,0.3574272,True,False,273.0,0.002539000661391741,1.0,
Ru108,Ru108,7.16e-08,Rh108,Rh-108,8663061941.836306,357427199.99999994,0.35742719999999994,False,False,16.8,0.04125876074761579,1.0,Ru108
Rh94,Rh94,3.49e-08,Rh94,Rh94,17745132383.08738,174220800.0,0.1742208,True,False,70.6,0.009817948733143702,1.0,
Rh94,Rh94,3.49e-08,Ru94,Ru-94,781187980830.5322,174220800.0,0.1742208,False,False,3108.0,0.00022302032836549077,1.0,Rh94
Rh95,Rh95,5.18e-08,Rh95,Rh95,112365721024.9075,258585600.0,0.2585856,True,False,301.2,0.0023012854600263787,1.0,
Rh95,Rh95,5.18e-08,Ru95,Ru-95,2206576250724.1797,258585600.0,0.2585856,False,False,5914.8,0.0001171886083316334,1.0,Rh95
Rh96,Rh96,6.83e-08,Rh96,Rh96,292183888328.58417,340953600.0,0.3409536,True,False,594.0,0.0011669144453871133,1.0,
Rh96,Rh96,6.83e-08,Ru96,Ru-96,294291726511671.44,0.0,0.0,False,True,inf,0.0,1.0,Rh96
Rh97,Rh97,5.83e-08,Rh97,Rh97,773405571334.6986,291033600.0,0.2910336,True,False,1842.0,0.00037630140095545346,1.0,
Rh97,Rh97,5.83e-08,Ru97,Ru-97,95493753453686.75,264173156.0005967,0.2641731560005967,False,False,250560.0,2.766392004150484e-06,1.0,Rh97
Rh98,Rh98,3.54e-08,Rh98,Rh98,133083091422.92226,176716800.0,0.1767168,True,False,522.0,0.0013278681619922324,1.0,
Rh98,Rh98,3.54e-08,Ru98,Ru-98,152550232108577.06,0.0,0.0,False,True,inf,0.0,1.0,Rh98
Rh99,Rh99,9e-09,Rh99,Rh99,31542212821021.785,15717302.080107693,0.015717302080107694,True,False,1391040.0000000002,4.982942119277268e-07,1.0,
Rh99,Rh99,9e-09,Ru99,Ru-99,7275579178978.215,0.0,0.0,False,True,inf,0.0,1.0,Rh99
Rh100,Rh100,3.3e-09,Rh100,Rh100,1779028329295.863,16468061.840113478,0.016468061840113478,True,False,74880.0,9.256773244657388e-06,1.0,
Rh100,Rh100,3.3e-09,Ru100,Ru-100,12454162070704.137,0.0,0.0,False,True,inf,0.0,1.0,Rh100
Rh101,Rh101,6e-10,Rh101,Rh101,2580425892312.9746,17175.45376391646,1.717545376391646e-05,True,False,104137856.064,6.6560538766417264e-09,1.0,
Rh101,Rh101,6e-10,Ru101,Ru-101,7426907687.025391,0.0,0.0,False,True,inf,0.0,1.0,Rh101
Rh106,Rh106,1e-10,Rh106,Rh106,21461762.259470765,499200.0,0.0004992,True,False,29.8,0.023259972502011585,1.0,
Rh106,Rh106,1e-10,Pd106,Pd-106,431287338237.74054,0.0,0.0,False,True,inf,0.0,1.0,Rh106
Rh107,Rh107,1.8e-09,Rh107,Rh107,16878451688.354254,8985600.0,0.0089856,True,False,1302.0,0.0005323711064208489,1.0,
Rh107,Rh107,1.8e-09,Pd107,Pd-107,7746679884401.139,0.026177792558417422,2.6177792558417423e-11,False,False,205120019520000.0,3.3792273527565687e-15,1.0,Rh107
Rh108,Rh108,3.7e-09,Rh108,Rh108,447672195.31835663,18470400.0,0.0184704,True,False,16.8,0.04125876074761579,1.0,
Rh108,Rh108,3.7e-09,Pd108,Pd-108,15957977927804.682,0.0,0.0,False,True,inf,0.0,1.0,Rh108
Rh109,Rh109,1.3e-09,Rh109,Rh109,749001098.9882414,6489600.0,0.0064896,True,False,80.0,0.008664339756999316,1.0,
Rh109,Rh109,1.3e-09,Pd109,Pd-109,461797156965.6573,6489565.336964481,0.006489565336964481,False,False,49324.32,1.4052848180369142e-05,1.0,Rh109
Pd96,Pd96,1.37e-08,Pd96,Pd96,12037311892.778334,68390400.0,0.0683904,True,False,122.0,0.0056815342668847975,1.0,
Pd96,Pd96,1.37e-08,Rh96m,Rh-96m,8939184077.751778,68390400.0,0.0683904,False,False,90.6,0.007650631132008227,1.0,Pd96
Pd97,Pd97,4.13e-08,Pd97,Pd97,55323813867.38339,206169600.0,0.2061696,True,False,186.0,0.0037265977449459425,1.0,
Pd97,Pd97,4.13e-08,Rh97,Rh-97,541517806552.4202,203773909.24799997,0.20377390924799996,False,False,1842.0,0.00037630140095545346,0.98838,Pd97
Pd97,Pd97,4.13e-08,Rh97m,Rh-97m,9582377242.652554,2396103.0912,0.0023961030912,False,False,2772.0,0.0002500530954400957,0.011622,Pd97
Pd98,Pd98,9.79e-08,Pd98,Pd98,748783600592.1891,488716800.0,0.4887168,True,False,1062.0,0.0006526809609792328,1.0,
Pd98,Pd98,9.79e-08,Rh98,Rh-98,368046176562.2624,488716800.0,0.4887168,False,False,522.0,0.0013278681619922324,1.0,Pd98
Pd99,Pd99,1.3e-07,Pd99,Pd99,1202146763876.1274,648960000.0,0.64896,True,False,1284.0,0.000539834252772543,1.0,
Pd99,Pd99,1.3e-07,Rh99m,Rh-99m,15310211998743.346,627200371.1999997,0.6272003711999997,False,False,16920.0,4.096614542316461e-05,0.96647,Pd99
Pd99,Pd99,1.3e-07,Rh99,Rh-99,15249908652667.076,7598941.214050563,0.007598941214050563,False,False,1391040.0000000002,4.982942119277268e-07,0.033529,Pd99
Pd100,Pd100,1.06e-07,Pd100,Pd100,203955741377898.97,450755494.00285697,0.45075549400285697,True,False,313632.0,2.210065237475593e-06,1.0,
Pd100,Pd100,1.06e-07,Rh100,Rh-100,46044524380174.48,426223721.3453739,0.42622372134537395,False,False,74880.0,9.256773244657388e-06,1.0,Pd100
Pd101,Pd101,5.78e-08,Pd101,Pd101,12692958609619.123,288537599.148025,0.28853759914802496,True,False,30492.000000000004,2.2732099585463243e-05,1.0,
Pd101,Pd101,5.78e-08,Rh101m,Rh-101m,121360280133773.36,224335786.84153157,0.22433578684153158,False,False,374976.0,1.8485107861835032e-06,0.9973,Pd101
Pd101,Pd101,5.78e-08,Rh101,Rh-101,637084327301.4215,4240.467606482313,4.240467606482313e-06,False,False,104137856.064,6.6560538766417264e-09,0.0027,Pd101
Pd103,Pd103,5.6e-09,Pd103,Pd103,19833463947017.258,9364645.672717486,0.009364645672717485,True,False,1468022.4,4.721638992429171e-07,1.0,
Pd103,Pd103,5.6e-09,Rh103m,Rh-103m,45222937257.13276,9310258.716309916,0.009310258716309916,False,False,3366.8399999999997,0.00020587470166682863,0.99875,Pd103
Pd103,Pd103,5.6e-09,Rh103,Rh-103,5404969860.852009,0.0,0.0,False,True,inf,0.0,0.0012512,Pd103
Pd114,Pd114,1.2e-09,Pd114,Pd114,1254864918.151069,5990400.0,0.0059904,True,False,145.2,0.004773740912947282,1.0,
Pd114,Pd114,1.2e-09,Ag114,Ag-114,39754673.71552973,5990400.0,0.0059904,False,False,4.6,0.15068416968694465,1.0,Pd114
Ag99,Ag99,1.44e-07,Ag99,Ag99,128597727149.36575,718848000.0,0.718848,True,False,124.0,0.005589896617418913,1.0,
Ag99,Ag99,1.44e-07,Pd99,Pd-99,1331608723062.7874,718848000.0,0.718848,False,False,1284.0,0.000539834252772543,1.0,Ag99
Ag101,Ag101,1.73e-08,Ag101,Ag101,82979239060.79538,86361600.0,0.0863616,True,False,666.0,0.0010407615323722902,1.0,
Ag101,Ag101,1.73e-08,Pd101,Pd-101,3799103528234.13,86361599.73930301,0.086361599739303,False,False,30492.000000000004,2.2732099585463243e-05,1.0,Ag101
Ag102,Ag102,3.3e-09,Ag102,Ag102,18395178913.805443,16473600.0,0.0164736,True,False,774.0,0.0008955389929715056,1.0,
Ag102,Ag102,3.3e-09,Pd102,Pd-102,14214795221086.195,0.0,0.0,False,True,inf,0.0,1.0,Ag102
Ag103,Ag103,6e-10,Ag103,Ag103,17034013455.067196,2995200.0,0.0029952,True,False,3942.0,0.00017583642327751023,1.0,
Ag103,Ag103,6e-10,Pd103,Pd-103,2113655664447.188,997991.9001822631,0.000997991900182263,False,False,1468022.4,4.721638992429171e-07,1.0,Ag103
Ag116,Ag116,4e-10,Ag116,Ag116,463228371.98965085,1996800.0,0.0019968,True,False,160.8,0.004310616794527023,1.0,
Ag116,Ag116,4e-10,Cd116,Cd-116,1724771971628.0103,0.0,0.0,False,True,inf,0.0,1.0,Ag116
Ag117,Ag117,2.2e-09,Ag117,Ag117,1166137095.6555388,10982400.0,0.0109824,True,False,73.6,0.00941776060543404,1.0,
Ag117,Ag117,2.2e-09,Cd117,Cd-117,120301886215.34248,9302422.272,0.009302422272,False,False,8964.0,7.7325656019628e-05,0.84703,Ag117
Ag117,Ag117,2.2e-09,Cd117m,Cd-117m,29317021215.425087,1679977.728,0.001679977728,False,False,12096.0,5.73038343716886e-05,0.15297,Ag117
Cd101,Cd101,1.3e-09,Cd101,Cd101,763981120.9680063,6489600.0,0.0064896,True,False,81.60000000000001,0.008494450742156191,1.0,
Cd101,Cd101,1.3e-09,Ag101,Ag-101,6235434149.077109,6489600.0,0.0064896,False,False,666.0,0.0010407615323722902,1.0,Cd101
Cd116,Cd116,1e-10,Cd116,Cd116,0.0,0.0,0.0,True,True,inf,0.0,1.0,
Cd118,Cd118,8e-10,Cd118,Cd118,17388348590.357788,3993600.0,0.0039936,True,False,3018.0,0.00022967103398275192,1.0,
Cd118,Cd118,8e-10,In118,In-118,28807734.576470822,3993600.0,0.0039936,False,False,5.0,0.13862943611198905,1.0,Cd118
Cd119,Cd119,1.4e-09,Cd119,Cd119,1627348926.2248368,6988800.0,0.0069888,True,False,161.4,0.004294592196777852,1.0,
Cd119,Cd119,1.4e-09,In119m,In-119m,9810300587.454988,6296279.808,0.006296279808,False,False,1080.0,0.0006418029449629123,0.90091,Cd119
Cd119,Cd119,1.4e-09,In119,In-119,143872648.146443,692534.1696000001,0.0006925341696000001,False,False,144.0,0.004813522087221842,0.099092,Cd119
In103,In103,2.6e-09,In103,In103,1123501648.482362,12979200.0,0.0129792,True,False,60.0,0.011552453009332421,1.0,
In103,In103,2.6e-09,Cd103,Cd-103,8201562033.921243,12979200.0,0.0129792,False,False,438.0,0.001582527809497592,1.0,In103
In118,In118,1e-10,In118,In118,3600966.8220588528,499200.0,0.0004992,True,False,5.0,0.13862943611198905,1.0,
In118,In118,1e-10,Sn118,Sn-118,431305199033.1779,0.0,0.0,False,True,inf,0.0,1.0,In118
In121,In121,1.1e-09,In121,In121,183001133.89703092,5491200.0,0.0054912,True,False,23.1,0.030006371452811483,1.0,
In121,In121,1.1e-09,Sn121,Sn-121,681938892280.6997,4857606.98502219,0.00485760698502219,False,False,97308.0,7.1232291338836e-06,0.8865,In121
In121,In121,1.1e-09,Sn121m,Sn-121m,538351898918.627,269.359624248809,2.69359624248809e-07,False,False,1385349054.912,5.003411797931138e-10,0.1135,In121
Sn121,Sn121,1e-10,Sn121,Sn121,69931727112.20503,498139.71594845655,0.0004981397159484565,True,False,97308.0,7.1232291338836e-06,1.0,
Sn121,Sn121,1e-10,Sb121,Sb-121,361377072887.795,0.0,0.0,False,True,inf,0.0,1.0,Sn121
Sn123,Sn123,1.6e-09,Sn123,Sn123,6719092443256.019,417214.9107546211,0.0004172149107546211,True,False,11162879.999999998,6.209393817365639e-08,1.0,
Sn123,Sn123,1.6e-09,Sb123,Sb-123,181848356743.98145,0.0,0.0,False,True,inf,0.0,1.0,Sn123
Sn124,Sn124,5.4e-09,Sn124,Sn124,0.0,0.0,0.0,True,True,inf,0.0,1.0,
Sn125,Sn125,1.24e-08,Sn125,Sn125,38140791166070.305,31741276.05497841,0.03174127605497841,True,False,832896.0,8.322133622444402e-07,1.0,
Sn125,Sn125,1.24e-08,Sb125,Sb-125,15304383071604.758,121860.83837295692,0.00012186083837295692,False,False,87051674.00724481,7.962479624484403e-09,1.0,Sn125
Sn126,Sn126,3.08e-08,Sn126,Sn126,132843104945768.31,12.686503695982765,1.2686503695982765e-08,True,False,7258092998400.0,9.549990344746824e-14,1.0,
Sn126,Sn126,3.08e-08,Sb126m,Sb-126m,20989.51904314562,12.662163573599363,1.2662163573599363e-08,False,False,1149.0,0.0006032612537510403,1.0,Sn126
Sn127,Sn127,8.15e-08,Sn127,Sn127,4437399395486.684,406848000.0,0.406848,True,False,7560.0,9.168613499470175e-05,1.0,
Sn127,Sn127,8.15e-08,Sb127,Sb-127,162233764330757.12,338058791.2983734,0.3380587912983734,False,False,332640.0,2.083775795334131e-06,1.0,Sn127
Sn128,Sn128,1.59e-07,Sn128,Sn128,4058489822215.6333,793728000.0,0.793728,True,False,3544.2,0.00019557225341683464,1.0,
Sn128,Sn128,1.59e-07,Sb128m,Sb-128m,714547048434.7822,793728000.0,0.793728,False,False,624.0,0.0011108127893588867,1.0,Sn128
Sn129,Sn129,2.6e-07,Sn129,Sn129,250540867611.56677,1297920000.0,1.29792,True,False,133.8,0.005180472201494359,1.0,
Sn129,Sn129,2.6e-07,Sb129,Sb-129,29660443519934.363,1297920000.0,1.29792,False,False,15840.000000000002,4.375929170201674e-05,1.0,Sn129
Sn130,Sn130,2.62e-07,Sn130,Sn130,421157556414.17285,1307904000.0,1.307904,True,False,223.20000000000002,0.003105498120788285,1.0,
Sn130,Sn130,2.62e-07,Sb130m,Sb-130m,713250700378.8411,1307904000.0,1.307904,False,False,378.0,0.0018337226998940352,1.0,Sn130
Sb126,Sb126,3e-10,Sb126,Sb126,990194232957.5682,643228.3145723273,0.0006432283145723273,True,False,1067040.0,6.495981224320975e-07,1.0,
Sb126,Sb126,3e-10,Te126,Te-126,303732167042.43176,0.0,0.0,False,True,inf,0.0,1.0,Sb126
Sb127,Sb127,2.6e-09,Sb127,Sb127,5199490614339.745,10834572.690228151,0.010834572690228151,True,False,332640.0,2.083775795334131e-06,1.0,
Sb127,Sb127,2.6e-09,Te127,Te-127,423465558041.77325,8720260.178874005,0.008720260178874005,False,False,33660.0,2.0592607859772586e-05,0.8232,Sb127
Sb127,Sb127,2.6e-09,Te127m,Te-127m,1038320745981.0485,76421.71015902808,7.642171015902808e-05,False,False,9417600.0,7.360125515629728e-08,0.1768,Sb127
Sb128,Sb128,8.2e-09,Sb128,Sb128,1915535723026.8306,40934399.60777851,0.04093439960777851,True,False,32436.0,2.1369687401650797e-05,1.0,
Sb128,Sb128,8.2e-09,Te128,Te-128,33451785876973.168,0.0,0.0,False,True,inf,0.0,1.0,Sb128
Sb129,Sb129,4.01e-08,Sb129,Sb129,4574553019805.262,200179200.0,0.2001792,True,False,15840.000000000002,4.375929170201674e-05,1.0,
Sb129,Sb129,4.01e-08,Te129,Te-129,933229193594.6342,154900666.752,0.154900666752,False,False,4176.0,0.00016598352024902905,0.77381,Sb129
Sb129,Sb129,4.01e-08,Te129m,Te-129m,34502756941939.293,8238084.45486466,0.00823808445486466,False,False,2903040.0,2.387659765487025e-07,0.22619,Sb129
Sb130,Sb130,1.09e-07,Sb130,Sb130,1860475518284.9268,544128000.0,0.544128,True,False,2370.0,0.00029246716479322586,1.0,
Sb130,Sb130,1.09e-07,Te130,Te-130,468266116481715.06,0.0,0.0,False,True,inf,0.0,1.0,Sb130
Sb131,Sb131,2.41e-07,Sb131,Sb131,2398343290175.4854,1203072000.0,1.203072,True,False,1381.8000000000002,0.0005016262704877299,1.0,
Sb131,Sb131,2.41e-07,Te131,Te-131,2389829848405.105,1104335880.96,1.1043358809600001,False,False,1500.0,0.00046209812037329687,0.91793,Sb131
Sb131,Sb131,2.41e-07,Te131m,Te-131m,15322746380997.766,98341837.52244173,0.09834183752244173,False,False,108000.0,6.418029449629123e-06,0.082067,Sb131
Sb133,Sb133,1.69e-07,Sb133,Sb133,182569017878.38385,843648000.0,0.843648,True,False,150.0,0.0046209812037329686,1.0,
Sb133,Sb133,1.69e-07,Te133,Te-133,754576007793.1481,697376309.7599999,0.6973763097599999,False,False,750.0,0.0009241962407465937,0.82662,Sb133
Sb133,Sb133,1.69e-07,Te133m,Te-133m,701448569645.7529,146271690.24,0.14627169024,False,False,3324.0,0.00020852803265943,0.17338,Sb133
Te129,Te129,2e-10,Te129,Te129,6015054979.567107,998400.0,0.0009984,True,False,4176.0,0.00016598352024902905,1.0,
Te129,Te129,2e-10,I129,I-129,856602547509.2344,0.0011984239448023604,1.1984239448023605e-12,False,False,495443739456000.0,1.3990431715234201e-15,1.0,Te129
Te130,Te130,1.38e-08,Te130,Te130,0.0,0.0,0.0,True,True,inf,0.0,1.0,
Te131,Te131,6.95e-08,Te131,Te131,750801582399.2706,346943999.99999994,0.3469439999999999,True,False,1500.0,0.00046209812037329687,1.0,
Te131,Te131,6.95e-08,I131,I-131,200382437866090.34,200428327.23656377,0.20042832723656379,False,False,692988.48,1.000229008943908e-06,1.0,Te131
Te132,Te132,2.28e-07,Te132,Te132,402313808196898.7,1007358719.1792048,1.0073587191792048,True,False,276825.60000000003,2.503912862683022e-06,1.0,
Te132,Te132,2.28e-07,I132,I-132,11959289777183.621,1003334300.4786013,1.0033343004786013,False,False,8262.0,8.389580979907351e-05,1.0,Te132
Te133,Te133,3.5e-07,Te133,Te133,1890507581580.8977,1747200000.0,1.7472,True,False,750.0,0.0009241962407465937,1.0,
Te133,Te133,3.5e-07,I133,I-133,188684180815631.06,1746606676.6642303,1.7466066766642303,False,False,74880.0,9.256773244657388e-06,1.0,Te133
Te134,Te134,3.72e-07,Te134,Te134,6719231243554.36,1857024000.0,1.857024,True,False,2508.0,0.0002763744739074742,1.0,
Te134,Te134,3.72e-07,I134,I-134,8439225844177.128,1857024000.0,1.857024,False,False,3150.0,0.0002200467239872842,1.0,Te134
I130,I130,2e-10,I130,I130,64091356356.99972,998398.5741890749,0.000998398574189075,True,False,44496.0,1.5577741382594957e-05,1.0,
I130,I130,2e-10,Xe130,Xe-130,798526243643.0002,0.0,0.0,False,True,inf,0.0,1.0,I130
I131,I131,1e-09,I131,I131,2887762647738.8896,2888423.9712131056,0.002888423971213106,True,False,692988.48,1.000229008943908e-06,1.0,
I131,I131,1e-09,Xe131,Xe-131,1408563526118.5195,0.0,0.0,False,True,inf,0.0,0.98824,I131
I131,I131,1e-09,Xe131m,Xe-131m,13742057121.043928,9311.331007321107,9.311331007321107e-06,False,False,1022976.0,6.775791226382097e-07,0.011759,I131
I132,I132,1.27e-08,I132,I132,755680172249.796,63398400.0,0.0633984,True,False,8262.0,8.389580979907351e-05,1.0,
I132,I132,1.27e-08,Xe132,Xe-132,54020537427750.2,0.0,0.0,False,True,inf,0.0,1.0,I132
I133,I133,8.74e-08,I133,I133,47117295751654.07,436154122.6745206,0.43615412267452064,True,False,74880.0,9.256773244657388e-06,1.0,
I133,I133,8.74e-08,Xe133,Xe-133,188488542599420.06,288414318.4533548,0.2884143184533548,False,False,452995.2,1.5301424398314711e-06,0.97115,I133
I133,I133,8.74e-08,Xe133m,Xe-133m,3196366787735.617,11709118.821634492,0.011709118821634492,False,False,189216.0,3.6632588182814627e-06,0.028846,I133
I134,I134,1.63e-07,I134,I134,3697832829572.236,813696000.0,0.813696,True,False,3150.0,0.0002200467239872842,1.0,
I134,I134,1.63e-07,Xe134,Xe-134,699335511170427.8,0.0,0.0,False,True,inf,0.0,1.0,I134
I135,I135,2.69e-07,I135,I135,45821496193668.875,1342847999.9864638,1.3428479999864638,True,False,23652.0,2.9306070546251702e-05,1.0,
I135,I135,2.69e-07,Xe135,Xe-135,53184211806224.89,1120364893.7450686,1.1203648937450685,False,False,32904.0,2.1065742176025568e-05,0.83432,I135
I135,I135,2.69e-07,Xe135m,Xe-135m,294462650767.06006,222483056.63766676,0.22248305663766677,False,False,917.4,0.0007555561157182748,0.16568,I135
Xe133,Xe133,4.2e-09,Xe133,Xe133,10049368785890.213,15376965.672808278,0.015376965672808279,True,False,452995.2,1.5301424398314711e-06,1.0,
Xe133,Xe133,4.2e-09,Cs133,Cs-133,8065600814109.791,0.0,0.0,False,True,inf,0.0,1.0,Xe133
Xe134,Xe134,1.67e-08,Xe134,Xe134,0.0,0.0,0.0,True,True,inf,0.0,1.0,
Xe135,Xe135,9.91e-08,Xe135,Xe135,23483966987848.46,494707193.8363114,0.4947071938363114,True,False,32904.0,2.1065742176025568e-05,1.0,
Xe135,Xe135,9.91e-08,Cs135,Cs-135,403943051974243.2,3.8576522461815874,3.8576522461815876e-09,False,False,72580929984000.0,9.549990344746825e-15,1.0,Xe135
Xe137,Xe137,2.46e-07,Xe137,Xe137,405855463961.8431,1228032000.0,1.228032,True,False,229.08,0.0030257865398984865,1.0,
Xe137,Xe137,2.46e-07,Cs137,Cs-137,1060280380632801.8,772001.1209186766,0.0007720011209186766,False,False,951980944.7479681,7.28110351771224e-10,1.0,Xe137
Xe138,Xe138,2.61e-07,Xe138,Xe138,1587974514605.7163,1302912000.0,1.302912,True,False,844.8,0.0008204867194128141,1.0,
Xe138,Xe138,2.61e-07,Cs138,Cs-138,3768056003762.57,1302912000.0,1.302912,False,False,2004.6,0.00034577830018953673,1.0,Xe138
Cs134,Cs134,1e-10,Cs134,Cs134,429332761887.9946,4567.166108408477,4.567166108408477e-06,True,False,65158740.969984,1.0637823417724572e-08,1.0,
Cs134,Cs134,1e-10,Ba134,Ba-134,1976038112.005371,0.0,0.0,False,True,inf,0.0,1.0,Cs134
Cs134,Cs134,1e-10,Xe134,Xe-134,5928.114336015889,0.0,0.0,False,True,inf,0.0,3e-06,Cs134
Cs135,Cs135,1.4e-09,Cs135,Cs135,6038323171448.578,0.05766592798579495,5.766592798579495e-11,True,False,72580929984000.0,9.549990344746825e-15,1.0,
Cs135,Cs135,1.4e-09,Ba135,Ba-135,28551.421875,0.0,0.0,False,True,inf,0.0,1.0,Cs135
Cs136,Cs136,9.5e-09,Cs136,Cs136,31852781989528.402,19417941.951121714,0.019417941951121714,True,False,1137024.0,6.096152592732829e-07,1.0,
Cs136,Cs136,9.5e-09,Ba136,Ba-136,9121554010471.598,0.0,0.0,False,True,inf,0.0,1.0,Cs136
Cs137,Cs137,6.85e-08,Cs137,Cs137,295353616648350.9,215050.02571473402,0.00021505002571473402,True,False,951980944.7479681,7.28110351771224e-10,1.0,
Cs137,Cs137,6.85e-08,Ba137m,Ba-137m,44833467.90989555,202953.18623608205,0.00020295318623608205,False,False,153.12,0.004526823279518974,0.94399,Cs137
Cs137,Cs137,6.85e-08,Ba137,Ba-137,5203500249.109375,0.0,0.0,False,True,inf,0.0,0.056005,Cs137
Cs138,Cs138,8.9e-08,Cs138,Cs138,1284892660286.8533,444288000.0,0.444288,True,False,2004.6,0.00034577830018953673,1.0,
Cs138,Cs138,8.9e-08,Ba138,Ba-138,382579939339713.1,0.0,0.0,False,True,inf,0.0,1.0,Cs138
Cs139,Cs139,1.48e-07,Cs139,Cs139,592845892943.0236,738816000.0,0.738816,True,False,556.1999999999999,0.001246219310607597,1.0,
Cs139,Cs139,1.48e-07,Ba139,Ba-139,5311950363306.1,738816000.0,0.738816,False,False,4983.6,0.0001390856370013535,1.0,Cs139
Cs140,Cs140,1.95e-07,Cs140,Cs140,89458818760.4081,973440000.0000001,0.9734400000000001,True,False,63.7,0.010881431405964604,1.0,
Cs140,Cs140,1.95e-07,Ba140,Ba-140,648767465811892.8,408152515.44287,0.40815251544287,False,False,1101772.8,6.291198880204206e-07,1.0,Cs140
Ba139,Ba139,1.52e-08,Ba139,Ba139,545551658934.13995,75878400.0,0.0758784,True,False,4983.6,0.0001390856370013535,1.0,
Ba139,Ba139,1.52e-08,La139,La-139,65013385941065.86,0.0,0.0,False,True,inf,0.0,1.0,Ba139
Ba140,Ba140,5.84e-08,Ba140,Ba140,194313096758840.72,122246233.67382301,0.12224623367382301,True,False,1101772.8,6.291198880204206e-07,1.0,
Ba140,Ba140,5.84e-08,La140,La-140,20353237703277.617,97303258.8753185,0.0973032588753185,False,False,144987.84,4.780726304771113e-06,1.0,Ba140
Ba141,Ba141,1.27e-07,Ba141,Ba141,1002634476906.5924,633984000.0000001,0.6339840000000001,True,False,1096.2,0.0006323181723772535,1.0,
Ba141,Ba141,1.27e-07,La141,La-141,12907478323395.213,633984000.0000001,0.6339840000000001,False,False,14112.0,4.911757231859023e-05,1.0,Ba141
Ba142,Ba142,2.13e-07,Ba142,Ba142,975631546901.3373,1063296000.0,1.063296,True,False,636.0,0.0010898540574841907,1.0,
Ba142,Ba142,2.13e-07,La142,La-142,8384908860633.191,1063296000.0,1.063296,False,False,5466.0,0.00012681068067324283,1.0,Ba142
La140,La140,4e-10,La140,La140,410963347608.0847,1964703.286206765,0.0019647032862067653,True,False,144987.84,4.780726304771113e-06,1.0,
La140,La140,4e-10,Ce140,Ce-140,1314271852391.9153,0.0,0.0,False,True,inf,0.0,1.0,La140
La141,La141,4e-09,La141,La141,406534750343.15625,19968000.0,0.019968,True,False,14112.0,4.911757231859023e-05,1.0,
La141,La141,4e-09,Ce141,Ce-141,15206965177998.275,3752874.30601227,0.00375287430601227,False,False,2808691.2,2.4678653906842633e-07,1.0,La141
La142,La142,1.82e-08,La142,La142,716457001237.2023,90854400.0,0.0908544,True,False,5466.0,0.00012681068067324283,1.0,
La142,La142,1.82e-08,Ce142,Ce-142,77781744598762.8,0.0,0.0,False,True,inf,0.0,1.0,La142
La143,La143,5.61e-08,La143,La143,344232262774.6228,280051200.0,0.2800512,True,False,852.0,0.0008135530288262268,1.0,
La143,La143,5.61e-08,Ce143,Ce-143,47740433283089.016,278216205.1656403,0.2782162051656403,False,False,118940.40000000001,5.827684962888516e-06,1.0,La143
Ce142,Ce142,2e-10,Ce142,Ce142,0.0,0.0,0.0,True,True,inf,0.0,1.0,
Ce143,Ce143,1.5e-09,Ce143,Ce143,1276542481685.0364,7439287.4250042755,0.007439287425004276,True,False,118940.40000000001,5.827684962888516e-06,1.0,
Ce143,Ce143,1.5e-09,Pr143,Pr-143,4217389403550.8623,2493305.9499395024,0.0024933059499395024,False,False,1172448.0,5.911965226261167e-07,1.0,Ce143
Ce144,Ce144,1.02e-08,Ce144,Ce144,43462660258746.64,1223827.84695106,0.00122382784695106,True,False,24616224.000000004,2.8158144017536774e-08,1.0,
Ce144,Ce144,1.02e-08,Pr144,Pr-144,1809599694.2040908,1209798.3468168445,0.0012097983468168446,False,False,1036.8000000000002,0.0006685447343363669,0.99023,Ce144
Ce144,Ce144,1.02e-08,Pr144m,Pr-144m,7446619.058798345,11948.155104884321,1.1948155104884321e-05,False,False,432.0,0.0016045073624072809,0.0097699,Ce144
Ce145,Ce145,3.47e-08,Ce145,Ce145,45133221799.62972,173222400.0,0.1732224,True,False,180.6,0.0038380242555921666,1.0,
Ce145,Ce145,3.47e-08,Pr145,Pr-145,5383598656121.347,173222399.99985248,0.17322239999985248,False,False,21542.4,3.217594978089467e-05,1.0,Ce145
Pr145,Pr145,5e-10,Pr145,Pr145,77573467667.45511,2495999.999997892,0.002495999999997892,True,False,21542.4,3.217594978089467e-05,1.0,
Pr145,Pr145,5e-10,Nd145,Nd-145,2078970532332.545,0.0,0.0,False,True,inf,0.0,1.0,Pr145
Pr146,Pr146,2.7e-09,Pr146,Pr146,28176124995.881702,13478400.000000002,0.013478400000000001,True,False,1449.0,0.0004783624434506179,1.0,
Pr146,Pr146,2.7e-09,Nd146,Nd-146,11617161475004.121,0.0,0.0,False,True,inf,0.0,1.0,Pr146
Pr147,Pr147,9e-09,Pr147,Pr147,52113191848.835724,44928000.0,0.044928,True,False,804.0,0.0008621233589054045,1.0,
Pr147,Pr147,9e-09,Nd147,Nd-147,28755344022911.438,21010091.618085425,0.021010091618085425,False,False,948672.0,7.306499828812754e-07,1.0,Pr147
Pr148,Pr148,1.97e-08,Pr148,Pr148,19494049949.224926,98342400.0,0.0983424,True,False,137.4,0.005044739305385336,1.0,
Pr148,Pr148,1.97e-08,Nd148,Nd-148,84948339550050.78,0.0,0.0,False,True,inf,0.0,1.0,Pr148
Nd149,Nd149,3.9e-09,Nd149,Nd149,174726976371.97696,19468800.0,0.0194688,True,False,6220.8,0.0001114241223893945,1.0,
Nd149,Nd149,3.9e-09,Pm149,Pm-149,5125634599360.902,18592581.27735658,0.01859258127735658,False,False,191088.0,3.627371580423393e-06,1.0,Nd149
Nd151,Nd151,2.19e-08,Nd151,Nd151,117723959656.13107,109324800.0,0.1093248,True,False,746.4,0.0009286537788852429,1.0,
Nd151,Nd151,2.19e-08,Pm151,Pm-151,16079104649511.82,109010035.7368684,0.10901003573686839,False,False,102240.0,6.77960857355189e-06,1.0,Nd151
Nd152,Nd152,2.54e-08,Nd152,Nd152,125123514359.44336,126796800.0,0.1267968,True,False,684.0,0.001013373070994072,1.0,
Nd152,Nd152,2.54e-08,Pm152,Pm-152,45220077119.377785,126796800.0,0.1267968,False,False,247.20000000000002,0.0028039934488670922,1.0,Nd152
Pm150,Pm150,2e-10,Pm150,Pm150,13896851159.689524,998400.0,0.0009984,True,False,9648.0,7.184361324211705e-05,1.0,
Pm150,Pm150,2e-10,Sm150,Sm-150,848720748840.3104,0.0,0.0,False,True,inf,0.0,1.0,Pm150
Pm151,Pm151,4e-10,Pm151,Pm151,293688467513.26196,1991092.8523062267,0.0019910928523062268,True,False,102240.0,6.77960857355189e-06,1.0,
Pm151,Pm151,4e-10,Sm151,Sm-151,1431416379208.7268,349.3447664637593,3.493447664637593e-07,False,False,2840123347.2000003,2.440553088101966e-10,1.0,Pm151
Pm152,Pm152,3.4e-09,Pm152,Pm152,6053081189.20805,16972800.0,0.0169728,True,False,247.20000000000002,0.0028039934488670922,1.0,
Pm152,Pm152,3.4e-09,Sm152,Sm-152,14658446118810.791,0.0,0.0,False,True,inf,0.0,1.0,Pm152
Pm153,Pm153,6.6e-09,Pm153,Pm153,14972820046.120708,32947200.0,0.0329472,True,False,315.0,0.0022004672398728423,1.0,
Pm153,Pm153,6.6e-09,Sm153,Sm-153,7734210988454.733,32024770.25390171,0.032024770253901706,False,False,167400.0,4.140664161051047e-06,1.0,Pm153
Pm154,Pm154,5.7e-09,Pm154,Pm154,4261096059.8786817,28454400.0,0.0284544,True,False,103.8,0.00667771850250429,1.0,
Pm154,Pm154,5.7e-09,Sm154,Sm-154,24580340503940.12,0.0,0.0,False,True,inf,0.0,1.0,Pm154
Sm151,Sm151,1e-10,Sm151,Sm151,431263329492.5849,105.25210505782638,1.0525210505782639e-07,True,False,2840123347.2000003,2.440553088101966e-10,1.0,
Sm151,Sm151,1e-10,Eu151,Eu-151,45470507.4151001,0.0,0.0,False,True,inf,0.0,1.0,Sm151
Sm153,Sm153,5e-10,Sm153,Sm153,585956832247.9635,2426250.455212143,0.0024262504552121427,True,False,167400.0,4.140664161051047e-06,1.0,
Sm153,Sm153,5e-10,Eu153,Eu-153,1570587167752.0366,0.0,0.0,False,True,inf,0.0,1.0,Sm153
Sm155,Sm155,2.2e-09,Sm155,Sm155,21199611874.82488,10982400.0,0.0109824,True,False,1338.0,0.0005180472201494359,1.0,
Sm155,Sm155,2.2e-09,Eu155,Eu-155,9448792073266.537,43591.29362105317,4.359129362105317e-05,False,False,150245680.75948802,4.613425005338618e-09,1.0,Sm155
Sm156,Sm156,5e-09,Sm156,Sm156,1218567147467.1675,24959999.48551543,0.02495999948551543,True,False,33840.0,2.0483072711582307e-05,1.0,
Sm156,Sm156,5e-09,Eu156,Eu-156,16522827644790.205,8726464.31989876,0.00872646431989876,False,False,1312416.0,5.281459389095723e-07,1.0,Sm156
Sm157,Sm157,3.3e-09,Sm157,Sm157,11450642378.128504,16473600.0,0.0164736,True,False,481.79999999999995,0.001438661644997811,1.0,
Sm157,Sm157,3.3e-09,Eu157,Eu-157,1298762386040.6965,16473310.754307862,0.01647331075430786,False,False,54648.0,1.2683852667251232e-05,1.0,Sm157
Eu156,Eu156,2e-10,Eu156,Eu156,692614472855.4224,365801.5210685855,0.0003658015210685855,True,False,1312416.0,5.281459389095723e-07,1.0,
Eu156,Eu156,2e-10,Gd156,Gd-156,170003127144.57764,0.0,0.0,False,True,inf,0.0,1.0,Eu156
Eu157,Eu157,4e-10,Eu157,Eu157,157425768132.43887,1996765.249020709,0.001996765249020709,True,False,54648.0,1.2683852667251232e-05,1.0,
Eu157,Eu157,4e-10,Gd157,Gd-157,1567809431867.561,0.0,0.0,False,True,inf,0.0,1.0,Eu157
Eu158,Eu158,7e-10,Eu158,Eu158,13883887679.130112,3494400.0,0.0034944,True,False,2754.0,0.00025168742939722053,1.0,
Eu158,Eu158,7e-10,Gd158,Gd-158,3005277712320.87,0.0,0.0,False,True,inf,0.0,1.0,Eu158
Eu159,Eu159,8e-10,Eu159,Eu159,6257039950.009462,3993600.0,0.0039936,True,False,1086.0,0.0006382570723388078,1.0,
Eu159,Eu159,8e-10,Gd159,Gd-159,383235480880.80457,3993100.1717124023,0.003993100171712402,False,False,66524.4,1.0419442799332956e-05,1.0,Eu159
Gd142,Gd142,1e-10,Gd142,Gd142,50557574.181706294,499200.0,0.0004992,True,False,70.2,0.009873891460967881,1.0,
Gd142,Gd142,1e-10,Eu142,Eu-142,1685252.472723543,499199.99999999994,0.0004992,False,False,2.34,0.29621674382903646,1.0,Gd142
Gd160,Gd160,2e-10,Gd160,Gd160,0.0,0.0,0.0,True,True,inf,0.0,1.0,
Gd162,Gd162,1e-10,Gd162,Gd162,362977455.6635324,499200.0,0.0004992,True,False,504.0,0.0013752920249205263,1.0,
Gd162,Gd162,1e-10,Tb162,Tb-162,328408174.1717674,499200.00000000006,0.0004992000000000001,False,False,456.0,0.001520059606491108,1.0,Gd162
Tb161,Tb161,1e-10,Tb161,Tb161,272219269967.9684,316230.685529062,0.000316230685529062,True,False,596678.4,1.161676341157892e-06,1.0,
Tb161,Tb161,1e-10,Dy161,Dy-161,159089530032.0316,0.0,0.0,False,True,inf,0.0,1.0,Tb161
Rn223,Rn223,1e-10,Rn223,Rn223,1050041925.3123615,499200.0,0.0004992,True,False,1458.0,0.00047540958886141654,1.0,
Rn223,Rn223,1e-10,Fr223,Fr-223,950655241.0235373,499200.00000000006,0.0004992000000000001,False,False,1320.0,0.000525111500424201,1.0,Rn223
Ra224,Ra224,1.82e-07,Ra224,Ra224,352113566845022.75,771815314.762742,0.771815314762742,True,False,316224.0,2.191949948643826e-06,1.0,
Ra224,Ra224,1.82e-07,Rn220,Rn-220,61908344763.480064,771791270.2507061,0.771791270250706,False,False,55.6,0.012466675909351533,1.0,Ra224
Ra225,Ra225,5.08e-06,Ra225,Ra225,1.7520411221903052e+16,9433432482.532413,9.433432482532414,True,False,1287360.0,5.384252893984164e-07,1.0,
Ra225,Ra225,5.08e-06,Ac225,Ac-225,3500685150751234.5,2808437548.925099,2.808437548925099,False,False,864000.0,8.022536812036404e-07,1.0,Ra225
Ra227,Ra227,0.000101,Ra227,Ra227,1841764894677509.0,504192000000.0,504.192,True,False,2532.0,0.0002737548106476877,1.0,
Ra227,Ra227,0.000101,Ac227,Ac-227,4.3359191948478176e+17,437435094.7396559,0.4374350947396559,False,False,687057394.61376,1.0088635767461738e-09,1.0,Ra227
