parent_nuclide,parent_original,production_rate,nuclide,original_nuclide,atom_number,activity_Bq,is_stable,decay_constant,half_life,half_life_seconds
Ra226,Ra226,3.01e-05,Ra226,Ra226,1.2985438637083062e+17,1782655.4455926556,False,1.372811112057356e-11,1601.06 年,50491081728.0
Ra226,Ra226,3.01e-05,Rn222,Rn-222,457429142804.34326,959786.0957358704,False,2.0982180755947176e-06,3.82 天,330350.4
Ra226,Ra226,3.01e-05,Po218,Po-218,257425916.39032975,959322.8395108456,False,0.0037265977449459425,3.10 分钟,186.0
Ra226,Ra226,3.01e-05,Pb214,Pb-214,0.0,0.0,False,0.00043106167945270227,26.80 分钟,1608.0
Ra226,Ra226,3.01e-05,At218,At-218,0.0,0.0,False,0.46209812037329684,1.50 秒,1.5
Ra227,Ra227,2.72e-05,Ra227,Ra227,496119281625296.9,135815040000.0,False,0.0002737548106476877,42.20 分钟,2532.0
Ra227,Ra227,2.72e-05,Ac227,Ac-227,1.1679737855519803e+17,117832621.08377394,False,1.0088635767461738e-09,21.79 年,687057394.61376
Ra227,Ra227,2.72e-05,Th227,Th-227,44367903290271.8,19054771.81044307,False,4.294719920790366e-07,18.68 天,1613952.0
Ra227,Ra227,2.72e-05,Ra223,Ra-223,0.0,0.0,False,7.018842355237448e-07,11.43 天,987552.0
Ra227,Ra227,2.72e-05,Fr223,Fr-223,3089805523.8408823,1622492.41464307,False,0.000525111500424201,22.00 分钟,1320.0
Ra227,Ra227,2.72e-05,At219,At-219,0.0,0.0,False,0.012377628224284737,56.00 秒,56.0
Ra228,Ra228,7.69e-07,Ra228,Ra228,3312093221415842.0,12652183.314169079,False,3.81999613789873e-09,5.75 年,181452324.96
Ra228,Ra228,7.69e-07,Ac228,Ac-228,389209414406.60956,12185158.457241587,False,3.130746072989816e-05,6.15 小时,22140.0
Ra228,Ra228,7.69e-07,Th228,Th-228,5063341250315.394,58179.628646757556,False,1.1490362938333175e-08,1.91 年,60324219.894528
Ra228,Ra228,7.69e-07,Ra224,Ra-224,0.0,0.0,False,2.191949948643826e-06,3.66 天,316224.0
Ra225,Ra225,6.81e-07,Ra225,Ra225,2349265387229548.0,1264903895.992752,False,5.384252893984164e-07,14.90 天,1287360.0
Ra225,Ra225,6.81e-07,Ac225,Ac-225,469397570187569.94,376575928.63102216,False,8.022536812036404e-07,10.00 天,864000.0
Ra225,Ra225,6.81e-07,Fr221,Fr-221,159597376827.91083,376273713.5137059,False,0.002357643471292331,4.90 分钟,294.0
Ra225,Ra225,6.81e-07,At217,At-217,0.0,0.0,False,21.459665032815643,3.23e-02 秒,0.0323
Ra224,Ra224,2.55e-09,Ra224,Ra224,4934645243405.875,10816495.387859007,False,2.191949948643826e-06,3.66 天,316224.0
Ra224,Ra224,2.55e-09,Rn220,Rn-220,867605647.097083,10816158.419482552,False,0.012466675909351533,55.60 秒,55.6
Ra224,Ra224,2.55e-09,Po216,Po-216,2262640.4425885617,10816157.540697712,False,4.780325383172037,1.45e-01 秒,0.145
Ra224,Ra224,2.55e-09,Pb212,Pb-212,0.0,0.0,False,1.8095947696322715e-05,10.64 小时,38304.0
Fr227,Fr227,6.87e-10,Fr227,Fr227,733429613.7067449,3430328.4,False,0.004677106481511101,2.47 分钟,148.20000000000002
Fr227,Fr227,6.87e-10,Ra227,Ra-227,12530659796.933048,3430328.4,False,0.0002737548106476877,42.20 分钟,2532.0
Fr227,Fr227,6.87e-10,Ac227,Ac-227,2949259819321.852,2975.400810074818,False,1.0088635767461738e-09,21.79 年,687057394.61376
Fr227,Fr227,6.87e-10,Th227,Th-227,0.0,0.0,False,4.294719920790366e-07,18.68 天,1613952.0
Fr227,Fr227,6.87e-10,Fr223,Fr-223,0.0,0.0,False,0.000525111500424201,22.00 分钟,1320.0
Rn223,Rn223,2.39e-12,Rn223,Rn223,25102034.7077575,11933.748000000001,False,0.00047540958886141654,24.30 分钟,1458.0
Rn223,Rn223,2.39e-12,Fr223,Fr-223,22726121.957640536,11933.748000000001,False,0.000525111500424201,22.00 分钟,1320.0
Rn223,Rn223,2.39e-12,Ra223,Ra-223,7704957643.855584,5407.988305600411,False,7.018842355237448e-07,11.43 天,987552.0
Rn223,Rn223,2.39e-12,Rn219,Rn-219,0.0,0.0,False,0.175037166808067,3.96 秒,3.96
Rn223,Rn223,2.39e-12,At219,At-219,57.84831043763046,0.7160248800000001,False,0.012377628224284737,56.00 秒,56.0
Rn223,Rn223,2.39e-12,Bi215,Bi-215,0.0,0.0,False,0.001520059606491108,7.60 分钟,456.0
Rn222,Rn222,1.04e-13,Rn222,Rn222,207104844.6655902,434.5511286205776,False,2.0982180755947176e-06,3.82 天,330350.4
Rn222,Rn222,1.04e-13,Po218,Po-218,116595.19450560618,434.5033889161255,False,0.0037265977449459425,3.10 分钟,186.0
Rn222,Rn222,1.04e-13,Pb214,Pb-214,1006820.7304783838,434.00183498780865,False,0.00043106167945270227,26.80 分钟,1608.0
Rn222,Rn222,1.04e-13,Bi214,Bi-214,0.0,0.0,False,0.0005805252768508755,19.90 分钟,1194.0
Rn222,Rn222,1.04e-13,At218,At-218,0.18805659870062064,0.08690060078335217,False,0.46209812037329684,1.50 秒,1.5
Rn222,Rn222,1.04e-13,Rn218,Rn-218,0.0,0.0,False,19.804205158855577,3.50e-02 秒,0.035
Fr224,Fr224,4.19e-15,Fr224,Fr224,6030.634496735852,20.921508,False,0.0034692051079076337,3.33 分钟,199.8
Fr224,Fr224,4.19e-15,Ra224,Ra-224,8107391.302588222,17.770995949343654,False,2.191949948643826e-06,3.66 天,316224.0
Fr224,Fr224,4.19e-15,Rn220,Rn-220,1425.4354603590907,17.770441913994087,False,0.012466675909351533,55.60 秒,55.6
Fr224,Fr224,4.19e-15,Po216,Po-216,0.0,0.0,False,4.780325383172037,1.45e-01 秒,0.145
Fr223,Fr223,1.52e-20,Fr223,Fr223,0.14453433211553812,7.589664e-05,False,0.000525111500424201,22.00 分钟,1320.0
Fr223,Fr223,1.52e-20,Ra223,Ra-223,49.08953999345595,3.4455174250519126e-05,False,7.018842355237448e-07,11.43 天,987552.0
Fr223,Fr223,1.52e-20,Rn219,Rn-219,0.0001968439543520536,3.445500807307993e-05,False,0.175037166808067,3.96 秒,3.96
Fr223,Fr223,1.52e-20,Po215,Po-215,0.0,0.0,False,389.1898824031136,1.78e-03 秒,0.001781
Fr223,Fr223,1.52e-20,At219,At-219,3.6790557265773336e-07,4.553798399999999e-09,False,0.012377628224284737,56.00 秒,56.0
Fr223,Fr223,1.52e-20,Bi215,Bi-215,2.905928444606583e-06,4.4171844480000005e-09,False,0.001520059606491108,7.60 分钟,456.0
Cr54,Cr54,4.17e-15,Cr54,Cr54,17989900.416,0.0,True,0.0,稳定,inf
Cr55,Cr55,1.04e-15,Cr55,Cr55,1571.9318833264301,5.192927999999999,False,0.003303532459059886,3.50 分钟,209.82
Cr55,Cr55,1.04e-15,Mn55,Mn-55,4485117.860116673,0.0,True,0.0,稳定,inf
Mn55,Mn55,1.98e-14,Mn55,Mn55,85419671.04,0.0,True,0.0,稳定,inf
Mn56,Mn56,3.13e-15,Mn56,Mn56,209331.6233003007,15.628716,False,7.466008123187162e-05,2.58 小时,9284.039999999999
Mn56,Mn56,3.13e-15,Fe56,Fe-56,13293879.000699699,0.0,True,0.0,稳定,inf
Mn57,Mn57,3.13e-15,Mn57,Mn57,1925.5540292637347,15.628716,False,0.00811647752412114,1.42 分钟,85.4
Mn57,Mn57,3.13e-15,Fe57,Fe-57,13501285.069970736,0.0,True,0.0,稳定,inf
Fe52,Fe52,2.61e-14,Fe52,Fe52,5600986.301996524,130.3225197577632,False,2.3267780482039118e-05,8.28 小时,29790.0
Fe52,Fe52,2.61e-14,Mn52m,Mn-52m,238027.81664124262,130.32251974701182,False,0.0005475096212953754,21.10 分钟,1266.0
Fe52,Fe52,2.61e-14,Cr52,Cr-52,104891349.40603839,0.0,True,0.0,稳定,inf
Fe52,Fe52,2.61e-14,Mn52,Mn-52,1097821.0013002036,1.5752654973989533,False,1.4349019517146133e-06,5.59 天,483062.4
Fe53,Fe53,2.19e-14,Fe53,Fe53,80552.38918074379,109.35108,False,0.0013575150422247264,8.51 分钟,510.59999999999997
Fe53,Fe53,2.19e-14,Mn53,Mn-53,94398780.56085724,5.603965185669568e-07,False,5.93648048457235e-15,3702455.18 年,116760626496000.0
Fe53,Fe53,2.19e-14,Cr53,Cr-53,0.0,0.0,True,0.0,稳定,inf
Fe54,Fe54,3.02e-14,Fe54,Fe54,130286568.96,0.0,True,0.0,稳定,inf
Fe55,Fe55,2.82e-14,Fe55,Fe55,121237516.82860836,0.9729555589363784,False,8.025201970375482e-09,2.74 年,86371306.68096001
Fe55,Fe55,2.82e-14,Mn55,Mn-55,420802.53139162064,0.0,True,0.0,稳定,inf
Fe56,Fe56,9.39e-15,Fe56,Fe56,40509631.872,0.0,True,0.0,稳定,inf
Fe57,Fe57,5.21e-15,Fe57,Fe57,22476590.207999997,0.0,True,0.0,稳定,inf
Fe58,Fe58,1.04e-15,Fe58,Fe58,4486689.791999999,0.0,True,0.0,稳定,inf
Co55,Co55,4.17e-14,Co55,Co55,18955756.827316243,208.20069405200903,False,1.0983507329656228e-05,17.53 小时,63108.00000000001
Co55,Co55,4.17e-14,Fe55,Fe-55,160438222.46308747,1.2875491390343095,False,8.025201970375482e-09,2.74 年,86371306.68096001
Co55,Co55,4.17e-14,Mn55,Mn-55,505024.8695976261,0.0,True,0.0,稳定,inf
Co56,Co56,9.49e-14,Co56,Co56,391575475.21066105,40.676274304909704,False,1.0387850332819375e-07,77.23 天,6672672.0
Co56,Co56,9.49e-14,Fe56,Fe-56,17834968.309338987,0.0,True,0.0,稳定,inf
Co57,Co57,1.54e-13,Co57,Co57,655973454.0656395,19.36619998145383,False,2.952284099520278e-08,271.74 天,23478336.0
Co57,Co57,1.54e-13,Fe57,Fe-57,8401765.134360552,0.0,True,0.0,稳定,inf
Co58,Co58,1.84e-13,Co58,Co58,756210117.7338172,85.6156295110631,False,1.1321672046339831e-07,70.86 天,6122304.0
Co58,Co58,1.84e-13,Fe58,Fe-58,37588845.46618271,0.0,True,0.0,稳定,inf
Co59,Co59,1.88e-13,Co59,Co59,811055462.4000001,0.0,True,0.0,稳定,inf
Co60,Co60,8.34e-14,Co60,Co60,359151112.2531056,1.496546621315644,False,4.1668995869932835e-09,5.27 年,166346024.445504
Co60,Co60,8.34e-14,Ni60,Ni-60,646896.066894412,0.0,True,0.0,稳定,inf
Co61,Co61,2.5e-14,Co61,Co61,1069744.2344077658,124.83000000000001,False,0.00011669144453871133,1.65 小时,5940.0
Co61,Co61,2.5e-14,Ni61,Ni-61,106783375.76559223,0.0,True,0.0,稳定,inf
Co62,Co62,1.15e-14,Co62,Co62,7455.793148902609,57.4218,False,0.007701635339554948,1.50 分钟,90.0
Co62,Co62,1.15e-14,Ni62,Ni-62,49604979.40685109,0.0,True,0.0,稳定,inf
Ni56,Ni56,1.67e-14,Ni56,Ni56,42968982.451818734,56.744073003368236,False,1.3205821912817126e-06,6.08 天,524880.0
Ni56,Ni56,1.67e-14,Co56,Co-56,28152940.803628944,2.924485354968211,False,1.0387850332819375e-07,77.23 天,6672672.0
Ni56,Ni56,1.67e-14,Fe56,Fe-56,923960.9045523466,0.0,True,0.0,稳定,inf
Ni57,Ni57,4.59e-14,Ni57,Ni57,41979868.496567495,227.0460946369618,False,5.408451783395328e-06,1.48 天,128160.0
Ni57,Ni57,4.59e-14,Co57,Co-57,154376987.17544907,4.557647245699242,False,2.952284099520278e-08,271.74 天,23478336.0
Ni57,Ni57,4.59e-14,Fe57,Fe-57,1661472.6479830435,0.0,True,0.0,稳定,inf
Ni58,Ni58,1.71e-13,Ni58,Ni58,737715340.8000001,0.0,True,0.0,稳定,inf
Ni59,Ni59,2.67e-13,Ni59,Ni59,1151871213.6257265,0.0002505032240355469,False,2.1747502765265047e-13,101067.02 年,3187249534080.0
Ni59,Ni59,2.67e-13,Co59,Co-59,107.97427368164062,0.0,True,0.0,稳定,inf
Ni60,Ni60,3.34e-13,Ni60,Ni60,1440917683.1999998,0.0,True,0.0,稳定,inf
Ni61,Ni61,2.79e-13,Ni61,Ni61,1203640819.2,0.0,True,0.0,稳定,inf
Ni62,Ni62,2.22e-13,Ni62,Ni62,957735705.5999999,0.0,True,0.0,稳定,inf
Ni63,Ni63,9.7e-14,Ni63,Ni63,418430439.6890568,0.09181633681968952,False,2.1943034758159538e-10,100.17 年,3158848300.608
Ni63,Ni63,9.7e-14,Cu63,Cu-63,39665.91094315052,0.0,True,0.0,稳定,inf
Ni64,Ni64,2.4e-14,Ni64,Ni64,103538995.2,0.0,True,0.0,稳定,inf
Ni65,Ni65,6.26e-15,Ni65,Ni65,408645.1346351421,31.257432,False,7.649040536823748e-05,2.52 小时,9061.884
Ni65,Ni65,6.26e-15,Cu65,Cu-65,26597776.113364857,0.0,True,0.0,稳定,inf
Cu57,Cu57,6.26e-15,Cu57,Cu57,8.852137141556701,31.257432000000005,False,3.531060522465335,1.96e-01 秒,0.1963
Cu57,Cu57,6.26e-15,Ni57,Ni-57,5725358.888702989,30.965327492183974,False,5.408451783395328e-06,1.48 天,128160.0
Cu57,Cu57,6.26e-15,Co57,Co-57,21054456.32423161,0.6215873663007314,False,2.952284099520278e-08,271.74 天,23478336.0
Cu57,Cu57,6.26e-15,Fe57,Fe-57,0.0,0.0,True,0.0,稳定,inf
Cu59,Cu59,8.13e-14,Cu59,Cu59,47731.12329948912,405.94716,False,0.008504873381103624,1.36 分钟,81.5
Cu59,Cu59,8.13e-14,Ni59,Ni-59,350690582.24810827,7.626644407193144e-05,False,2.1747502765265047e-13,101067.02 年,3187249534080.0
Cu59,Cu59,8.13e-14,Co59,Co-59,32.9039201953125,0.0,True,0.0,稳定,inf
Cu60,Cu60,2.6e-13,Cu60,Cu60,2663338.978755819,1298.232,False,0.00048744527465537644,23.70 分钟,1422.0
Cu60,Cu60,2.6e-13,Ni60,Ni-60,1119009109.0212443,0.0,True,0.0,稳定,inf
Cu61,Cu61,5.6e-13,Cu61,Cu61,48403787.11848258,2796.192,False,5.776804185084719e-05,3.33 小时,11998.800000000001
Cu61,Cu61,5.6e-13,Ni61,Ni-61,2367506100.8815174,0.0,True,0.0,稳定,inf
Cu62,Cu62,9.69e-13,Cu62,Cu62,4051256.2683087275,4838.4108,False,0.0011942988741168636,9.67 分钟,580.38
Cu62,Cu62,9.69e-13,Ni62,Ni-62,4176335674.931691,0.0,True,0.0,稳定,inf
Cu63,Cu63,1.09e-12,Cu63,Cu63,4702396032.0,0.0,True,0.0,稳定,inf
Cu64,Cu64,7.86e-13,Cu64,Cu64,258869794.7068866,3924.647163893488,False,1.5160699487312889e-05,12.70 小时,45720.0
Cu64,Cu64,7.86e-13,Ni64,Ni-64,1910539701.836799,0.0,True,0.0,稳定,inf
Cu64,Cu64,7.86e-13,Zn64,Zn-64,1221492596.2563143,0.0,True,0.0,稳定,inf
Cu65,Cu65,4.64e-13,Cu65,Cu65,2001753907.2000003,0.0,True,0.0,稳定,inf
Cu66,Cu66,1.09e-13,Cu66,Cu66,241213.27771243875,544.2588000000001,False,0.0022563384783852386,5.12 分钟,307.2
Cu66,Cu66,1.09e-13,Zn66,Zn-66,469998389.9222876,0.0,True,0.0,稳定,inf
Cu67,Cu67,2.4e-14,Cu67,Cu67,35871914.95747556,111.70645638605995,False,3.1140366082625535e-06,2.58 天,222588.0
Cu67,Cu67,2.4e-14,Zn67,Zn-67,67667080.24252445,0.0,True,0.0,稳定,inf
Zn60,Zn60,1.52e-12,Zn60,Zn60,1563598.6837953667,7589.664,False,0.004853971852660682,2.38 分钟,142.79999999999998
Zn60,Zn60,1.52e-12,Cu60,Cu-60,15570289.414264787,7589.664,False,0.00048744527465537644,23.70 分钟,1422.0
Zn60,Zn60,1.52e-12,Ni60,Ni-60,6540335807.90194,0.0,True,0.0,稳定,inf
Zn61,Zn61,1.23e-12,Zn61,Zn61,789471.2449929311,6141.636,False,0.007779429635914089,1.48 分钟,89.1
Zn61,Zn61,1.23e-12,Cu61,Cu-61,106315460.99238141,6141.636000000001,False,5.776804185084719e-05,3.33 小时,11998.800000000001
Zn61,Zn61,1.23e-12,Ni61,Ni-61,5199268571.762626,0.0,True,0.0,稳定,inf
Zn62,Zn62,7.51e-13,Zn62,Zn62,178904956.91559312,3749.8931488207254,False,2.0960252938044166e-05,9.19 小时,33069.6
Zn62,Zn62,7.51e-13,Cu62,Cu-62,3139828.0858963104,3749.8931479064704,False,0.0011942988741168636,9.67 分钟,580.38
Zn62,Zn62,7.51e-13,Ni62,Ni-62,3057862939.7985106,0.0,True,0.0,稳定,inf
Zn63,Zn63,2.75e-13,Zn63,Zn63,4572562.2997407485,1373.1299999999999,False,0.0003002977127458389,38.47 分钟,2308.2
Zn63,Zn63,2.75e-13,Cu63,Cu-63,1181811757.7002592,0.0,True,0.0,稳定,inf
Zn64,Zn64,8.86e-14,Zn64,Zn64,382231457.28,0.0,True,0.0,稳定,inf
Zn65,Zn65,1.46e-14,Zn65,Zn65,62100203.73057114,2.0413061151498297,False,3.2871166156012474e-08,244.06 天,21086784.0
Zn65,Zn65,1.46e-14,Cu65,Cu-65,886018.3494288474,0.0,True,0.0,稳定,inf
Zn66,Zn66,1.04e-15,Zn66,Zn66,4486689.791999999,0.0,True,0.0,稳定,inf
Zn72,Zn72,1.04e-15,Zn72,Zn72,1219083.1894918878,5.047814072068863,False,4.140664161051047e-06,1.94 天,167400.0
Zn72,Zn72,1.04e-15,Ga72,Ga-72,365034.07226577535,4.984679629616577,False,1.3655381807721538e-05,14.10 小时,50760.0
Zn72,Zn72,1.04e-15,Ge72,Ge-72,2902572.5302423364,0.0,True,0.0,稳定,inf
Ga64,Ga64,2.38e-12,Ga64,Ga64,2702351.1462700185,11883.815999999999,False,0.004397583939601227,2.63 分钟,157.61999999999998
Ga64,Ga64,2.38e-12,Zn64,Zn-64,10264914672.853727,0.0,True,0.0,稳定,inf
Ga65,Ga65,1.08e-12,Ga65,Ga65,7095321.758399145,5392.656,False,0.000760029803245554,15.20 分钟,912.0
Ga65,Ga65,1.08e-12,Zn65,Zn-65,4586816757.942662,150.7740157775157,False,3.2871166156012474e-08,244.06 天,21086784.0
Ga65,Ga65,1.08e-12,Cu65,Cu-65,65342704.29893827,0.0,True,0.0,稳定,inf
Ga66,Ga66,2.92e-13,Ga66,Ga66,71862952.26216981,1458.0143644548923,False,2.0288818070481948e-05,9.49 小时,34164.0
Ga66,Ga66,2.92e-13,Zn66,Zn-66,1187861489.33783,0.0,True,0.0,稳定,inf
Ga67,Ga67,5.42e-14,Ga67,Ga67,96879538.08469915,238.32321250385803,False,2.4599953428297573e-06,3.26 天,281767.68
Ga67,Ga67,5.42e-14,Zn67,Zn-67,136946026.07530084,0.0,True,0.0,稳定,inf
Ga68,Ga68,9.39e-15,Ga68,Ga68,274804.06789063866,46.886148,False,0.00017061664465119514,1.13 小时,4062.5999999999995
Ga68,Ga68,9.39e-15,Zn68,Zn-68,40234827.804109365,0.0,True,0.0,稳定,inf
Ga69,Ga69,2.09e-15,Ga69,Ga69,9016520.832,0.0,True,0.0,稳定,inf
Ga74,Ga74,1.04e-15,Ga74,Ga74,3650.0105497885647,5.192927999999999,False,0.0014227158878488205,8.12 分钟,487.19999999999993
Ga74,Ga74,1.04e-15,Ge74,Ge-74,4483039.781450211,0.0,True,0.0,稳定,inf
Ge77,Ge77,1.15e-14,Ge77,Ge77,3370017.141624617,57.42177679832323,False,1.7039016237953423e-05,11.30 小时,40680.0
Ge77,Ge77,1.15e-14,As77,As-77,11355185.764452433,56.305369540766236,False,4.958559966234192e-06,1.62 天,139788.0
Ge77,Ge77,1.15e-14,Se77,Se-77,34887232.29392294,0.0,True,0.0,稳定,inf
Ge78,Ge78,5.32e-14,Ge78,Ge78,2023480.6496175337,265.63824,False,0.00013127787510605024,1.47 小时,5280.0
Ge78,Ge78,5.32e-14,As78,As-78,2085564.7150035263,265.63824000000005,False,0.00012736993395074335,1.51 小时,5442.0
Ge78,Ge78,5.32e-14,Se78,Se-78,225402393.9953789,0.0,True,0.0,稳定,inf
As68,As68,1.87e-12,As68,As68,2042181.3636412544,9337.284,False,0.004572210953561645,2.53 分钟,151.6
As68,As68,1.87e-12,Ge68,Ge-68,7963106393.893826,235.7789783472068,False,2.960891977130985e-08,270.95 天,23410080.0
As68,As68,1.87e-12,Ga68,Ga-68,1372663.3985281538,234.19922329237988,False,0.00017061664465119514,1.13 小时,4062.5999999999995
As68,As68,1.87e-12,Zn68,Zn-68,0.0,0.0,True,0.0,稳定,inf
As69,As69,4.53e-13,As69,As69,2981967.1614479646,2261.9195999999997,False,0.0007585326992339081,15.23 分钟,913.8000000000001
As69,As69,4.53e-13,Ge69,Ge-69,452228523.90771645,2229.769002101433,False,4.930624417128648e-06,1.63 天,140580.0
As69,As69,4.53e-13,Ga69,Ga-69,1499088043.3308353,0.0,True,0.0,稳定,inf
As70,As70,7.51e-14,As70,As70,1707380.9532976246,374.98932,False,0.0002196283842078407,52.60 分钟,3156.0
As70,As70,7.51e-14,Ge70,Ge-70,322283391.5267024,0.0,True,0.0,稳定,inf
As71,As71,1.36e-14,As71,As71,21222972.80236231,62.59635314992612,False,2.949462063248678e-06,2.72 天,235008.0
As71,As71,1.36e-14,Ge71,Ge-71,29880538.608361874,20.972678998167815,False,7.018842355237448e-07,11.43 天,987552.0
As71,As71,1.36e-14,Ga71,Ga-71,7568585.869275804,0.0,True,0.0,稳定,inf
As78,As78,1.04e-15,As78,As78,40770.43803766291,5.192927999999999,False,0.00012736993395074335,1.51 小时,5442.0
As78,As78,1.04e-15,Se78,Se-78,4445919.353962337,0.0,True,0.0,稳定,inf
As79,As79,1.98e-14,As79,As79,77107.16441611176,98.86536000000001,False,0.001282181244099048,9.01 分钟,540.6
As79,As79,1.98e-14,Se79m,Se-79m,32603.83251217584,96.08526607680001,False,0.002947054339115414,3.92 分钟,235.2
As79,As79,1.98e-14,Se79,Se-79,82863694.80407882,6.169827851561697e-06,False,7.445755184039897e-14,295195.75 年,9309293193600.0
As79,As79,1.98e-14,Br79,Br-79,0.0,0.0,True,0.0,稳定,inf
Se70,Se70,1.85e-12,Se70,Se70,32863839.54068463,9237.42,False,0.00028108158173558204,41.10 分钟,2466.0
Se70,Se70,1.85e-12,As70,As-70,42059317.75766452,9237.42,False,0.0002196283842078407,52.60 分钟,3156.0
Se70,Se70,1.85e-12,Ge70,Ge-70,7906207722.701652,0.0,True,0.0,稳定,inf
Se71,Se71,2.43e-13,Se71,Se71,497839.51679820317,1213.3476,False,0.002437226373276882,4.74 分钟,284.40000000000003
Se71,Se71,2.43e-13,As71,As-71,379165603.4879651,1118.3345631765437,False,2.949462063248678e-06,2.72 天,235008.0
Se71,Se71,2.43e-13,Ge71,Ge-71,533589728.09854364,374.5182183897692,False,7.018842355237448e-07,11.43 天,987552.0
Se71,Se71,2.43e-13,Ga71,Ga-71,0.0,0.0,True,0.0,稳定,inf
Se72,Se72,1.77e-14,Se72,Se72,51991677.70157098,49.65537479528398,False,9.5506390619481e-07,8.40 天,725760.0
Se72,Se72,1.77e-14,As72,As-72,5933964.884125933,43.943493899290736,False,7.4054185957259116e-06,1.08 天,93600.0
Se72,Se72,1.77e-14,Ge72,Ge-72,18434366.374303073,0.0,True,0.0,稳定,inf
Se73,Se73,1.04e-15,Se73,Se73,192839.22730741347,5.192927999591766,False,2.6928794893548767e-05,7.15 小时,25740.0
Se73,Se73,1.04e-15,As73,As-73,4120948.2112711295,0.41171181476236873,False,9.990705868040354e-08,80.30 天,6937920.0
Se73,Se73,1.04e-15,Ge73,Ge-73,172902.35342146666,0.0,True,0.0,稳定,inf
Se74,Se74,1.04e-15,Se74,Se74,4486689.791999999,0.0,True,0.0,稳定,inf
Se79,Se79,1.04e-15,Se79,Se79,4486689.647158462,3.340679269950825e-07,False,7.445755184039897e-14,295195.75 年,9309293193600.0
Se79,Se79,1.04e-15,Br79,Br-79,0.14484153781086206,0.0,True,0.0,稳定,inf
Se80,Se80,4.17e-15,Se80,Se80,17989900.416,0.0,True,0.0,稳定,inf
Se81,Se81,4.59e-14,Se81,Se81,366027.57722399535,229.18788,False,0.0006261492145979632,18.45 分钟,1107.0
Se81,Se81,4.59e-14,Br81,Br-81,197652300.742776,0.0,True,0.0,稳定,inf
Se83,Se83,4.97e-13,Se83,Se83,4790336.292672609,2481.6204,False,0.0005180472201494359,22.30 分钟,1338.0
Se83,Se83,4.97e-13,Br83,Br-83,30933113.28003837,2481.6204,False,8.022536812036404e-05,2.40 小时,8640.0
Se83,Se83,4.97e-13,Kr83m,Kr-83m,23549939.80277141,2477.77388838,False,0.00010521359753490366,1.83 小时,6588.0
Se83,Se83,4.97e-13,Kr83,Kr-83,0.0,0.0,True,0.0,稳定,inf
Se84,Se84,1.11e-12,Se84,Se84,1487268.6507463115,5542.451999999999,False,0.0037265977449459425,3.10 分钟,186.0
Se84,Se84,1.11e-12,Br84,Br-84,15256497.772171842,5542.451999999999,False,0.00036328468582806357,31.80 分钟,1908.0
Se84,Se84,1.11e-12,Kr84,Kr-84,4771934761.577081,0.0,True,0.0,稳定,inf
Br72,Br72,9.18e-14,Br72,Br72,51977.89985511478,458.37576,False,0.008818666419337727,1.31 分钟,78.6
Br72,Br72,9.18e-14,Se72,Se-72,269628975.1366135,257.51290221727743,False,9.5506390619481e-07,8.40 天,725760.0
Br72,Br72,9.18e-14,As72,As-72,30772797.22652489,227.88544482381016,False,7.4054185957259116e-06,1.08 天,93600.0
Br72,Br72,9.18e-14,Ge72,Ge-72,0.0,0.0,True,0.0,稳定,inf
Br73,Br73,2.09e-15,Br73,Br73,3071.3545574551854,10.435788,False,0.003397780296862477,3.40 分钟,204.0
Br73,Br73,2.09e-15,Se73m,Se-73m,35910.13114475476,10.423369412280003,False,0.00029026263842543774,39.80 分钟,2388.0
Br73,Br73,2.09e-15,Se73,Se-73,281013.9192105918,7.567366192654311,False,2.6928794893548767e-05,7.15 小时,25740.0
Br73,Br73,2.09e-15,As73,As-73,0.0,0.0,False,9.990705868040354e-08,80.30 天,6937920.0
Br82,Br82,2.09e-15,Br82,Br82,1896089.6222341931,10.342061502522842,False,5.454415962857612e-06,1.47 天,127079.99999999999
Br82,Br82,2.09e-15,Kr82,Kr-82,7120431.209765807,0.0,True,0.0,稳定,inf
Br83,Br83,2.82e-14,Br83,Br83,1755158.5402355776,140.80823999999998,False,8.022536812036404e-05,2.40 小时,8640.0
Br83,Br83,2.82e-14,Kr83m,Kr-83m,1336234.0089298869,140.58998722799998,False,0.00010521359753490366,1.83 小时,6588.0
Br83,Br83,2.82e-14,Kr83,Kr-83,118381076.91156387,0.0,True,0.0,稳定,inf
Br84,Br84,1.38e-13,Br84,Br84,1896753.777080824,689.0616,False,0.00036328468582806357,31.80 分钟,1908.0
Br84,Br84,1.38e-13,Kr84,Kr-84,593452468.6229192,0.0,True,0.0,稳定,inf
Br85,Br85,5.69e-13,Br85,Br85,713206.0449277794,2841.1308,False,0.003983604485976697,2.90 分钟,174.0
Br85,Br85,5.69e-13,Kr85m,Kr-85m,65960726.29379649,2834.851900931999,False,4.297787577876644e-05,4.48 小时,16128.000000000002
Br85,Br85,5.69e-13,Rb85,Rb-85,1872754793.39398,0.0,True,0.0,稳定,inf
Br85,Br85,5.69e-13,Kr85,Kr-85,509447235.66476387,1.0403493136890893,False,2.0421139636405443e-09,10.76 年,339426296.91648
Kr74,Kr74,3.65e-14,Kr74,Kr74,181424.2999566302,182.2518,False,0.0010045611312462974,11.50 分钟,690.0
Kr74,Kr74,3.65e-14,Br74,Br-74,400711.0625129049,182.2518,False,0.00045482098461938666,25.40 分钟,1524.0
Kr74,Kr74,3.65e-14,Se74,Se-74,156883419.83753046,0.0,True,0.0,稳定,inf
Kr75,Kr75,6.26e-15,Kr75,Kr75,11607.438106147196,31.257432,False,0.002692879489354877,4.29 分钟,257.4
Kr75,Kr75,6.26e-15,Br75,Br-75,261640.85428075385,31.257432000000005,False,0.00011946693908306538,1.61 小时,5802.0
Kr75,Kr75,6.26e-15,Se75,Se-75,25981834.246763088,1.7402067281316842,False,6.697782425998217e-08,119.78 天,10348905.6
Kr75,Kr75,6.26e-15,As75,As-75,0.0,0.0,True,0.0,稳定,inf
Kr84,Kr84,5.21e-15,Kr84,Kr84,22476590.207999997,0.0,True,0.0,稳定,inf
Kr85,Kr85,3.02e-14,Kr85,Kr85,130171698.59911017,0.26582544338005115,False,2.0421139636405443e-09,10.76 年,339426296.91648
Kr85,Kr85,3.02e-14,Rb85,Rb-85,114870.36088982224,0.0,True,0.0,稳定,inf
Kr86,Kr86,2.34e-13,Kr86,Kr86,1009505203.2000002,0.0,True,0.0,稳定,inf
Kr87,Kr87,6.64e-13,Kr87,Kr87,21897642.86733233,3315.4848000000006,False,0.00015140829632152584,1.27 小时,4578.0
Kr87,Kr87,6.64e-13,Rb87,Rb-87,2842518118.63514,1.2682479657076383e-09,False,4.461705828339974e-19,49262667139.73 年,1.5535474709184e+18
Kr87,Kr87,6.64e-13,Sr87,Sr-87,-848764.1088,0.0,True,0.0,稳定,inf
Kr88,Kr88,2.18e-12,Kr88,Kr88,160557587.97734204,10885.176,False,6.77960857355189e-05,2.84 小时,10224.0
Kr88,Kr88,2.18e-12,Rb88,Rb-88,16753015.928621724,10885.176000000001,False,0.0006497442637419809,17.78 分钟,1066.8000000000002
Kr88,Kr88,2.18e-12,Sr88,Sr-88,9227481460.094036,0.0,True,0.0,稳定,inf
Kr89,Kr89,3.65e-12,Kr89,Kr89,4969448.216203348,18225.18,False,0.0036674453997880704,3.15 分钟,189.0
Kr89,Kr89,3.65e-12,Rb89,Rb-89,23900679.516025625,18225.18,False,0.0007625381524311829,15.15 分钟,909.0
Kr89,Kr89,3.65e-12,Sr89,Sr-89,14689096663.561338,2332.1555258060944,False,1.5876779758631315e-07,50.53 天,4365792.0
Kr89,Kr89,3.65e-12,Y89,Y-89,0.0,0.0,True,0.0,稳定,inf
Rb85,Rb85,1.04e-15,Rb85,Rb85,4486689.791999999,0.0,True,0.0,稳定,inf
Rb87,Rb87,1.77e-14,Rb87,Rb87,76355661.11233978,3.4067649821167835e-11,False,4.461705828339974e-19,49262667139.73 年,1.5535474709184e+18
Rb87,Rb87,1.77e-14,Sr87,Sr-87,4347.847660213709,0.0,True,0.0,稳定,inf
Rb88,Rb88,1.24e-13,Rb88,Rb88,952923.8418115109,619.1568,False,0.0006497442637419809,17.78 分钟,1066.8000000000002
Rb88,Rb88,1.24e-13,Sr88,Sr-88,533998551.35818845,0.0,True,0.0,稳定,inf
Rb89,Rb89,7.94e-13,Rb89,Rb89,5199216.311157356,3964.6008000000006,False,0.0007625381524311829,15.15 分钟,909.0
Rb89,Rb89,7.94e-13,Sr89,Sr-89,3196324269.125132,507.4733645806793,False,1.5876779758631315e-07,50.53 天,4365792.0
Rb89,Rb89,7.94e-13,Y89,Y-89,223891605.76371467,0.0,True,0.0,稳定,inf
Rb90,Rb90,1.69e-12,Rb90,Rb90,1923522.5957680917,8438.508,False,0.004387007471898388,2.63 分钟,158.0
Rb90,Rb90,1.69e-12,Sr90,Sr-90,7286546192.871884,5.559181150173668,False,7.629377489724798e-10,28.81 年,908523901.8432001
Rb90,Rb90,1.69e-12,Y90,Y-90,1190780.6597658158,3.5768168529293933,False,3.0037579327437396e-06,2.67 天,230759.99999999997
Rb90,Rb90,1.69e-12,Zr90,Zr-90,0.0,0.0,True,0.0,稳定,inf
Sr80,Sr80,1.04e-15,Sr80,Sr80,47782.773576665575,5.192927999999999,False,0.00010867782699277912,1.77 小时,6378.0
Sr80,Sr80,1.04e-15,Rb80,Rb-80,250.22650320800093,5.192927999999999,False,0.020752909597603154,33.40 秒,33.4
Sr80,Sr80,1.04e-15,Kr80,Kr-80,4438656.7919201255,0.0,True,0.0,稳定,inf
Sr81,Sr81,1.04e-15,Sr81,Sr81,10024.043751266627,5.192927999999999,False,0.0005180472201494359,22.30 分钟,1338.0
Sr81,Sr81,1.04e-15,Rb81,Rb-81,123239.38485454633,5.185450183679998,False,4.207624202116995e-05,4.58 小时,16473.6
Sr81,Sr81,1.04e-15,Kr81m,Kr-81m,93.7785242370367,4.9620091352652285,False,0.05291199851602636,13.10 秒,13.1
Sr81,Sr81,1.04e-15,Kr81,Kr-81,0.0,0.0,False,9.591693359352706e-14,229151.96 年,7226536072320.0
Sr81,Sr81,1.04e-15,Br81,Br-81,0.0,0.0,True,0.0,稳定,inf
Sr81,Sr81,1.04e-15,Rb81m,Rb-81m,19.77258362741436,0.0074892407615999995,False,0.00037876895112565315,30.50 分钟,1830.0
Sr88,Sr88,3.13e-15,Sr88,Sr88,13503210.624,0.0,True,0.0,稳定,inf
Sr89,Sr89,1.67e-14,Sr89,Sr89,67322831.56709713,10.68869769518233,False,1.5876779758631315e-07,50.53 天,4365792.0
Sr89,Sr89,1.67e-14,Y89,Y-89,4723052.592902884,0.0,True,0.0,稳定,inf
Sr90,Sr90,1.32e-13,Sr90,Sr90,569276825.5457839,0.43432277982409945,False,7.629377489724798e-10,28.81 年,908523901.8432001
Sr90,Sr90,1.32e-13,Y90,Y-90,93043.01428793276,0.27947869225376715,False,3.0037579327437396e-06,2.67 天,230759.99999999997
Sr90,Sr90,1.32e-13,Zr90,Zr-90,94605.04010903549,0.0,True,0.0,稳定,inf
Sr91,Sr91,8.28e-13,Sr91,Sr91,206781943.0045216,4134.369469951871,False,1.999386121379789e-05,9.63 小时,34668.0
Sr91,Sr91,8.28e-13,Y91m,Y-91m,10362210.208800651,2408.146178032473,False,0.00023239696256955185,49.71 分钟,2982.6
Sr91,Sr91,8.28e-13,Y91,Y-91,1845120580.648761,252.99175834730252,False,1.3711394312145624e-07,58.51 天,5055264.0
Sr91,Sr91,8.28e-13,Zr91,Zr-91,0.0,0.0,True,0.0,稳定,inf
Sr92,Sr92,2.8e-12,Sr92,Sr92,193150425.64531004,13980.960000000001,False,7.238379078529086e-05,2.66 小时,9576.0
Sr92,Sr92,2.8e-12,Y92,Y-92,257049814.58060056,13980.96,False,5.439008008160274e-05,3.54 小时,12744.0
Sr92,Sr92,2.8e-12,Zr92,Zr-92,11629349199.77409,0.0,True,0.0,稳定,inf
Sr93,Sr93,6.16e-12,Sr93,Sr93,19763548.502777565,30758.111999999994,False,0.001556305133952906,7.42 分钟,445.38
Sr93,Sr93,6.16e-12,Y93,Y-93,1626239316.7229638,30758.10950944811,False,1.891364277886775e-05,10.18 小时,36648.0
Sr93,Sr93,6.16e-12,Zr93,Zr-93,24929005860.026466,0.00035788566020588,False,1.4356194635893918e-14,1531015.25 年,48282096902400.0
Sr93,Sr93,6.16e-12,Nb93m,Nb-93m,0.0,0.0,False,1.3617469183457963e-09,16.14 年,509013217.6704
Sr93,Sr93,6.16e-12,Nb93,Nb-93,0.0,0.0,True,0.0,稳定,inf
Sr94,Sr94,8.61e-12,Sr94,Sr94,4670373.661456498,42991.452,False,0.009205141840105515,1.25 分钟,75.3
Sr94,Sr94,8.61e-12,Y94,Y-94,69590428.26233985,42991.452,False,0.0006177782357931777,18.70 分钟,1122.0
Sr94,Sr94,8.61e-12,Zr94,Zr-94,37070353726.0762,0.0,True,0.0,稳定,inf
Y81,Y81,2.87e-13,Y81,Y81,145548.608130384,1433.0484,False,0.009845840632953767,1.17 分钟,70.4
Y81,Y81,2.87e-13,Sr81,Sr-81,2766250.5352053093,1433.0483999999997,False,0.0005180472201494359,22.30 分钟,1338.0
Y81,Y81,2.87e-13,Rb81,Rb-81,34009330.24351423,1430.9848103039997,False,4.207624202116995e-05,4.58 小时,16473.6
Y81,Y81,2.87e-13,Kr81m,Kr-81m,0.0,0.0,False,0.05291199851602636,13.10 秒,13.1
Y81,Y81,2.87e-13,Kr81,Kr-81,0.0,0.0,False,9.591693359352706e-14,229151.96 年,7226536072320.0
Y81,Y81,2.87e-13,Rb81m,Rb-81m,5456.472597180695,2.06674240248,False,0.00037876895112565315,30.50 分钟,1830.0
Y83,Y83,3.55e-14,Y83,Y83,108634.14782870619,177.2586,False,0.001631702402448082,7.08 分钟,424.8
Y83,Y83,3.55e-14,Sr83,Sr-83,29660887.033001736,176.20899087929135,False,5.940786284753895e-06,1.35 天,116675.99999999999
Y83,Y83,3.55e-14,Rb83,Rb-83,119262892.37819116,11.099662928236363,False,9.306887252942464e-08,86.20 天,7447680.0
Y83,Y83,3.55e-14,Kr83m,Kr-83m,0.0,0.0,False,0.00010521359753490366,1.83 小时,6588.0
Y83,Y83,3.55e-14,Kr83,Kr-83,0.0,0.0,True,0.0,稳定,inf
Y85,Y85,2.09e-15,Y85,Y85,145257.0037761158,10.435787999999999,False,7.184361324211705e-05,2.68 小时,9648.0
Y85,Y85,2.09e-15,Sr85m,Sr-85m,61092.85550608651,10.435787999999999,False,0.00017081846827343518,1.13 小时,4057.7999999999997
Y85,Y85,2.09e-15,Sr85,Sr-85,7244538.355256058,0.896353726731206,False,1.2372820499747694e-07,64.84 天,5602176.0
Y85,Y85,2.09e-15,Rb85,Rb-85,0.0,0.0,True,0.0,稳定,inf
Y91,Y91,3.13e-15,Y91,Y91,12734042.916592117,1.7460148361717942,False,1.3711394312145624e-07,58.51 天,5055264.0
Y91,Y91,3.13e-15,Zr91,Zr-91,769167.7074078824,0.0,True,0.0,稳定,inf
Y92,Y92,4.8e-14,Y92,Y92,4406568.249953153,239.6736,False,5.439008008160274e-05,3.54 小时,12744.0
Y92,Y92,4.8e-14,Zr92,Zr-92,202671422.15004686,0.0,True,0.0,稳定,inf
Y93,Y93,4.23e-13,Y93,Y93,111671953.19005516,2112.123431055144,False,1.891364277886775e-05,10.18 小时,36648.0
Y93,Y93,4.23e-13,Zr93,Zr-93,1713202834.2587125,2.4595073339383185e-05,False,1.4356194635893918e-14,1531015.25 年,48282096902400.0
Y93,Y93,4.23e-13,Nb93m,Nb-93m,9.763277210638982,1.3295112654543375e-08,False,1.3617469183457963e-09,16.14 年,509013217.6704
Y93,Y93,4.23e-13,Nb93,Nb-93,0.0,0.0,True,0.0,稳定,inf
Y94,Y94,2.07e-12,Y94,Y94,16730799.826137453,10335.923999999999,False,0.0006177782357931777,18.70 分钟,1122.0
Y94,Y94,2.07e-12,Zr94,Zr-94,8913507536.173862,0.0,True,0.0,稳定,inf
Y95,Y95,4.13e-12,Y95,Y95,18386202.01514018,20621.916,False,0.001121597379546837,10.30 分钟,618.0
Y95,Y95,4.13e-12,Zr95,Zr-95,16870345216.922848,2113.676997977977,False,1.2528949294159802e-07,64.03 天,5532364.8
Y95,Y95,4.13e-12,Nb95,Nb-95,860364817.7992747,197.25953595426466,False,2.292742937337145e-07,34.99 天,3023222.4
Y95,Y95,4.13e-12,Mo95,Mo-95,0.0,0.0,True,0.0,稳定,inf
Y95,Y95,4.13e-12,Nb95m,Nb-95m,5778668.126731406,12.8419883022837,False,2.2223093662150703e-06,3.61 天,311904.0
Zr85,Zr85,1.15e-14,Zr85,Zr85,39068.35610024968,57.421800000000005,False,0.0014697777365562876,7.86 分钟,471.6
Zr85,Zr85,1.15e-14,Y85m,Y-85m,1403619.4466631121,55.607845337999926,False,3.9617465738451376e-05,4.86 小时,17496.0
Zr85,Zr85,1.15e-14,Sr85,Sr-85,42496203.06916188,5.257978924955669,False,1.2372820499747694e-07,64.84 天,5602176.0
Zr85,Zr85,1.15e-14,Rb85,Rb-85,0.0,0.0,True,0.0,稳定,inf
Zr85,Zr85,1.15e-14,Sr85m,Sr-85m,13020.855533424898,2.224202597829324,False,0.00017081846827343518,1.13 小时,4057.7999999999997
Zr85,Zr85,1.15e-14,Y85,Y-85,25247.05727546382,1.8138398184,False,7.184361324211705e-05,2.68 小时,9648.0
Zr86,Zr86,5.21e-15,Zr86,Zr86,2229253.753675842,26.013484075977857,False,1.1669144453871133e-05,16.50 小时,59400.0
Zr86,Zr86,5.21e-15,Y86,Y-86,1990978.4494938308,26.007106490695392,False,1.3062475134930372e-05,14.74 小时,53064.0
Zr86,Zr86,5.21e-15,Sr86,Sr-86,18256358.004830327,0.0,True,0.0,稳定,inf
Zr93,Zr93,1.04e-15,Zr93,Zr93,4486689.781546844,6.441179177476286e-08,False,1.4356194635893918e-14,1531015.25 年,48282096902400.0
Zr93,Zr93,1.04e-15,Nb93m,Nb-93m,0.02711978832580986,3.693028817886188e-11,False,1.3617469183457963e-09,16.14 年,509013217.6704
Zr93,Zr93,1.04e-15,Nb93,Nb-93,-0.03955550625,0.0,True,0.0,稳定,inf
Zr94,Zr94,5.32e-14,Zr94,Zr94,229511439.35999998,0.0,True,0.0,稳定,inf
Zr95,Zr95,2.63e-13,Zr95,Zr95,1075360952.399853,134.7314284553715,False,1.2528949294159802e-07,64.03 天,5532364.8
Zr95,Zr95,2.63e-13,Nb95,Nb-95,54895876.33245115,12.586213275016071,False,2.292742937337145e-07,34.99 天,3023222.4
Zr95,Zr95,2.63e-13,Mo95,Mo-95,24863268.57048445,0.0,True,0.0,稳定,inf
Zr95,Zr95,2.63e-13,Nb95m,Nb-95m,368555.01957421575,0.8190432719653582,False,2.2223093662150703e-06,3.61 天,311904.0
Zr97,Zr97,4.31e-12,Zr97,Zr97,1871420790.9852958,21519.649574519568,False,1.149909719833216e-05,16.74 小时,60278.4
Zr97,Zr97,4.31e-12,Nb97,Nb-97,134305754.98613894,21519.56897864471,False,0.00016022819707811958,1.20 小时,4326.0
Zr97,Zr97,4.31e-12,Mo97,Mo-97,16588151342.028564,0.0,True,0.0,稳定,inf
Nb87,Nb87,1.14e-13,Nb87,Nb87,184774.00412497768,569.2248,False,0.003080654135821979,3.75 分钟,225.0
Nb87,Nb87,1.14e-13,Zr87,Zr-87,4966725.230879401,569.2248,False,0.0001146076687433772,1.68 小时,6048.0
Nb87,Nb87,1.14e-13,Y87m,Y-87m,39409676.709041856,567.5373202370836,False,1.440096361173326e-05,13.37 小时,48132.0
Nb87,Nb87,1.14e-13,Y87,Y-87,0.0,0.0,False,2.412793026176362e-06,3.33 天,287280.0
Nb87,Nb87,1.14e-13,Sr87,Sr-87,0.0,0.0,True,0.0,稳定,inf
Nb88,Nb88,8.86e-14,Nb88,Nb88,555272.8961388512,442.39752000000004,False,0.0007967208971953394,14.50 分钟,870.0
Nb88,Nb88,8.86e-14,Zr88,Zr-88,366267602.6717931,35.23255785960171,False,9.619348695487293e-08,83.40 天,7205760.000000001
Nb88,Nb88,8.86e-14,Y88,Y-88,15078355.110785797,1.1342396525197966,False,7.522303621224945e-08,106.65 天,9214560.0
Nb88,Nb88,8.86e-14,Sr88,Sr-88,0.0,0.0,True,0.0,稳定,inf
Nb89,Nb89,5.21e-14,Nb89,Nb89,2742772.350634388,260.14572,False,9.484772585658803e-05,2.03 小时,7307.999999999999
Nb89,Nb89,5.21e-14,Zr89,Zr-89,91767069.43083231,225.3400411095175,False,2.45556540605629e-06,3.27 天,282276.0
Nb89,Nb89,5.21e-14,Y89,Y-89,219204136.20455855,0.0,True,0.0,稳定,inf
Nb89,Nb89,5.21e-14,Zr89m,Zr-89m,1150.450187772179,3.1940691501600007,False,0.0027763645780659514,4.16 分钟,249.65999999999997
Nb90,Nb90,2.5e-14,Nb90,Nb90,9465509.061354537,124.82859433870836,False,1.3187731745813266e-05,14.60 小时,52560.0
Nb90,Nb90,2.5e-14,Zr90,Zr-90,98387610.93864547,0.0,True,0.0,稳定,inf
Nb91,Nb91,3.13e-15,Nb91,Nb91,13503022.198943032,0.0004361670334368505,False,3.2301437930761316e-11,680.45 年,21458709734.4
Nb91,Nb91,3.13e-15,Zr91,Zr-91,188.4250569678843,0.0,True,0.0,稳定,inf
Nb96,Nb96,1.04e-14,Nb96,Nb96,6292545.909416447,51.8874667577448,False,8.245862247917504e-06,23.35 小时,84060.0
Nb96,Nb96,1.04e-14,Mo96,Mo-96,38574352.01058356,0.0,True,0.0,稳定,inf
Nb97,Nb97,9.49e-14,Nb97,Nb97,2957373.8495539036,473.85468000000003,False,0.00016022819707811958,1.20 小时,4326.0
Nb97,Nb97,9.49e-14,Mo97,Mo-97,406453069.67044616,0.0,True,0.0,稳定,inf
Nb99,Nb99,1.97e-12,Nb99,Nb99,212868.2971498281,9836.604,False,0.046209812037329684,15.00 秒,15.0
Nb99,Nb99,1.97e-12,Mo99,Mo-99,3098467283.2224364,9047.340433318443,False,2.9199406049268075e-06,2.75 天,237384.0
Nb99,Nb99,1.97e-12,Tc99m,Tc-99m,245788807.0704413,7867.729686619966,False,3.20101219432874e-05,6.01 小时,21654.0
Nb99,Nb99,1.97e-12,Tc99,Tc-99,0.0,0.0,False,1.0405010797213499e-13,211240.08 年,6661667095488.0
Nb99,Nb99,1.97e-12,Ru99,Ru-99,0.0,0.0,True,0.0,稳定,inf
Mo89,Mo89,9.59e-14,Mo89,Mo89,87459.26306593009,478.84788,False,0.005475096212953754,2.11 分钟,126.6
Mo89,Mo89,9.59e-14,Nb89,Nb-89,5048596.322952741,478.8478799999999,False,9.484772585658803e-05,2.03 小时,7307.999999999999
Mo89,Mo89,9.59e-14,Zr89,Zr-89,168904184.65339404,414.75527277301813,False,2.45556540605629e-06,3.27 天,282276.0
Mo89,Mo89,9.59e-14,Y89,Y-89,0.0,0.0,True,0.0,稳定,inf
Mo89,Mo89,9.59e-14,Zr89m,Zr-89m,2117.623282290825,5.879294270640002,False,0.0027763645780659514,4.16 分钟,249.65999999999997
Mo90,Mo90,6.67e-14,Mo90,Mo90,9617376.698631478,333.04643999996625,False,3.462965530375426e-05,5.56 小时,20016.0
Mo90,Mo90,6.67e-14,Nb90,Nb-90,25253803.270476926,333.04038309259147,False,1.3187731745813266e-05,14.60 小时,52560.0
Mo90,Mo90,6.67e-14,Zr90,Zr-90,252880944.19089156,0.0,True,0.0,稳定,inf
Mo91,Mo91,3.02e-14,Mo91,Mo91,202191.60136059957,150.79464,False,0.0007458007107380518,15.49 分钟,929.4
Mo91,Mo91,3.02e-14,Nb91,Nb-91,130038336.88966832,0.00420042526766105,False,3.2301437930761316e-11,680.45 年,21458709734.4
Mo91,Mo91,3.02e-14,Zr91,Zr-91,7121322.713555806,0.0,True,0.0,稳定,inf
Mo91,Mo91,3.02e-14,Nb91m,Nb-91m,42091.88374199772,0.005548532481237814,False,1.3181953355301354e-07,60.86 天,5258304.0
Mo92,Mo92,4.17e-15,Mo92,Mo92,17989900.416,0.0,True,0.0,稳定,inf
Mo98,Mo98,6.26e-15,Mo98,Mo98,27006421.248,0.0,True,0.0,稳定,inf
Mo99,Mo99,4.69e-14,Mo99,Mo99,73765947.5305122,215.39218545524292,False,2.9199406049268075e-06,2.75 天,237384.0
Mo99,Mo99,4.69e-14,Tc99m,Tc-99m,5851556.137949003,187.30902553373943,False,3.20101219432874e-05,6.01 小时,21654.0
Mo99,Mo99,4.69e-14,Tc99,Tc-99,106935557.98680511,1.1126656354587573e-05,False,1.0405010797213499e-13,211240.08 年,6661667095488.0
Mo99,Mo99,4.69e-14,Ru99,Ru-99,0.0,0.0,True,0.0,稳定,inf
Mo101,Mo101,1.7e-12,Mo101,Mo101,10735045.474741686,8488.44,False,0.0007907223141226847,14.61 分钟,876.5999999999999
Mo101,Mo101,1.7e-12,Tc101,Tc-101,10433788.209536754,8488.44,False,0.0008135530288262268,14.20 分钟,852.0
Mo101,Mo101,1.7e-12,Ru101,Ru-101,7312843326.3157215,0.0,True,0.0,稳定,inf
Mo102,Mo102,5.15e-12,Mo102,Mo102,25153036.655094918,25714.98,False,0.0010223409742772054,11.30 分钟,678.0
Mo102,Mo102,5.15e-12,Tc102,Tc-102,195882.05536711088,25714.98,False,0.13127787510605024,5.28 秒,5.28
Mo102,Mo102,5.15e-12,Ru102,Ru-102,22192393801.289536,0.0,True,0.0,稳定,inf
Tc91,Tc91,9.7e-14,Tc91,Tc91,131645.53491552215,484.34040000000005,False,0.0036791251622077773,3.14 分钟,188.4
Tc91,Tc91,9.7e-14,Mo91,Mo-91,644890.3803430779,480.9597040080001,False,0.0007458007107380518,15.49 分钟,929.4
Tc91,Tc91,9.7e-14,Nb91,Nb-91,414626769.1840624,0.013393040849231092,False,3.2301437930761316e-11,680.45 年,21458709734.4
Tc91,Tc91,9.7e-14,Zr91,Zr-91,0.0,0.0,True,0.0,稳定,inf
Tc91,Tc91,9.7e-14,Nb91m,Nb-91m,134395.52105957616,0.017715954897687538,False,1.3181953355301354e-07,60.86 天,5258304.0
Tc91,Tc91,9.7e-14,Mo91m,Mo-91m,315.02478835444344,3.38016321756,False,0.010729832516407823,1.08 分钟,64.6
Tc92,Tc92,1.28e-13,Tc92,Tc92,235127.62162336346,639.1296000000001,False,0.0027182242374899817,4.25 分钟,255.0
Tc92,Tc92,1.28e-13,Mo92,Mo-92,551972846.7783767,0.0,True,0.0,稳定,inf
Tc93,Tc93,9.49e-14,Tc93,Tc93,6767915.189686465,473.85468000000003,False,7.00148667232268e-05,2.75 小时,9900.0
Tc93,Tc93,9.49e-14,Mo93,Mo-93,402641588.703099,0.0022110033885921676,False,5.491244448229424e-12,4002.65 年,126227704320.00002
Tc93,Tc93,9.49e-14,Nb93m,Nb-93m,826.5554601578311,1.1255593507118181e-06,False,1.3617469183457963e-09,16.14 年,509013217.6704
Tc93,Tc93,9.49e-14,Nb93,Nb-93,0.0,0.0,True,0.0,稳定,inf
Tc94,Tc94,3.55e-14,Tc94,Tc94,4495735.213815093,177.2585999999997,False,3.942816726734615e-05,4.88 小时,17580.0
Tc94,Tc94,3.55e-14,Mo94,Mo-94,148655695.1861849,0.0,True,0.0,稳定,inf
Tc95,Tc95,1.04e-15,Tc95,Tc95,539278.7340785738,5.191660195312498,False,9.627044174443684e-06,20.00 小时,72000.0
Tc95,Tc95,1.04e-15,Mo95,Mo-95,3947411.0579214254,0.0,True,0.0,稳定,inf
Tc101,Tc101,8.34e-15,Tc101,Tc101,51186.93745149208,41.643288000000005,False,0.0008135530288262268,14.20 分钟,852.0
Tc101,Tc101,8.34e-15,Ru101,Ru-101,35928613.89454851,0.0,True,0.0,稳定,inf
Tc102,Tc102,8.45e-14,Tc102,Tc102,3213.987122042887,421.9254,False,0.13127787510605024,5.28 秒,5.28
Tc102,Tc102,8.45e-14,Ru102,Ru-102,364540331.61287796,0.0,True,0.0,稳定,inf
Tc104,Tc104,2e-12,Tc104,Tc104,15819248.07245423,9986.4,False,0.000631281585209422,18.30 分钟,1098.0
Tc104,Tc104,2e-12,Ru104,Ru-104,8612430351.927546,0.0,True,0.0,稳定,inf
Tc105,Tc105,4.32e-12,Tc105,Tc105,14190643.51679829,21570.624,False,0.001520059606491108,7.60 分钟,456.0
Tc105,Tc105,4.32e-12,Ru105,Ru-105,497419399.0625084,21570.624,False,4.336506384884542e-05,4.44 小时,15984.000000000002
Tc105,Tc105,4.32e-12,Rh105,Rh-105,3920268470.9401217,21346.491937454386,False,5.445160732151406e-06,1.47 天,127296.0
Tc105,Tc105,4.32e-12,Pd105,Pd-105,0.0,0.0,True,0.0,稳定,inf
Ru92,Ru92,7.72e-14,Ru92,Ru92,121790.92136219,385.47504000000004,False,0.003165055618995184,3.65 分钟,219.0
Ru92,Ru92,7.72e-14,Tc92,Tc-92,141811.3467915911,385.47504000000004,False,0.0027182242374899817,4.25 分钟,255.0
Ru92,Ru92,7.72e-14,Mo92,Mo-92,332786832.2918463,0.0,True,0.0,稳定,inf
Ru94,Ru94,1.78e-13,Ru94,Ru94,3985240.298558934,888.7896,False,0.00022302032836549077,51.80 分钟,3108.0
Ru94,Ru94,1.78e-13,Tc94m,Tc-94m,4000627.3267386984,888.7896,False,0.00022216255787177734,52.00 分钟,3120.0
Ru94,Ru94,1.78e-13,Mo94,Mo-94,759928346.7747023,0.0,True,0.0,稳定,inf
Ru95,Ru95,1.65e-13,Ru95,Ru95,7030359.108527837,823.878,False,0.0001171886083316334,1.64 小时,5914.8
Ru95,Ru95,1.65e-13,Tc95,Tc-95,83321176.75388843,802.1366492763141,False,9.627044174443684e-06,20.00 小时,72000.0
Ru95,Ru95,1.65e-13,Mo95,Mo-95,37207185.98470922,0.0,True,0.0,稳定,inf
Ru95,Ru95,1.65e-13,Tc95m,Tc-95m,17418787.080572966,2.2908665668019794,False,1.3151699691862958e-07,61.00 天,5270400.0
Ru96,Ru96,1.54e-13,Ru96,Ru96,664375219.2,0.0,True,0.0,稳定,inf
Ru97,Ru97,1.26e-13,Ru97,Ru97,206588359.39586997,571.5043855833012,False,2.766392004150484e-06,2.90 天,250560.0
Ru97,Ru97,1.26e-13,Tc97,Tc-97,336849829.7152481,2.845730395862897e-06,False,8.448068381891422e-15,2601725.26 年,82048007808000.0
Ru97,Ru97,1.26e-13,Mo97,Mo-97,-9.82623374775,0.0,True,0.0,稳定,inf
Ru97,Ru97,1.26e-13,Tc97m,Tc-97m,137983.43909767843,0.012286095667175456,False,8.9040364173545e-08,90.10 天,7784639.999999999
Ru98,Ru98,7.93e-14,Ru98,Ru98,342110096.64,0.0,True,0.0,稳定,inf
Ru99,Ru99,8.76e-14,Ru99,Ru99,377917332.47999996,0.0,True,0.0,稳定,inf
Ru100,Ru100,1.23e-13,Ru100,Ru100,530637350.4,0.0,True,0.0,稳定,inf
Ru101,Ru101,4.07e-14,Ru101,Ru101,175584879.36,0.0,True,0.0,稳定,inf
Ru102,Ru102,3.13e-15,Ru102,Ru102,13503210.624,0.0,True,0.0,稳定,inf
Ru103,Ru103,4.17e-15,Ru103,Ru103,16491291.482226856,3.3698928424398202,False,2.0434378023526244e-07,39.26 天,3392064.0
Ru103,Ru103,4.17e-15,Rh103m,Rh-103m,16081.69598104143,3.3108143623935415,False,0.00020587470166682863,56.11 分钟,3366.8399999999997
Ru103,Ru103,4.17e-15,Rh103,Rh-103,1463869.5565666202,0.0,True,0.0,稳定,inf
Ru104,Ru104,4.28e-14,Ru104,Ru104,184644541.44,0.0,True,0.0,稳定,inf
Ru105,Ru105,2.45e-13,Ru105,Ru105,28210127.956091337,1223.334,False,4.336506384884542e-05,4.44 小时,15984.000000000002
Ru105,Ru105,2.45e-13,Rh105,Rh-105,222338402.89658454,1210.6683407017406,False,5.445160732151406e-06,1.47 天,127296.0
Ru105,Ru105,2.45e-13,Pd105,Pd-105,806412045.1473241,0.0,True,0.0,稳定,inf
Ru106,Ru106,1.13e-12,Ru106,Ru106,4830015173.954742,103.72058817352269,False,2.1474174394487017e-08,1.02 年,32278175.999999996
Ru106,Ru106,1.13e-12,Rh106,Rh-106,4458.968074590366,103.71547480231946,False,0.023259972502011585,29.80 秒,29.8
Ru106,Ru106,1.13e-12,Pd106,Pd-106,44941391.07720247,0.0,True,0.0,稳定,inf
Ru107,Ru107,2.38e-12,Ru107,Ru107,3857562.5422583064,11883.815999999999,False,0.003080654135821979,3.75 分钟,225.0
Ru107,Ru107,2.38e-12,Rh107,Rh-107,22322428.577868067,11883.816,False,0.0005323711064208489,21.70 分钟,1302.0
Ru107,Ru107,2.38e-12,Pd107,Pd-107,10241436948.366901,3.460814386745319e-05,False,3.3792273527565687e-15,6504313.15 年,205120019520000.0
Ru107,Ru107,2.38e-12,Ag107,Ag-107,0.0,0.0,True,0.0,稳定,inf
Ru108,Ru108,3.14e-12,Ru108,Ru108,6175125.60686212,15678.648,False,0.002539000661391741,4.55 分钟,273.0
Ru108,Ru108,3.14e-12,Rh108,Rh-108,380007.72965305357,15678.648,False,0.04125876074761579,16.80 秒,16.8
Ru108,Ru108,3.14e-12,Pd108,Pd-108,13539796738.663485,0.0,True,0.0,稳定,inf
Rh94,Rh94,3.82e-13,Rh94,Rh94,194277.0788322553,1907.4024,False,0.009817948733143702,1.18 分钟,70.6
Rh94,Rh94,3.82e-13,Ru94,Ru-94,8552594.34859277,1907.4024,False,0.00022302032836549077,51.80 分钟,3108.0
Rh94,Rh94,3.82e-13,Tc94m,Tc-94m,8585615.948394286,1907.4024,False,0.00022216255787177734,52.00 分钟,3120.0
Rh94,Rh94,3.82e-13,Mo94,Mo-94,0.0,0.0,True,0.0,稳定,inf
Rh95,Rh95,5.89e-13,Rh95,Rh95,1277979.134307957,2940.9948,False,0.0023012854600263787,5.02 分钟,301.2
Rh95,Rh95,5.89e-13,Ru95,Ru-95,25096251.605593305,2940.9948,False,0.0001171886083316334,1.64 小时,5914.8
Rh95,Rh95,5.89e-13,Tc95,Tc-95,297431019.72961485,2863.381565786833,False,9.627044174443684e-06,20.00 小时,72000.0
Rh95,Rh95,5.89e-13,Mo95,Mo-95,0.0,0.0,True,0.0,稳定,inf
Rh95,Rh95,5.89e-13,Tc95m,Tc-95m,62149948.414489314,8.173774574121378,False,1.3151699691862958e-07,61.00 天,5270400.0
Rh96,Rh96,1.24e-12,Rh96,Rh96,5305931.402662518,6191.568000000001,False,0.0011669144453871133,9.90 分钟,594.0
Rh96,Rh96,1.24e-12,Ru96,Ru-96,5344208820.597338,0.0,True,0.0,稳定,inf
Rh97,Rh97,2.01e-12,Rh97,Rh97,26670992.918222222,10036.332,False,0.00037630140095545346,30.70 分钟,1842.0
Rh97,Rh97,2.01e-12,Ru97,Ru-97,3293114656.1336803,9110.046053478984,False,2.766392004150484e-06,2.90 天,250560.0
Rh97,Rh97,2.01e-12,Tc97,Tc-97,5349357535.80544,4.519173826167055e-05,False,8.448068381891422e-15,2601725.26 年,82048007808000.0
Rh97,Rh97,2.01e-12,Mo97,Mo-97,0.0,0.0,True,0.0,稳定,inf
Rh97,Rh97,2.01e-12,Tc97m,Tc-97m,2191471.6316498774,0.19512943215809794,False,8.9040364173545e-08,90.10 天,7784639.999999999
Rh98,Rh98,2.69e-12,Rh98,Rh98,10115242.148624219,13431.708,False,0.0013278681619922324,8.70 分钟,522.0
Rh98,Rh98,2.69e-12,Ru98,Ru-98,11594880469.851376,0.0,True,0.0,稳定,inf
Rh99,Rh99,2.83e-12,Rh99,Rh99,9920657787.43613,4943.406353995153,False,4.982942119277268e-07,16.10 天,1391040.0000000002
Rh99,Rh99,2.83e-12,Ru99,Ru-99,2288315396.5638695,0.0,True,0.0,稳定,inf
Rh100,Rh100,1.84e-12,Rh100,Rh100,992181516.3088692,9184.399314011538,False,9.256773244657388e-06,20.80 小时,74880.0
Rh100,Rh100,1.84e-12,Ru100,Ru-100,6945808115.69113,0.0,True,0.0,稳定,inf
Rh101,Rh101,7.53e-13,Rh101,Rh101,3239212964.683276,21.56037601084826,False,6.6560538766417264e-09,3.30 年,104137856.064
Rh101,Rh101,7.53e-13,Ru101,Ru-101,9323009.716723919,0.0,True,0.0,稳定,inf
Rh102,Rh102,1.81e-13,Rh102,Rh102,767927664.2302647,29.76197079839821,False,3.875621648326765e-08,207.00 天,17884800.0
Rh102,Rh102,1.81e-13,Ru102,Ru-102,10084561.164393663,0.0,True,0.0,稳定,inf
Rh102,Rh102,1.81e-13,Pd102,Pd-102,2844363.405341804,0.0,True,0.0,稳定,inf
Rh103,Rh103,2.82e-14,Rh103,Rh103,121658319.35999998,0.0,True,0.0,稳定,inf
Rh104,Rh104,2.09e-15,Rh104,Rh104,636.8544008840898,10.435788,False,0.016386458169265847,42.30 秒,42.3
Rh104,Rh104,2.09e-15,Pd104,Pd-104,8975312.49969992,0.0,True,0.0,稳定,inf
Rh104,Rh104,2.09e-15,Ru104,Ru-104,40571.47789919601,0.0,True,0.0,稳定,inf
Rh106,Rh106,6.26e-15,Rh106,Rh106,1343.8292756922551,31.257432,False,0.023259972502011585,29.80 秒,29.8
Rh106,Rh106,6.26e-15,Pd106,Pd-106,27005077.418724306,0.0,True,0.0,稳定,inf
Rh107,Rh107,5.42e-14,Rh107,Rh107,508351.10458842403,270.63144,False,0.0005323711064208489,21.70 分钟,1302.0
Rh107,Rh107,5.42e-14,Pd107,Pd-107,233317211.1305326,7.884319017211751e-07,False,3.3792273527565687e-15,6504313.15 年,205120019520000.0
Rh107,Rh107,5.42e-14,Ag107,Ag-107,16.914465,0.0,True,0.0,稳定,inf
Rh108,Rh108,1.68e-13,Rh108,Rh108,20331.623752137897,838.8575999999999,False,0.04125876074761579,16.80 秒,16.8
Rh108,Rh108,1.68e-13,Pd108,Pd-108,724752634.7762479,0.0,True,0.0,稳定,inf
Rh109,Rh109,5.01e-14,Rh109,Rh109,28872.288831692425,250.15932,False,0.008664339756999316,1.33 分钟,80.0
Rh109,Rh109,5.01e-14,Pd109,Pd-109,17801230.08574675,250.15798381881865,False,1.4052848180369142e-05,13.70 小时,49324.32
Rh109,Rh109,5.01e-14,Ag109,Ag-109,198307550.1054216,0.0,True,0.0,稳定,inf
Pd96,Pd96,1.02e-13,Pd96,Pd96,89642.40574390731,509.30639999999994,False,0.0056815342668847975,2.03 分钟,122.0
Pd96,Pd96,1.02e-13,Rh96m,Rh-96m,66570.50787211476,509.30639999999994,False,0.007650631132008227,1.51 分钟,90.6
Pd96,Pd96,1.02e-13,Rh96,Rh-96,261873.388583021,305.58383999999995,False,0.0011669144453871133,9.90 分钟,594.0
Pd96,Pd96,1.02e-13,Ru96,Ru-96,0.0,0.0,True,0.0,稳定,inf
Pd97,Pd97,8.24e-14,Pd97,Pd97,110406.2493887352,411.43967999999995,False,0.0037265977449459425,3.10 分钟,186.0
Pd97,Pd97,8.24e-14,Rh97,Rh-97,1080672.9655692675,406.6587509183999,False,0.00037630140095545346,30.70 分钟,1842.0
Pd97,Pd97,8.24e-14,Ru97,Ru-97,133371565.1940171,368.9580315337639,False,2.766392004150484e-06,2.90 天,250560.0
Pd97,Pd97,8.24e-14,Tc97,Tc-97,0.0,0.0,False,8.448068381891422e-15,2601725.26 年,82048007808000.0
Pd97,Pd97,8.24e-14,Tc97m,Tc-97m,0.0,0.0,False,8.9040364173545e-08,90.10 天,7784639.999999999
Pd97,Pd97,8.24e-14,Rh97m,Rh-97m,19122.94647880313,4.78175196096,False,0.0002500530954400957,46.20 分钟,2772.0
Pd98,Pd98,3.28e-13,Pd98,Pd98,2509295.809001101,1637.7696,False,0.0006526809609792328,17.70 分钟,1062.0
Pd98,Pd98,3.28e-13,Rh98,Rh-98,1233382.685780202,1637.7696,False,0.0013278681619922324,8.70 分钟,522.0
Pd98,Pd98,3.28e-13,Ru98,Ru-98,1411290255.9052188,0.0,True,0.0,稳定,inf
Pd99,Pd99,1.27e-12,Pd99,Pd99,11746872.243528994,6341.3640000000005,False,0.000539834252772543,21.40 分钟,1284.0
Pd99,Pd99,1.27e-12,Rh99m,Rh-99m,149604948.22669983,6128.738065079998,False,4.096614542316461e-05,4.70 小时,16920.0
Pd99,Pd99,1.27e-12,Ru99,Ru-99,988514666.3180653,0.0,True,0.0,稳定,inf
Pd99,Pd99,1.27e-12,Rh99,Rh-99,149015689.3079874,74.25365546859057,False,4.982942119277268e-07,16.10 天,1391040.0000000002
Pd100,Pd100,3.52e-12,Pd100,Pd100,6774497996.0869465,14972.082522499828,False,2.210065237475593e-06,3.63 天,313632.0
Pd100,Pd100,3.52e-12,Rh100,Rh-100,1529393269.5246487,14157.246697894854,False,9.256773244657388e-06,20.80 小时,74880.0
Pd100,Pd100,3.52e-12,Ru100,Ru-100,6881828030.388404,0.0,True,0.0,稳定,inf
Pd101,Pd101,5.55e-12,Pd101,Pd101,1219080525.9314685,27712.259918173047,False,2.2732099585463243e-05,8.47 小时,30492.000000000004
Pd101,Pd101,5.55e-12,Rh101m,Rh-101m,11655907710.953312,21546.071126456663,False,1.8485107861835032e-06,4.34 天,374976.0
Pd101,Pd101,5.55e-12,Ru101,Ru-101,10302597639.741173,0.0,True,0.0,稳定,inf
Pd101,Pd101,5.55e-12,Rh101,Rh-101,703020150.682149,4.679339999305169,False,6.6560538766417264e-09,3.30 年,104137856.064
Pd102,Pd102,5.13e-12,Pd102,Pd102,22131460224.0,0.0,True,0.0,稳定,inf
Pd103,Pd103,3.4e-12,Pd103,Pd103,12044640618.304945,5687.044479318482,False,4.721638992429171e-07,16.99 天,1468022.4
Pd103,Pd103,3.4e-12,Rh103m,Rh-103m,27463383.52298935,5654.015889557129,False,0.00020587470166682863,56.11 分钟,3366.8399999999997
Pd103,Pd103,3.4e-12,Rh103,Rh-103,2592641088.544951,0.0,True,0.0,稳定,inf
Pd104,Pd104,1.43e-12,Pd104,Pd104,6169198464.0,0.0,True,0.0,稳定,inf
Pd105,Pd105,4.03e-13,Pd105,Pd105,1738592294.4,0.0,True,0.0,稳定,inf
Pd106,Pd106,5.53e-14,Pd106,Pd106,238571101.44,0.0,True,0.0,稳定,inf
Pd107,Pd107,5.21e-15,Pd107,Pd107,22476590.02282776,7.595350780183496e-08,False,3.3792273527565687e-15,6504313.15 年,205120019520000.0
Pd107,Pd107,5.21e-15,Ag107,Ag-107,0.18517223745584488,0.0,True,0.0,稳定,inf
Pd108,Pd108,2.09e-15,Pd108,Pd108,9016520.832,0.0,True,0.0,稳定,inf
Pd114,Pd114,5.53e-14,Pd114,Pd114,57842.25935913278,276.12396,False,0.004773740912947282,2.42 分钟,145.2
Pd114,Pd114,5.53e-14,Ag114,Ag-114,1832.4682717080634,276.12396,False,0.15068416968694465,4.60 秒,4.6
Pd114,Pd114,5.53e-14,Cd114,Cd-114,238511426.71236917,0.0,True,0.0,稳定,inf
Ag99,Ag99,1.13e-11,Ag99,Ag99,10093775.227287283,56423.16000000001,False,0.005589896617418913,2.07 分钟,124.0
Ag99,Ag99,1.13e-11,Pd99,Pd-99,104519414.45029734,56423.16,False,0.000539834252772543,21.40 分钟,1284.0
Ag99,Ag99,1.13e-11,Rh99m,Rh-99m,1331130641.7021322,54531.29144519998,False,4.096614542316461e-05,4.70 小时,16920.0
Ag99,Ag99,1.13e-11,Ru99,Ru-99,0.0,0.0,True,0.0,稳定,inf
Ag99,Ag99,1.13e-11,Rh99,Rh-99,1325667367.6431248,660.572376238035,False,4.982942119277268e-07,16.10 天,1391040.0000000002
Ag101,Ag101,7.96e-12,Ag101,Ag101,38189220.838518195,39745.871999999996,False,0.0010407615323722902,11.10 分钟,666.0
Ag101,Ag101,7.96e-12,Pd101,Pd-101,1748447024.4639063,39745.87188002041,False,2.2732099585463243e-05,8.47 小时,30492.000000000004
Ag101,Ag101,7.96e-12,Rh101m,Rh-101m,16708892652.969543,30886.56829419649,False,1.8485107861835032e-06,4.34 天,374976.0
Ag101,Ag101,7.96e-12,Ru101,Ru-101,0.0,0.0,True,0.0,稳定,inf
Ag101,Ag101,7.96e-12,Rh101,Rh-101,0.0,0.0,False,6.6560538766417264e-09,3.30 年,104137856.064
Ag102,Ag102,3.76e-12,Ag102,Ag102,20964393.67503607,18774.432,False,0.0008955389929715056,12.90 分钟,774.0
Ag102,Ag102,3.76e-12,Pd102,Pd-102,16200144854.324965,0.0,True,0.0,稳定,inf
Ag103,Ag103,1.17e-12,Ag103,Ag103,33224310.931188095,5842.044,False,0.00017583642327751023,1.09 小时,3942.0
Ag103,Ag103,1.17e-12,Pd103,Pd-103,4122619321.7647257,1946.5520140586232,False,4.721638992429171e-07,16.99 天,1468022.4
Ag103,Ag103,1.17e-12,Rh103m,Rh-103m,9399772.47240353,1935.175353492145,False,0.00020587470166682863,56.11 分钟,3366.8399999999997
Ag103,Ag103,1.17e-12,Rh103,Rh-103,0.0,0.0,True,0.0,稳定,inf
Ag104,Ag104,2.25e-13,Ag104,Ag104,6729663.729183398,1123.47,False,0.00016694296256260726,1.15 小时,4152.0
Ag104,Ag104,2.25e-13,Pd104,Pd-104,963948416.2708166,0.0,True,0.0,稳定,inf
Ag105,Ag105,2.82e-14,Ag105,Ag105,111994969.26045011,21.760323653544358,False,1.9429733136440794e-07,41.29 天,3567456.0
Ag105,Ag105,2.82e-14,Pd105,Pd-105,9663350.099549875,0.0,True,0.0,稳定,inf
Ag106,Ag106,8.34e-15,Ag106,Ag106,86368.9451646303,41.643288000000005,False,0.0004821558017250593,23.96 分钟,1437.6000000000001
Ag106,Ag106,8.34e-15,Pd106,Pd-106,35534497.56796702,0.0,True,0.0,稳定,inf
Ag106,Ag106,8.34e-15,Cd106,Cd-106,358934.3188683538,0.0,True,0.0,稳定,inf
Ag115,Ag115,8.34e-15,Ag115,Ag115,72094.27810069306,41.643288,False,0.0005776226504666211,20.00 分钟,1200.0
Ag115,Ag115,8.34e-15,Cd115,Cd-115,10404991.102925926,37.47448895718721,False,3.6015877944046708e-06,2.23 天,192456.0
Ag115,Ag115,8.34e-15,In115m,In-115m,128032.39506432672,5.4952007269019125,False,4.2920393109423474e-05,4.49 小时,16149.599999999999
Ag115,Ag115,8.34e-15,In115,In-115,0.0,0.0,False,4.9807205879631965e-23,441292630684931.50 年,1.391660440128e+22
Ag115,Ag115,8.34e-15,Sn115,Sn-115,0.0,0.0,True,0.0,稳定,inf
Ag115,Ag115,8.34e-15,Cd115m,Cd-115m,1924846.6028762513,0.34623660827573866,False,1.7987750699633193e-07,44.60 天,3853440.0
Ag116,Ag116,3.86e-14,Ag116,Ag116,44712.28345899578,192.73752000000002,False,0.004310616794527023,2.68 分钟,160.8
Ag116,Ag116,3.86e-14,Cd116,Cd-116,166480504.996541,0.0,True,0.0,稳定,inf
Ag117,Ag117,9.7e-14,Ag117,Ag117,51428.40429820821,484.34039999999993,False,0.00941776060543404,1.23 分钟,73.6
Ag117,Ag117,9.7e-14,Cd117,Cd-117,5305494.5813568495,410.25084901199995,False,7.7325656019628e-05,2.49 小时,8964.0
Ag117,Ag117,9.7e-14,In117m,In-117m,3776032.498437277,375.40824440541087,False,9.941870059666456e-05,1.94 小时,6972.0
Ag117,Ag117,9.7e-14,Sn117,Sn-117,0.0,0.0,True,0.0,稳定,inf
Ag117,Ag117,9.7e-14,In117,In-117,0.0,0.0,False,0.0002674178937345468,43.20 分钟,2592.0
Ag117,Ag117,9.7e-14,Cd117m,Cd-117m,1292924.8417729707,74.089550988,False,5.73038343716886e-05,3.36 小时,12096.0
Cd101,Cd101,1.38e-12,Cd101,Cd101,811190.294600604,6890.616,False,0.008494450742156191,1.36 分钟,81.60000000000001
Cd101,Cd101,1.38e-12,Ag101,Ag-101,6620744.316225518,6890.616,False,0.0010407615323722902,11.10 分钟,666.0
Cd101,Cd101,1.38e-12,Pd101,Pd-101,303122725.3443024,6890.615979143706,False,2.2732099585463243e-05,8.47 小时,30492.000000000004
Cd101,Cd101,1.38e-12,Rh101m,Rh-101m,0.0,0.0,False,1.8485107861835032e-06,4.34 天,374976.0
Cd101,Cd101,1.38e-12,Rh101,Rh-101,0.0,0.0,False,6.6560538766417264e-09,3.30 年,104137856.064
Cd102,Cd102,3.55e-13,Cd102,Cd102,843909.3404772374,1772.586,False,0.002100446001696804,5.50 分钟,330.0
Cd102,Cd102,3.55e-13,Ag102m,Ag-102m,1117957.0840664536,1677.29177664,False,0.0015003185726405741,7.70 分钟,462.0
Cd102,Cd102,3.55e-13,Pd102,Pd-102,738104434.5508658,0.0,True,0.0,稳定,inf
Cd102,Cd102,3.55e-13,Ag102,Ag-102,917741.1335563705,821.8729705536,False,0.0008955389929715056,12.90 分钟,774.0
Cd103,Cd103,6.99e-14,Cd103,Cd103,220548.84464292953,349.02468,False,0.001582527809497592,7.30 分钟,438.0
Cd103,Cd103,6.99e-14,Ag103,Ag-103,1984939.6017863657,349.02468,False,0.00017583642327751023,1.09 小时,3942.0
Cd103,Cd103,6.99e-14,Pd103,Pd-103,246152970.92457113,116.22454656197391,False,4.721638992429171e-07,16.99 天,1468022.4
Cd103,Cd103,6.99e-14,Rh103m,Rh-103m,0.0,0.0,False,0.00020587470166682863,56.11 分钟,3366.8399999999997
Cd103,Cd103,6.99e-14,Rh103,Rh-103,0.0,0.0,True,0.0,稳定,inf
Cd104,Cd104,4.17e-15,Cd104,Cd104,103995.99616024975,20.821644000000003,False,0.0002002158233853106,57.70 分钟,3462.0
Cd104,Cd104,4.17e-15,Ag104m,Ag-104m,60378.95790933044,20.821644000000003,False,0.00034484934356216184,33.50 分钟,2010.0
Cd104,Cd104,4.17e-15,Pd104,Pd-104,17813047.594107073,0.0,True,0.0,稳定,inf
Cd104,Cd104,4.17e-15,Ag104,Ag-104,87.30617077993928,0.014575150799999999,False,0.00016694296256260726,1.15 小时,4152.0
Cd117,Cd117,8.34e-15,Cd117,Cd117,538544.2574121772,41.643288000000005,False,7.7325656019628e-05,2.49 小时,8964.0
Cd117,Cd117,8.34e-15,In117m,In-117m,383293.31726790307,38.10652355016001,False,9.941870059666456e-05,1.94 小时,6972.0
Cd117,Cd117,8.34e-15,Sn117,Sn-117,16953358.85097686,0.0,True,0.0,稳定,inf
Cd117,Cd117,8.34e-15,In117,In-117,67116.57302163058,17.94817259212536,False,0.0002674178937345468,43.20 分钟,2592.0
Cd117,Cd117,8.34e-15,Sn117m,Sn-117m,0.0,0.0,False,5.830331985491573e-07,13.76 天,1188864.0
Cd118,Cd118,3.55e-14,Cd118,Cd118,771793.4513819098,177.2586,False,0.00022967103398275192,50.30 分钟,3018.0
Cd118,Cd118,3.55e-14,In118,In-118,1278.6505158746022,177.2586,False,0.13862943611198905,5.00 秒,5.0
Cd118,Cd118,3.55e-14,Sn118,Sn-118,152378358.29810223,0.0,True,0.0,稳定,inf
Cd119,Cd119,5.63e-14,Cd119,Cd119,65458.4060882234,281.11716,False,0.004294592196777852,2.69 分钟,161.4
Cd119,Cd119,5.63e-14,In119m,In-119m,394609.06591856654,253.2612606156,False,0.0006418029449629123,18.00 分钟,1080.0
Cd119,Cd119,5.63e-14,Sn119,Sn-119,206135755.68682432,0.0,True,0.0,稳定,inf
Cd119,Cd119,5.63e-14,In119,In-119,2946.41435885863,14.182630594473599,False,0.004813522087221842,2.40 分钟,144.0
Cd119,Cd119,5.63e-14,Sn119m,Sn-119m,0.0,0.0,False,2.7371329962594347e-08,293.10 天,25323840.000000004
In103,In103,3.21e-12,In103,In103,1387425.8555349202,16028.171999999999,False,0.011552453009332421,1.00 分钟,60.0
In103,In103,3.21e-12,Cd103,Cd-103,10128208.745404918,16028.171999999999,False,0.001582527809497592,7.30 分钟,438.0
In103,In103,3.21e-12,Ag103,Ag-103,91153878.70864426,16028.171999999999,False,0.00017583642327751023,1.09 小时,3942.0
In103,In103,3.21e-12,Pd103,Pd-103,0.0,0.0,False,4.721638992429171e-07,16.99 天,1468022.4
In105,In105,1.9e-13,In105,In105,416357.4226282831,948.708,False,0.002278590337146434,5.07 分钟,304.20000000000005
In105,In105,1.9e-13,Cd105,Cd-105,4557758.768416117,948.7080000000001,False,0.00020815230647445806,55.50 分钟,3330.0
In105,In105,1.9e-13,Ag105m,Ag-105m,492584.90329561953,787.0766180399999,False,0.0015978496555093251,7.23 分钟,433.8
In105,In105,1.9e-13,Ag105,Ag-105,0.0,0.0,False,1.9429733136440794e-07,41.29 天,3567456.0
In105,In105,1.9e-13,Pd105,Pd-105,0.0,0.0,True,0.0,稳定,inf
In106,In106,2.92e-14,In106,In106,78249.08937259874,145.80143999999999,False,0.0018632988724729713,6.20 分钟,372.0
In106,In106,2.92e-14,Cd106,Cd-106,125894195.07062738,0.0,True,0.0,稳定,inf
In107,In107,1.04e-15,In107,In107,14564.081504082453,5.192927999999999,False,0.0003565571916460624,32.40 分钟,1944.0
In107,In107,1.04e-15,Cd107,Cd-107,175308.38847359925,5.192927999956535,False,2.9621674382903646e-05,6.50 小时,23400.0
In107,In107,1.04e-15,Ag107,Ag-107,4296817.322022318,0.0,True,0.0,稳定,inf
In118,In118,1.04e-15,In118,In118,37.45905736646721,5.192927999999999,False,0.13862943611198905,5.00 秒,5.0
In118,In118,1.04e-15,Sn118,Sn-118,4486652.332942633,0.0,True,0.0,稳定,inf
In119,In119,4.17e-15,In119,In119,4325.656686041584,20.821644000000003,False,0.004813522087221842,2.40 分钟,144.0
In119,In119,4.17e-15,Sn119,Sn-119,17815071.51059566,0.0,True,0.0,稳定,inf
In119,In119,4.17e-15,Sn119m,Sn-119m,168455.43251541484,0.004610849227370964,False,2.7371329962594347e-08,293.10 天,25323840.000000004
In121,In121,5.84e-14,In121,In121,9718.032067242102,291.60287999999997,False,0.030006371452811483,23.10 秒,23.1
In121,In121,5.84e-14,Sn121,Sn-121,36213458.80191247,257.9567647764764,False,7.1232291338836e-06,1.13 天,97308.0
In121,In121,5.84e-14,Sb121,Sb-121,48265.65520709612,0.0,True,0.0,稳定,inf
In121,In121,5.84e-14,Sn121m,Sn-121m,28588462.299340855,0.014303984955323158,False,5.003411797931138e-10,43.93 年,1385349054.912
Sn106,Sn106,2.09e-15,Sn106,Sn106,1734.4119853864572,10.435788,False,0.006016902609027304,1.92 分钟,115.19999999999999
Sn106,Sn106,2.09e-15,In106m,In-106m,4697.36579375499,10.435788000000002,False,0.0022216255787177734,5.20 分钟,312.0
Sn106,Sn106,2.09e-15,Cd106,Cd-106,9010089.054220859,0.0,True,0.0,稳定,inf
Sn121,Sn121,3.13e-15,Sn121,Sn121,2189389.2276164917,15.595521131568706,False,7.1232291338836e-06,1.13 天,97308.0
Sn121,Sn121,3.13e-15,Sb121,Sb-121,11313821.396383509,0.0,True,0.0,稳定,inf
Sn122,Sn122,2.4e-14,Sn122,Sn122,103538995.2,0.0,True,0.0,稳定,inf
Sn123,Sn123,6.26e-14,Sn123,Sn123,262947685.2298539,16.32745730956861,False,6.209393817365639e-08,129.20 天,11162879.999999998
Sn123,Sn123,6.26e-14,Sb123,Sb-123,7116527.25014618,0.0,True,0.0,稳定,inf
Sn124,Sn124,1.86e-13,Sn124,Sn124,802427212.8,0.0,True,0.0,稳定,inf
Sn125,Sn125,3.4e-13,Sn125,Sn125,1046047280.0536273,870.5345240000806,False,8.322133622444402e-07,9.64 天,832896.0
Sn125,Sn125,3.4e-13,Sb125,Sb-125,419737184.1408599,3.342148776360055,False,7.962479624484403e-09,2.76 年,87051674.00724481
Sn125,Sn125,3.4e-13,Te125,Te-125,782450.7740280238,0.0,True,0.0,稳定,inf
Sn125,Sn125,3.4e-13,Te125m,Te-125m,228341.74083985775,0.03191428609080549,False,1.3976544968704536e-07,57.40 天,4959360.0
Sn126,Sn126,6.74e-13,Sn126,Sn126,2907719995.815719,0.00027768697885267396,False,9.549990344746824e-14,230152.62 年,7258092998400.0
Sn126,Sn126,6.74e-13,Sb126m,Sb-126m,0.4594265110652512,0.0002771542130716896,False,0.0006032612537510403,19.15 分钟,1149.0
Sn126,Sn126,6.74e-13,Te126,Te-126,101.75127356249999,0.0,True,0.0,稳定,inf
Sn126,Sn126,6.74e-13,Sb126,Sb-126,13.998932796185056,9.093680460454924e-06,False,6.495981224320975e-07,12.35 天,1067040.0
Sn127,Sn127,1.3e-12,Sn127,Sn127,70797618.42262304,6491.16,False,9.168613499470175e-05,2.10 小时,7560.0
Sn127,Sn127,1.3e-12,Sb127,Sb-127,2588399897.930523,5393.645055952959,False,2.083775795334131e-06,3.85 天,332640.0
Sn127,Sn127,1.3e-12,Te127,Te-127,210674286.82483768,4338.332974721136,False,2.0592607859772586e-05,9.35 小时,33660.0
Sn127,Sn127,1.3e-12,I127,I-127,0.0,0.0,True,0.0,稳定,inf
Sn127,Sn127,1.3e-12,Te127m,Te-127m,509293346.1507869,37.4846295194485,False,7.360125515629728e-08,109.00 天,9417600.0
Sn128,Sn128,2.75e-12,Sn128,Sn128,70210879.91829635,13731.300000000001,False,0.00019557225341683464,59.07 分钟,3544.2
Sn128,Sn128,2.75e-12,Sb128m,Sb-128m,12361488.930934181,13731.300000000001,False,0.0011108127893588867,10.40 分钟,624.0
Sn128,Sn128,2.75e-12,Te128,Te-128,11357145081.229342,0.0,True,0.0,稳定,inf
Sn128,Sn128,2.75e-12,Sb128,Sb-128,23132149.07111747,494.32679457816715,False,2.1369687401650797e-05,9.01 小时,32436.0
Sn129,Sn129,4.52e-12,Sn129,Sn129,4356603.630358188,22569.264,False,0.005180472201494359,2.23 分钟,133.8
Sn129,Sn129,4.52e-12,Sb129,Sb-129,515759353.5491308,22569.264,False,4.375929170201674e-05,4.40 小时,15840.000000000002
Sn129,Sn129,4.52e-12,Te129,Te-129,105217205.59750666,17464.32217584,False,0.00016598352024902905,1.16 小时,4176.0
Sn129,Sn129,4.52e-12,I129,I-129,0.0,0.0,False,1.3990431715234201e-15,15710417.92 年,495443739456000.0
Sn129,Sn129,4.52e-12,Te129m,Te-129m,3889217521.8950257,928.6128196255906,False,2.387659765487025e-07,33.60 天,2903040.0
Sn130,Sn130,7.15e-12,Sn130,Sn130,11496184.705768788,35701.38,False,0.003105498120788285,3.72 分钟,223.20000000000002
Sn130,Sn130,7.15e-12,Sb130m,Sb-130m,19469345.066221334,35701.38,False,0.0018337226998940352,6.30 分钟,378.0
Sn130,Sn130,7.15e-12,Te130,Te-130,30815026790.22801,0.0,True,0.0,稳定,inf
Sb111,Sb111,1.15e-14,Sb111,Sb111,6213.160957418841,57.4218,False,0.009241962407465937,1.25 分钟,75.0
Sb111,Sb111,1.15e-14,Sn111,Sn-111,175459.66543750805,57.4218,False,0.0003272649577714567,35.30 分钟,2118.0
Sb111,Sb111,1.15e-14,In111,In-111,18325630.517210092,52.418456672048954,False,2.86039034906992e-06,2.80 天,242326.08
Sb111,Sb111,1.15e-14,Cd111,Cd-111,0.0,0.0,True,0.0,稳定,inf
Sb111,Sb111,1.15e-14,Cd111m,Cd-111m,0.0,0.0,False,0.00023819490740891591,48.50 分钟,2910.0
Sb111,Sb111,1.15e-14,In111m,In-111m,79.39748682197879,0.11912152410000001,False,0.0015003185726405741,7.70 分钟,462.0
Sb121,Sb121,1.04e-15,Sb121,Sb121,4486689.791999999,0.0,True,0.0,稳定,inf
Sb123,Sb123,1.04e-15,Sb123,Sb123,4486689.791999999,0.0,True,0.0,稳定,inf
Sb124,Sb124,1.04e-15,Sb124,Sb124,4238024.140596605,0.5647791474789902,False,1.3326473109695023e-07,60.20 天,5201280.0
Sb124,Sb124,1.04e-15,Te124,Te-124,248665.65140339453,0.0,True,0.0,稳定,inf
Sb125,Sb125,3.13e-15,Sb125,Sb125,13456868.73080837,0.10715004307842294,False,7.962479624484403e-09,2.76 年,87051674.00724481
Sb125,Sb125,3.13e-15,Te125,Te-125,35620.232782816514,0.0,True,0.0,稳定,inf
Sb125,Sb125,3.13e-15,Te125m,Te-125m,10302.572066823297,0.0014399436178527505,False,1.3976544968704536e-07,57.40 天,4959360.0
Sb126,Sb126,1.25e-14,Sb126,Sb126,41268010.85072558,26.807622365138762,False,6.495981224320975e-07,12.35 天,1067040.0
Sb126,Sb126,1.25e-14,Te126,Te-126,12658549.149274424,0.0,True,0.0,稳定,inf
Sb127,Sb127,7.51e-14,Sb127,Sb127,150221388.8234747,313.02769397183374,False,2.083775795334131e-06,3.85 天,332640.0
Sb127,Sb127,7.51e-14,Te127,Te-127,12234580.070690421,251.94190972471662,False,2.0592607859772586e-05,9.35 小时,33660.0
Sb127,Sb127,7.51e-14,I127,I-127,3369728.891411235,0.0,True,0.0,稳定,inf
Sb127,Sb127,7.51e-14,Te127m,Te-127m,29998704.887614492,2.2079423327917764,False,7.360125515629728e-08,109.00 天,9417600.0
Sb128,Sb128,2.89e-13,Sb128,Sb128,67527182.73556904,1443.034786173261,False,2.1369687401650797e-05,9.01 小时,32436.0
Sb128,Sb128,2.89e-13,Te128,Te-128,1179254884.4644308,0.0,True,0.0,稳定,inf
Sb129,Sb129,1.11e-12,Sb129,Sb129,126657717.35387947,5542.451999999999,False,4.375929170201674e-05,4.40 小时,15840.000000000002
Sb129,Sb129,1.11e-12,Te129,Te-129,25838738.54275053,4288.80478212,False,0.00016598352024902905,1.16 小时,4176.0
Sb129,Sb129,1.11e-12,I129,I-129,339400348.4518689,4.748357399142566e-07,False,1.3990431715234201e-15,15710417.92 年,495443739456000.0
Sb129,Sb129,1.11e-12,Xe129,Xe-129,0.0,0.0,True,0.0,稳定,inf
Sb129,Sb129,1.11e-12,Te129m,Te-129m,955293428.1801772,228.09156826999782,False,2.387659765487025e-07,33.60 天,2903040.0
Sb130,Sb130,3.42e-12,Sb130,Sb130,58388585.30349295,17076.744,False,0.00029246716479322586,39.50 分钟,2370.0
Sb130,Sb130,3.42e-12,Te130,Te-130,14695918230.696505,0.0,True,0.0,稳定,inf
Sb131,Sb131,6.93e-12,Sb131,Sb131,68981387.21155037,34602.876,False,0.0005016262704877299,23.03 分钟,1381.8000000000002
Sb131,Sb131,6.93e-12,Te131,Te-131,68736522.75629443,31763.017966680003,False,0.00046209812037329687,25.00 分钟,1500.0
Sb131,Sb131,6.93e-12,I131,I-131,15895250521.87052,15898.890676405686,False,1.000229008943908e-06,8.02 天,692988.48
Sb131,Sb131,6.93e-12,Xe131,Xe-131,0.0,0.0,True,0.0,稳定,inf
Sb131,Sb131,6.93e-12,Xe131m,Xe-131m,0.0,0.0,False,6.775791226382097e-07,11.84 天,1022976.0
Sb131,Sb131,6.93e-12,Te131m,Te-131m,440714348.76808244,2828.5176692676737,False,6.418029449629123e-06,1.25 天,108000.0
Sb133,Sb133,6.38e-12,Sb133,Sb133,6893907.288405601,31856.615999999998,False,0.0046209812037329686,2.50 分钟,150.0
Sb133,Sb133,6.38e-12,Te133,Te-133,28493208.21370919,26333.31591792,False,0.0009241962407465937,12.50 分钟,750.0
Sb133,Sb133,6.38e-12,I133,I-133,2843759109.890859,26324.033242688412,False,9.256773244657388e-06,20.80 小时,74880.0
Sb133,Sb133,6.38e-12,Xe133,Xe-133,0.0,0.0,False,1.5301424398314711e-06,5.24 天,452995.2
Sb133,Sb133,6.38e-12,Xe133m,Xe-133m,0.0,0.0,False,3.6632588182814627e-06,2.19 天,189216.0
Sb133,Sb133,6.38e-12,Te133m,Te-133m,26487086.707908988,5523.30008208,False,0.00020852803265943,55.40 分钟,3324.0
Te129,Te129,1.04e-15,Te129,Te129,31285.804712473415,5.192927999999999,False,0.00016598352024902905,1.16 小时,4176.0
Te129,Te129,1.04e-15,I129,I-129,4455404.000232404,6.233302542903276e-09,False,1.3990431715234201e-15,15710417.92 年,495443739456000.0
Te129,Te129,1.04e-15,Xe129,Xe-129,0.0,0.0,True,0.0,稳定,inf
Te130,Te130,5.52e-13,Te130,Te130,2381396889.6,0.0,True,0.0,稳定,inf
Te131,Te131,2.79e-12,Te131,Te131,30147337.515127942,13931.028,False,0.00046209812037329687,25.00 分钟,1500.0
Te131,Te131,2.79e-12,I131,I-131,8046063205.072765,8047.905825509976,False,1.000229008943908e-06,8.02 天,692988.48
Te131,Te131,2.79e-12,Xe131,Xe-131,3913625725.055021,0.0,True,0.0,稳定,inf
Te131,Te131,2.79e-12,Xe131m,Xe-131m,38200775.106040545,25.884047680450514,False,6.775791226382097e-07,11.84 天,1022976.0
Te132,Te132,8.74e-12,Te132,Te132,15425736532.799595,38624.70012083631,False,2.503912862683022e-06,3.20 天,276825.60000000003
Te132,Te132,8.74e-12,I132,I-132,458549643.24751765,38470.393653326755,False,8.389580979907351e-05,2.29 小时,8262.0
Te132,Te132,8.74e-12,Xe132,Xe-132,21821164575.95289,0.0,True,0.0,稳定,inf
Te133,Te133,1.3e-11,Te133,Te133,70235732.56212603,64911.6,False,0.0009241962407465937,12.50 分钟,750.0
Te133,Te133,1.3e-11,I133,I-133,7009954253.337864,64889.556978570195,False,9.256773244657388e-06,20.80 小时,74880.0
Te133,Te133,1.3e-11,Xe133,Xe-133,28020999288.67711,42876.12021809231,False,1.5301424398314711e-06,5.24 天,452995.2
Te133,Te133,1.3e-11,Cs133,Cs-133,0.0,0.0,True,0.0,稳定,inf
Te133,Te133,1.3e-11,Xe133m,Xe-133m,475405461.5705979,1741.5332493576618,False,3.6632588182814627e-06,2.19 天,189216.0
Te134,Te134,1.4e-11,Te134,Te134,252935081.2021917,69904.8,False,0.0002763744739074742,41.80 分钟,2508.0
Te134,Te134,1.4e-11,I134,I-134,317681621.1271547,69904.8,False,0.0002200467239872842,52.50 分钟,3150.0
Te134,Te134,1.4e-11,Xe134,Xe-134,59827130497.670654,0.0,True,0.0,稳定,inf
I130,I130,5.21e-15,I130,I130,1669981.1744058763,26.014534848696947,False,1.5577741382594957e-05,12.36 小时,44496.0
I130,I130,5.21e-15,Xe130,Xe-130,20806609.03359412,0.0,True,0.0,稳定,inf
I131,I131,5.21e-14,I131,I131,150488600.39766422,150.5230636331115,False,1.000229008943908e-06,8.02 天,692988.48
I131,I131,5.21e-14,Xe131,Xe-131,73403800.61455148,0.0,True,0.0,稳定,inf
I131,I131,5.21e-14,Xe131m,Xe-131m,716133.2820583131,0.4852369609490934,False,6.775791226382097e-07,11.84 天,1022976.0
I132,I132,5.15e-13,I132,I132,30651089.80005814,2571.498,False,8.389580979907351e-05,2.29 小时,8262.0
I132,I132,5.15e-13,Xe132,Xe-132,2191123182.1999416,0.0,True,0.0,稳定,inf
I133,I133,3.76e-12,I133,I133,2027501359.4137764,18768.120337327928,False,9.256773244657388e-06,20.80 小时,74880.0
I133,I133,3.76e-12,Xe133,Xe-133,8110838499.062836,12410.738210035035,False,1.5301424398314711e-06,5.24 天,452995.2
I133,I133,3.76e-12,Cs133,Cs-133,5673283801.937676,0.0,True,0.0,稳定,inf
I133,I133,3.76e-12,Xe133m,Xe-133m,137542656.12944275,503.85434795603607,False,3.6632588182814627e-06,2.19 天,189216.0
I134,I134,6.9e-12,I134,I134,156571656.1269548,34453.08,False,0.0002200467239872842,52.50 分钟,3150.0
I134,I134,6.9e-12,Xe134,Xe-134,29610889463.873047,0.0,True,0.0,稳定,inf
I135,I135,1.15e-11,I135,I135,1959382439.511855,57421.79999942118,False,2.9306070546251702e-05,6.57 小时,23652.0
I135,I135,1.15e-11,Xe135,Xe-135,2274221038.7882204,47908.15405440569,False,2.1065742176025568e-05,9.14 小时,32904.0
I135,I135,1.15e-11,Cs135,Cs-135,39694486990.11675,0.00037908196749529343,False,9.549990344746825e-15,2301526.19 年,72580929984000.0
I135,I135,1.15e-11,Ba135,Ba-135,0.0,0.0,True,0.0,稳定,inf
I135,I135,1.15e-11,Xe135m,Xe-135m,12591578.078692432,9513.643823900233,False,0.0007555561157182748,15.29 分钟,917.4
Xe132,Xe132,3.13e-15,Xe132,Xe132,13503210.624,0.0,True,0.0,稳定,inf
Xe133,Xe133,1.44e-13,Xe133,Xe133,344632611.4128228,527.336984872708,False,1.5301424398314711e-06,5.24 天,452995.2
Xe133,Xe133,1.44e-13,Cs133,Cs-133,276601359.78717726,0.0,True,0.0,稳定,inf
Xe134,Xe134,6.96e-13,Xe134,Xe134,3002630860.7999997,0.0,True,0.0,稳定,inf
Xe135,Xe135,4.2e-12,Xe135,Xe135,995523422.0315465,20971.43973871125,False,2.1065742176025568e-05,9.14 小时,32904.0
Xe135,Xe135,4.2e-12,Cs135,Cs-135,17123800660.05654,0.00016353213096890925,False,9.549990344746825e-15,2301526.19 年,72580929984000.0
Xe135,Xe135,4.2e-12,Ba135,Ba-135,0.0,0.0,True,0.0,稳定,inf
Xe137,Xe137,1.06e-11,Xe137,Xe137,17492284.83307871,52927.92,False,0.0030257865398984865,3.82 分钟,229.08
Xe137,Xe137,1.06e-11,Cs137,Cs-137,45697860612.51049,33.27308536576738,False,7.28110351771224e-10,30.19 年,951980944.7479681
Xe137,Xe137,1.06e-11,Ba137m,Ba-137m,6936.74717808068,31.40142860987317,False,0.004526823279518974,2.55 分钟,153.12
Xe137,Xe137,1.06e-11,Ba137,Ba-137,0.0,0.0,True,0.0,稳定,inf
Xe138,Xe138,1.1e-11,Xe138,Xe138,66942216.97982818,54925.200000000004,False,0.0008204867194128141,14.08 分钟,844.8
Xe138,Xe138,1.1e-11,Cs138,Cs-138,158845132.76250422,54925.2,False,0.00034577830018953673,33.41 分钟,2004.6
Xe138,Xe138,1.1e-11,Ba138,Ba-138,47229585450.257675,0.0,True,0.0,稳定,inf
Cs133,Cs133,1.04e-15,Cs133,Cs133,4486689.791999999,0.0,True,0.0,稳定,inf
Cs134,Cs134,1.04e-15,Cs134,Cs134,4466134.055539864,0.04750994544271918,False,1.0637823417724572e-08,2.07 年,65158740.969984
Cs134,Cs134,1.04e-15,Ba134,Ba-134,20555.73646013532,0.0,True,0.0,稳定,inf
Cs134,Cs134,1.04e-15,Xe134,Xe-134,0.061667209380404486,0.0,True,0.0,稳定,inf
Cs135,Cs135,2.82e-14,Cs135,Cs135,121658318.78475454,1.1618357697525372e-06,False,9.549990344746825e-15,2301526.19 年,72580929984000.0
Cs135,Cs135,2.82e-14,Ba135,Ba-135,0.5752454400062561,0.0,True,0.0,稳定,inf
Cs136,Cs136,3.66e-13,Cs136,Cs136,1227465330.571471,748.2815957452932,False,6.096152592732829e-07,13.16 天,1137024.0
Cs136,Cs136,3.66e-13,Ba136,Ba-136,351504346.228529,0.0,True,0.0,稳定,inf
Cs137,Cs137,2.89e-12,Cs137,Cs137,12463899820.13352,9.075094482478713,False,7.28110351771224e-10,30.19 年,951980944.7479681
Cs137,Cs137,2.89e-12,Ba137m,Ba-137m,1891.9688844826917,8.564608790401794,False,0.004526823279518974,2.55 分钟,153.12
Cs137,Cs137,2.89e-12,Ba137,Ba-137,3699352.984525884,0.0,True,0.0,稳定,inf
Cs138,Cs138,3.91e-12,Cs138,Cs138,56462224.463762864,19523.412,False,0.00034577830018953673,33.41 分钟,2004.6
Cs138,Cs138,3.91e-12,Ba138,Ba-138,16811765743.536238,0.0,True,0.0,稳定,inf
Cs139,Cs139,6.49e-12,Cs139,Cs139,26003342.84998396,32405.867999999995,False,0.001246219310607597,9.27 分钟,556.1999999999999
Cs139,Cs139,6.49e-12,Ba139,Ba-139,232992196.0215392,32405.868000000002,False,0.0001390856370013535,1.38 小时,4983.6
Cs139,Cs139,6.49e-12,La139,La-139,27739674413.12847,0.0,True,0.0,稳定,inf
Cs140,Cs140,8.1e-12,Cs140,Cs140,3716874.967187709,40444.92,False,0.010881431405964604,1.06 分钟,63.7
Cs140,Cs140,8.1e-12,Ba140,Ba-140,26955280503.538723,16958.10305194531,False,6.291198880204206e-07,12.75 天,1101772.8
Cs140,Cs140,8.1e-12,La140,La-140,2823326762.472405,13497.55252031609,False,4.780726304771113e-06,1.68 天,144987.84
Cs140,Cs140,8.1e-12,Ce140,Ce-140,0.0,0.0,True,0.0,稳定,inf
Ba137,Ba137,1.67e-14,Ba137,Ba137,72045884.16000001,0.0,True,0.0,稳定,inf
Ba138,Ba138,1.24e-13,Ba138,Ba138,534951475.2,0.0,True,0.0,稳定,inf
Ba139,Ba139,6.75e-13,Ba139,Ba139,24232624.39361155,3370.41,False,0.0001390856370013535,1.38 小时,4983.6
Ba139,Ba139,6.75e-13,La139,La-139,2887801615.6063886,0.0,True,0.0,稳定,inf
Ba140,Ba140,2.69e-12,Ba140,Ba140,8952532189.312815,5632.216048439688,False,6.291198880204206e-07,12.75 天,1101772.8
Ba140,Ba140,2.69e-12,La140,La-140,937728947.4289534,4483.025445718926,False,4.780726304771113e-06,1.68 天,144987.84
Ba140,Ba140,2.69e-12,Ce140,Ce-140,1714734575.2582362,0.0,True,0.0,稳定,inf
Ba141,Ba141,5.79e-12,Ba141,Ba141,45721646.57439475,28910.628,False,0.0006323181723772535,18.27 分钟,1096.2
Ba141,Ba141,5.79e-12,La141,La-141,588600507.6243922,28910.628,False,4.911757231859023e-05,3.92 小时,14112.0
Ba141,Ba141,5.79e-12,Ce141,Ce-141,21980230446.612038,5424.424999845835,False,2.4678653906842633e-07,32.51 天,2808691.2
Ba141,Ba141,5.79e-12,Pr141,Pr-141,0.0,0.0,True,0.0,稳定,inf
Ba142,Ba142,8.94e-12,Ba142,Ba142,40958885.91087576,44639.208,False,0.0010898540574841907,10.60 分钟,636.0
Ba142,Ba142,8.94e-12,La142,La-142,352014576.0830926,44639.20799999999,False,0.00012681068067324283,1.52 小时,5466.0
Ba142,Ba142,8.94e-12,Ce142,Ce-142,38175302250.006035,0.0,True,0.0,稳定,inf
La139,La139,3.13e-15,La139,La139,13503210.624,0.0,True,0.0,稳定,inf
La140,La140,3.34e-14,La140,La140,34323688.42900711,164.09216014932218,False,4.780726304771113e-06,1.68 天,144987.84
La140,La140,3.34e-14,Ce140,Ce-140,109768079.89099291,0.0,True,0.0,稳定,inf
La141,La141,2.16e-13,La141,La141,21958153.652308926,1078.5312,False,4.911757231859023e-05,3.92 小时,14112.0
La141,La141,2.16e-13,Ce141,Ce-141,821373517.7175828,202.703927719981,False,2.4678653906842633e-07,32.51 天,2808691.2
La141,La141,2.16e-13,Pr141,Pr-141,88519285.4301081,0.0,True,0.0,稳定,inf
La142,La142,7.99e-13,La142,La142,31460810.5470236,3989.5668,False,0.00012681068067324283,1.52 小时,5466.0
La142,La142,7.99e-13,Ce142,Ce-142,3415524904.6529765,0.0,True,0.0,稳定,inf
La143,La143,2.47e-12,La143,La143,15159680.516209284,12333.204000000002,False,0.0008135530288262268,14.20 分钟,852.0
La143,La143,2.47e-12,Ce143,Ce-143,2102445919.6344333,12252.392471139905,False,5.827684962888516e-06,1.38 天,118940.40000000001
La143,La143,2.47e-12,Pr143,Pr-143,6936284076.9523535,4100.707026241135,False,5.911965226261167e-07,13.57 天,1172448.0
La143,La143,2.47e-12,Nd143,Nd-143,0.0,0.0,True,0.0,稳定,inf
Ce141,Ce141,1.04e-15,Ce141,Ce141,4040615.5052239527,0.9971695162404403,False,2.4678653906842633e-07,32.51 天,2808691.2
Ce141,Ce141,1.04e-15,Pr141,Pr-141,446074.28677604673,0.0,True,0.0,稳定,inf
Ce142,Ce142,1.67e-14,Ce142,Ce142,72045884.16000001,0.0,True,0.0,稳定,inf
Ce143,Ce143,7.61e-14,Ce143,Ce143,64778823.32768884,377.5105746203841,False,5.827684962888516e-06,1.38 天,118940.40000000001
Ce143,Ce143,7.61e-14,Pr143,Pr-143,214013655.63335386,126.52412900494204,False,5.911965226261167e-07,13.57 天,1172448.0
Ce143,Ce143,7.61e-14,Nd143,Nd-143,49512418.31895736,0.0,True,0.0,稳定,inf
Ce144,Ce144,4.5e-13,Ce144,Ce144,1917931235.894847,54.0053839560594,False,2.8158144017536774e-08,284.91 天,24616224.000000004
Ce144,Ce144,4.5e-13,Pr144,Pr-144,79854.47179987864,53.38628663502076,False,0.0006685447343363669,17.28 分钟,1036.8000000000002
Ce144,Ce144,4.5e-13,Nd144,Nd-144,-1899226353.670158,-1.8216796804405706e-14,False,9.591693359352705e-24,2291519556164383.50 年,7.22653607232e+22
Ce144,Ce144,4.5e-13,Ce140,Ce-140,0.0,0.0,True,0.0,稳定,inf
Ce144,Ce144,4.5e-13,Pr144m,Pr-144m,328.6062843289725,0.5272512025391366,False,0.0016045073624072809,7.20 分钟,432.0
Ce145,Ce145,1.47e-12,Ce145,Ce145,1912443.359185471,7340.004,False,0.0038380242555921666,3.01 分钟,180.6
Ce145,Ce145,1.47e-12,Pr145,Pr-145,228120818.49879292,7340.003999993748,False,3.217594978089467e-05,5.98 小时,21542.4
Ce145,Ce145,1.47e-12,Nd145,Nd-145,6111730194.142022,0.0,True,0.0,稳定,inf
Pr144,Pr144,1.04e-15,Pr144,Pr144,7767.510135510643,5.192927999999999,False,0.0006685447343363669,17.28 分钟,1036.8000000000002
Pr144,Pr144,1.04e-15,Nd144,Nd-144,-7767.510135510643,-7.450357538548226e-20,False,9.591693359352705e-24,2291519556164383.50 年,7.22653607232e+22
Pr144,Pr144,1.04e-15,Ce140,Ce-140,-87122874.72844799,0.0,True,0.0,稳定,inf
Pr145,Pr145,2.19e-14,Pr145,Pr145,3398534.642941225,109.35107999990764,False,3.217594978089467e-05,5.98 小时,21542.4
Pr145,Pr145,2.19e-14,Nd145,Nd-145,91080798.47705877,0.0,True,0.0,稳定,inf
Pr146,Pr146,1.24e-13,Pr146,Pr146,1294325.690649493,619.1568,False,0.0004783624434506179,24.15 分钟,1449.0
Pr146,Pr146,1.24e-13,Nd146,Nd-146,533657149.5093505,0.0,True,0.0,稳定,inf
Pr147,Pr147,4.14e-13,Pr147,Pr147,2397783.0766870794,2067.1848,False,0.0008621233589054045,13.40 分钟,804.0
Pr147,Pr147,4.14e-13,Nd147,Nd-147,1323063792.8003333,966.6965375603988,False,7.306499828812754e-07,10.98 天,948672.0
Pr147,Pr147,4.14e-13,Pm147,Pm-147,459423399.99839276,3.846620713010383,False,8.372713956284856e-09,2.63 年,82786439.87827201
Pr147,Pr147,4.14e-13,Sm147,Sm-147,0.0,0.0,False,2.0721677163129903e-19,106070337534.25 年,3.34503416448e+18
Pr148,Pr148,9.46e-13,Pr148,Pr148,936335.2423300685,4723.5672,False,0.005044739305385336,2.29 分钟,137.4
Pr148,Pr148,9.46e-13,Nd148,Nd-148,4080225725.55767,0.0,True,0.0,稳定,inf
Nd147,Nd147,7.3e-15,Nd147,Nd147,23351893.80216254,17.06206080679542,False,7.306499828812754e-07,10.98 天,948672.0
Nd147,Nd147,7.3e-15,Pm147,Pm-147,8120637.0016090395,0.0679917707572952,False,8.372713956284856e-09,2.63 年,82786439.87827201
Nd147,Nd147,7.3e-15,Sm147,Sm-147,28264.304075035852,5.856837842834299e-15,False,2.0721677163129903e-19,106070337534.25 年,3.34503416448e+18
Nd147,Nd147,7.3e-15,Nd143,Nd-143,0.0,0.0,True,0.0,稳定,inf
Nd148,Nd148,3.55e-14,Nd148,Nd148,153151430.4,0.0,True,0.0,稳定,inf
Nd149,Nd149,1.63e-13,Nd149,Nd149,7304447.031278277,813.8916,False,0.0001114241223893945,1.73 小时,6220.8
Nd149,Nd149,1.63e-13,Pm149,Pm-149,214276737.39979884,777.2613475898767,False,3.627371580423393e-06,2.21 天,191088.0
Nd149,Nd149,1.63e-13,Sm149,Sm-149,481621157.968923,0.0,True,0.0,稳定,inf
Nd151,Nd151,9.65e-13,Nd151,Nd151,5188626.92378645,4818.438,False,0.0009286537788852429,12.44 分钟,746.4
Nd151,Nd151,9.65e-13,Pm151,Pm-151,708678807.0884597,4804.564916431447,False,6.77960857355189e-06,1.18 天,102240.0
Nd151,Nd151,9.65e-13,Sm151,Sm-151,3448949351.5118656,0.8417343990539558,False,2.440553088101966e-10,90.06 年,2840123347.2000003
Nd151,Nd151,9.65e-13,Eu151,Eu-151,0.0,0.0,True,0.0,稳定,inf
Nd152,Nd152,1.22e-12,Nd152,Nd152,6011314.2675326085,6091.704000000001,False,0.001013373070994072,11.40 分钟,684.0
Nd152,Nd152,1.22e-12,Pm152,Pm-152,2172510.0686170487,6091.7040000000015,False,0.0028039934488670922,4.12 分钟,247.20000000000002
Nd152,Nd152,1.22e-12,Sm152,Sm-152,5255048431.663851,0.0,True,0.0,稳定,inf
Pm149,Pm149,1.04e-15,Pm149,Pm149,1369261.9809975112,4.966821996024608,False,3.627371580423393e-06,2.21 天,191088.0
Pm149,Pm149,1.04e-15,Sm149,Sm-149,3117427.8110024882,0.0,True,0.0,稳定,inf
Pm150,Pm150,6.26e-15,Pm150,Pm150,435076.0017409019,31.257432,False,7.184361324211705e-05,2.68 小时,9648.0
Pm150,Pm150,6.26e-15,Sm150,Sm-150,26571345.246259097,0.0,True,0.0,稳定,inf
Pm151,Pm151,3.86e-14,Pm151,Pm151,28347749.84029782,192.1866478581873,False,6.77960857355189e-06,1.18 天,102240.0
Pm151,Pm151,3.86e-14,Sm151,Sm-151,138164885.32455406,0.03371987375460944,False,2.440553088101966e-10,90.06 年,2840123347.2000003
Pm151,Pm151,3.86e-14,Eu151,Eu-151,12582.115163808976,0.0,True,0.0,稳定,inf
Pm152,Pm152,1.24e-13,Pm152,Pm152,220812.49877747046,619.1568,False,0.0028039934488670922,4.12 分钟,247.20000000000002
Pm152,Pm152,1.24e-13,Sm152,Sm-152,534730662.70122254,0.0,True,0.0,稳定,inf
Pm153,Pm153,2.87e-13,Pm153,Pm153,651247.323310667,1433.0484,False,0.0022004672398728423,5.25 分钟,315.0
Pm153,Pm153,2.87e-13,Sm153,Sm-153,336401839.37534827,1392.9270400131556,False,4.140664161051047e-06,1.94 天,167400.0
Pm153,Pm153,2.87e-13,Eu153,Eu-153,901100730.9013411,0.0,True,0.0,稳定,inf
Pm154,Pm154,2.93e-13,Pm154,Pm154,219087.94140563734,1463.0076000000001,False,0.00667771850250429,1.73 分钟,103.8
Pm154,Pm154,2.93e-13,Sm154,Sm-154,1263819478.4585946,0.0,True,0.0,稳定,inf
Sm153,Sm153,1.46e-14,Sm153,Sm153,17114052.467866886,70.86354370404365,False,4.140664161051047e-06,1.94 天,167400.0
Sm153,Sm153,1.46e-14,Eu153,Eu-153,45872169.6121331,0.0,True,0.0,稳定,inf
Sm154,Sm154,3.96e-14,Sm154,Sm154,170839342.08,0.0,True,0.0,稳定,inf
Sm155,Sm155,1.22e-13,Sm155,Sm155,1175897.4400524315,609.1704000000001,False,0.0005180472201494359,22.30 分钟,1338.0
Sm155,Sm155,1.22e-13,Eu155,Eu-155,524104425.8803729,2.417916463765153,False,4.613425005338618e-09,4.76 年,150245680.75948802
Sm155,Sm155,1.22e-13,Gd155,Gd-155,1042902.2795646592,0.0,True,0.0,稳定,inf
Sm156,Sm156,2.05e-13,Sm156,Sm156,49973262.9627515,1023.605978901062,False,2.0483072711582307e-05,9.40 小时,33840.0
Sm156,Sm156,2.05e-13,Eu156,Eu-156,677598778.6127052,357.87104313438664,False,5.281459389095723e-07,15.19 天,1312416.0
Sm156,Sm156,2.05e-13,Gd156,Gd-156,156823542.42454365,0.0,True,0.0,稳定,inf
Sm157,Sm157,1.86e-13,Sm157,Sm157,645554.9873239396,928.7351999999998,False,0.001438661644997811,8.03 分钟,481.79999999999995
Sm157,Sm157,1.86e-13,Eu157,Eu-157,73220567.71755922,928.7188931420129,False,1.2683852667251232e-05,15.18 小时,54648.0
Sm157,Sm157,1.86e-13,Gd157,Gd-157,728561090.0951169,0.0,True,0.0,稳定,inf
Eu155,Eu155,2.09e-15,Eu155,Eu155,8998574.761826264,0.04151424981861829,False,4.613425005338618e-09,4.76 年,150245680.75948802
Eu155,Eu155,2.09e-15,Gd155,Gd-155,17946.07017373666,0.0,True,0.0,稳定,inf
Eu156,Eu156,5.21e-15,Eu156,Eu156,18046944.18303228,9.53142027999623,False,5.281459389095723e-07,15.19 天,1312416.0
Eu156,Eu156,5.21e-15,Gd156,Gd-156,4429646.024967715,0.0,True,0.0,稳定,inf
Eu157,Eu157,1.46e-14,Eu157,Eu157,5747421.796578451,72.89945128434945,False,1.2683852667251232e-05,15.18 小时,54648.0
Eu157,Eu157,1.46e-14,Gd157,Gd-157,57238800.28342154,0.0,True,0.0,稳定,inf
Eu158,Eu158,3.13e-14,Eu158,Eu158,620957.3532309515,156.28716000000003,False,0.00025168742939722053,45.90 分钟,2754.0
Eu158,Eu158,3.13e-14,Gd158,Gd-158,134411148.8867691,0.0,True,0.0,稳定,inf
Eu159,Eu159,3.23e-14,Eu159,Eu159,252688.7158633584,161.28036,False,0.0006382570723388078,18.10 分钟,1086.0
Eu159,Eu159,3.23e-14,Gd159,Gd-159,15476852.043577045,161.2601745817904,False,1.0419442799332956e-05,18.48 小时,66524.4
Eu159,Eu159,3.23e-14,Tb159,Tb-159,123616690.2805596,0.0,True,0.0,稳定,inf
Gd142,Gd142,1.98e-14,Gd142,Gd142,10012.806034056688,98.86536000000001,False,0.009873891460967881,1.17 分钟,70.2
Gd142,Gd142,1.98e-14,Eu142,Eu-142,333.7602011352229,98.86536000000001,False,0.29621674382903646,2.34 秒,2.34
Gd142,Gd142,1.98e-14,Sm142,Sm-142,620366.0764177515,98.86536000000001,False,0.0001593661609785132,1.21 小时,4349.4
Gd142,Gd142,1.98e-14,Pm142,Pm-142,0.0,0.0,False,0.017114745199010996,40.50 秒,40.5
Gd144,Gd144,4.17e-15,Gd144,Gd144,8056.535577752449,20.821644000000003,False,0.002584441389112399,4.47 分钟,268.2
Gd144,Gd144,4.17e-15,Eu144,Eu-144,306.4006819279455,20.821644000000003,False,0.06795560593724954,10.20 秒,10.2
Gd144,Gd144,4.17e-15,Sm144,Sm-144,17981537.47974032,0.0,True,0.0,稳定,inf
Gd158,Gd158,2.09e-15,Gd158,Gd158,9016520.832,0.0,True,0.0,稳定,inf
Gd159,Gd159,1.04e-15,Gd159,Gd159,498326.90452623053,5.1922886770797145,False,1.0419442799332956e-05,18.48 小时,66524.4
Gd159,Gd159,1.04e-15,Tb159,Tb-159,3988362.887473769,0.0,True,0.0,稳定,inf
Gd160,Gd160,5.21e-15,Gd160,Gd160,22476590.207999997,0.0,True,0.0,稳定,inf
Gd162,Gd162,1.25e-14,Gd162,Gd162,45383.08873245067,62.415000000000006,False,0.0013752920249205263,8.40 分钟,504.0
Gd162,Gd162,1.25e-14,Tb162,Tb-162,41060.8898055506,62.41499999999999,False,0.001520059606491108,7.60 分钟,456.0
Gd162,Gd162,1.25e-14,Dy162,Dy-162,53840116.021462,0.0,True,0.0,稳定,inf
Tb147,Tb147,1.04e-15,Tb147,Tb147,44231.654938324486,5.192927999999999,False,0.0001174029777371181,1.64 小时,5904.0
Tb147,Tb147,1.04e-15,Gd147,Gd-147,1013941.3736393264,5.1240201544996875,False,5.053566495770963e-06,1.59 天,137160.0
Tb147,Tb147,1.04e-15,Eu147,Eu-147,3053023.5935313925,1.0163068119137453,False,3.3288534489777605e-07,24.10 天,2082240.0000000002
Tb147,Tb147,1.04e-15,Sm147,Sm-147,0.0,0.0,False,2.0721677163129903e-19,106070337534.25 年,3.34503416448e+18
Tb147,Tb147,1.04e-15,Pm143,Pm-143,0.0,0.0,False,3.02737238190053e-08,265.00 天,22896000.0
Tb160,Tb160,1.04e-15,Tb160,Tb160,4278329.541230953,0.4747310683063367,False,1.1096178163259204e-07,72.30 天,6246720.0
Tb160,Tb160,1.04e-15,Dy160,Dy-160,208360.25076904614,0.0,True,0.0,稳定,inf
Tb163,Tb163,3.13e-15,Tb163,Tb163,26380.541150334542,15.628716000000002,False,0.0005924334876580728,19.50 分钟,1170.0
Tb163,Tb163,3.13e-15,Dy163,Dy-163,13476830.082849665,0.0,True,0.0,稳定,inf
Tb164,Tb164,2.09e-15,Tb164,Tb164,2710.01872716634,10.435788,False,0.003850817669777474,3.00 分钟,180.0
Tb164,Tb164,2.09e-15,Dy164,Dy-164,9013810.813272834,0.0,True,0.0,稳定,inf
Tb165,Tb165,2.09e-15,Tb165,Tb165,1906.046504773659,10.435788,False,0.005475096212953754,2.11 分钟,126.6
Tb165,Tb165,2.09e-15,Dy165m,Dy-165m,1010.9110229446708,9.29077334064,False,0.009190495631927146,1.26 分钟,75.41999999999999
Tb165,Tb165,2.09e-15,Dy165,Dy-165,110100.92037306339,9.082660017809664,False,8.24939517947188e-05,2.33 小时,8402.4
Tb165,Tb165,2.09e-15,Ho165,Ho-165,0.0,0.0,True,0.0,稳定,inf
Dy165,Dy165,1.04e-15,Dy165,Dy165,62949.19672320082,5.192927999999999,False,8.24939517947188e-05,2.33 小时,8402.4
Dy165,Dy165,1.04e-15,Ho165,Ho-165,4423740.595276799,0.0,True,0.0,稳定,inf
Dy166,Dy166,2.09e-15,Dy166,Dy166,3846899.5880780746,9.077027516930597,False,2.359569650598942e-06,3.40 天,293760.0
Dy166,Dy166,2.09e-15,Ho166,Ho-166,1172380.688057613,8.422806472533823,False,7.184361324211705e-06,1.12 天,96480.0
Dy166,Dy166,2.09e-15,Er166,Er-166,3997240.5558643127,0.0,True,0.0,稳定,inf
Fr227,Fr227,3.13e-15,Fr227,Fr227,3341.5352123757084,15.628716,False,0.004677106481511101,2.47 分钟,148.20000000000002
Fr227,Fr227,3.13e-15,Ra227,Ra-227,57090.196745852176,15.628716,False,0.0002737548106476877,42.20 分钟,2532.0
Fr227,Fr227,3.13e-15,Ac227,Ac-227,13436947.93955953,0.013556047358856158,False,1.0088635767461738e-09,21.79 年,687057394.61376
Fr227,Fr227,3.13e-15,Th227,Th-227,0.0,0.0,False,4.294719920790366e-07,18.68 天,1613952.0
Fr227,Fr227,3.13e-15,Fr223,Fr-223,0.0,0.0,False,0.000525111500424201,22.00 分钟,1320.0
Ra226,Ra226,1.16e-10,Ra226,Ra226,500435508937.4203,6.870034275373689,False,1.372811112057356e-11,1601.06 年,50491081728.0
Ra226,Ra226,1.16e-10,Rn222,Rn-222,1762849.8526679007,3.698843425427274,False,2.0982180755947176e-06,3.82 天,330350.4
Ra226,Ra226,1.16e-10,Po218,Po-218,992.073299045789,3.697058119045119,False,0.0037265977449459425,3.10 分钟,186.0
Ra226,Ra226,1.16e-10,Pb214,Pb-214,0.0,0.0,False,0.00043106167945270227,26.80 分钟,1608.0
Ra226,Ra226,1.16e-10,At218,At-218,0.0,0.0,False,0.46209812037329684,1.50 秒,1.5
Ra227,Ra227,3.79e-09,Ra227,Ra227,69128385197.05423,18924228.0,False,0.0002737548106476877,42.20 分钟,2532.0
Ra227,Ra227,3.79e-09,Ac227,Ac-227,16274340614860.316,16418.589481893505,False,1.0088635767461738e-09,21.79 年,687057394.61376
Ra227,Ra227,3.79e-09,Th227,Th-227,6182145348.166549,2655.058277999237,False,4.294719920790366e-07,18.68 天,1613952.0
Ra227,Ra227,3.79e-09,Ra223,Ra-223,0.0,0.0,False,7.018842355237448e-07,11.43 天,987552.0
Ra227,Ra227,3.79e-09,Fr223,Fr-223,430528.0490940054,226.07522983445722,False,0.000525111500424201,22.00 分钟,1320.0
Ra227,Ra227,3.79e-09,At219,At-219,0.0,0.0,False,0.012377628224284737,56.00 秒,56.0
