nuclide,original_nuclide,total_atom_number,total_activity_Bq,total_activity_GBq,is_stable,decay_constant,half_life
Ag107,Ag-107,9.53613E+13,0,0,稳定,0,稳定
Ag108,Ag108,38413542043,187244995.5,0.187244996,不稳定,0.004874453,142.2
Ag109,Ag-109,1.66954E+14,0,0,稳定,0,稳定
Ag110,Ag110,68668935451,1934865000,1.934865,不稳定,0.028176715,24.6
Ag111,Ag-111,1.45754E+14,156955623.4,0.156955623,不稳定,1.08E-06,643680
Ag111m,Ag-111m,1.10575E+12,11827858323,11.82785832,不稳定,0.010696716,64.8
Ag112,Ag-112,5.66852E+13,3486968665,3.486968665,不稳定,6.15E-05,11268
Ag113,Ag113,5.08442E+13,1823014151,1.823014151,不稳定,3.59E-05,19332
Ag114,Ag-114,92866044853,13993442861,13.99344286,不稳定,0.15068417,4.6
Ag115,Ag115,1.12768E+13,6513707419,6.513707419,不稳定,0.000577623,1200
Ag116,Ag116,7.89125E+11,3401616880,3.40161688,不稳定,0.004310617,160.8
Ag117,Ag117,2.24887E+11,2117928195,2.117928195,不稳定,0.009417761,73.6
As71,As71,22350530337,65922.04132,6.59E-05,不稳定,2.95E-06,235008
As73,As73,67396079254,6733.344045,6.73E-06,不稳定,9.99E-08,6937920
As74,As74,3.8167E+11,172310.5274,0.000172311,不稳定,4.51E-07,1535328
As75,As-75,1.20939E+13,0,0,稳定,0,稳定
As76,As76,2.01756E+12,15017603.78,0.015017604,不稳定,7.44E-06,93121.92
As77,As-77,1.43442E+13,71126399.75,0.0711264,不稳定,4.96E-06,139788
As78,As-78,1.37446E+13,1750652197,1.750652197,不稳定,0.00012737,5442
As79,As79,3.279E+12,4204268084,4.204268084,不稳定,0.001282181,540.6
Au190,Au-190,43118528076,11638429.19,0.011638429,不稳定,0.000269917,2568
Au191,Au191,1.61514E+11,9779236.465,0.009779236,不稳定,6.05E-05,11448
Au192,Au192,5.66997E+11,22099215.32,0.022099215,不稳定,3.90E-05,17784
Au193,Au193,3.95157E+12,43107053.42,0.043107053,不稳定,1.09E-05,63540
Au193m,Au-193m,28156822.09,5004313.294,0.005004313,不稳定,0.177730046,3.9
Au194,Au194,1.31368E+13,66527554.17,0.066527554,不稳定,5.06E-06,136872
Au195,Au195,6.48683E+13,2796420.322,0.00279642,不稳定,4.31E-08,16078867.2
Au196,Au196,4.03506E+11,523555.2766,0.000523555,不稳定,1.30E-06,534211.2
Au197,Au-197,4.90141E+14,0,0,稳定,0,稳定
Au198,Au198,89397756487,266104.4729,0.000266104,不稳定,2.98E-06,232862.688
Au199,Au199,2.01297E+11,514467.5701,0.000514468,不稳定,2.56E-06,271209.6
Au200,Au200,15075866353,3598414,0.003598414,不稳定,0.000238687,2904
Au201,Au201,11209857954,4980821.433,0.004980821,不稳定,0.000444325,1560
Au202,Au202,259331935.6,6241500,0.0062415,不稳定,0.02406761,28.8
B10,B-10,44938753548,0,0,稳定,0,稳定
B11,B11,44938800000,0,0,稳定,0,稳定
Ba130,Ba-130,167810296.7,0,0,稳定,0,稳定
Ba132,Ba-132,52448423514,0,0,稳定,0,稳定
Ba133,Ba133,1.79755E+11,375.3140815,3.75E-07,不稳定,2.09E-09,331978862.4
Ba134,Ba-134,1.18741E+12,0,0,稳定,0,稳定
Ba135,Ba-135,1.43844E+12,0,0,稳定,0,稳定
Ba136,Ba-136,1.15747E+12,0,0,稳定,0,稳定
Ba137,Ba-137,1.51293E+12,0,0,稳定,0,稳定
Ba137m,Ba-137m,69823.88375,316.0803824,3.16E-07,不稳定,0.004526823,153.12
Ba138,Ba-138,5.19676E+11,0,0,稳定,0,稳定
Ba139,Ba-139,2.08762E+11,29035817.8,0.029035818,不稳定,0.000139086,4983.6
Ba140,Ba-140,1.78979E+11,112599.5433,0.0001126,不稳定,6.29E-07,1101772.8
Ba141,Ba141,35429984406,22403022.99,0.022403023,不稳定,0.000632318,1096.2
Be10,Be10,44938846452,0.000653696,6.54E-13,不稳定,1.45E-14,4.7651E+13
Be9,Be9,67408200000,0,0,稳定,0,稳定
Bi197,Bi197,3.44968E+13,42851958678,42.85195868,不稳定,0.001242199,558
Bi200,Bi200,4.01479E+15,1.2742E+12,1274.195065,不稳定,0.000317375,2184
Bi201,Bi201,1.12E+16,1.19683E+12,1196.82892,不稳定,0.000106967,6480
Bi202,Bi202,1.24E+16,1.38552E+12,1385.522046,不稳定,0.000111942,6192
Bi203,Bi203,1.97E+16,3.2281E+11,322.8102419,不稳定,1.64E-05,42336
Bi204,Bi204,1.68E+16,2.87629E+11,287.6285342,不稳定,1.72E-05,40392
Bi205,Bi205,1.76E+16,9210675748,9.210675748,不稳定,5.24E-07,1322784
Bi206,Bi206,1.08E+16,13845464487,13.84546449,不稳定,1.29E-06,539395.2
Bi207,Bi207,6.66217E+15,4447854.849,0.004447855,不稳定,6.68E-10,1038222868
Bi208,Bi208,1.00173E+15,59.79074665,5.98E-08,不稳定,5.97E-14,1.16129E+13
Bi209,Bi-209,6.33357E+13,0,0,稳定,0,稳定
Bi210,Bi210,44809596474,71710.87916,7.17E-05,不稳定,1.60E-06,433123.2
Br77,Br77,22333418332,75392.66598,7.54E-05,不稳定,3.38E-06,205329.6
Br78,Br78,20907553069,37389090.46,0.03738909,不稳定,0.001788305,387.6
Br79,Br-79,2.02524E+13,0,0,稳定,0,稳定
Br80,Br80,7.08742E+11,463105370.7,0.463105371,不稳定,0.000653419,1060.8
Br81,Br-81,4.17305E+13,0,0,稳定,0,稳定
Br82,Br82,9.5676E+12,52185672.23,0.052185672,不稳定,5.45E-06,127080
Br83,Br-83,3.7539E+13,3011582302,3.011582302,不稳定,8.02E-05,8640
Br84,Br-84,2.38066E+13,8648588591,8.648588591,不稳定,0.000363285,1908
Br85,Br85,1.87859E+12,7483554075,7.483554075,不稳定,0.003983604,174
C12,C12,22469400000,0,0,稳定,0,稳定
C13,C13,44938800000,0,0,稳定,0,稳定
C14,C14,67408199736,0.259757826,2.60E-10,不稳定,3.85E-12,1.79874E+11
Ca45,Ca-45,36433638832,1796.829217,1.80E-06,不稳定,4.93E-08,14054688
Cd108,Cd-108,1.27665E+12,0,0,稳定,0,稳定
Cd109,Cd109,67406090350,1172.01526,1.17E-06,不稳定,1.74E-08,39864960
Cd110,Cd-110,1.42012E+13,0,0,稳定,0,稳定
Cd111,Cd-111,6.98196E+13,0,0,稳定,0,稳定
Cd112,Cd-112,7.32654E+13,0,0,稳定,0,稳定
Cd113,Cd-113,-4.996E+13,-1.43E-10,-1.43E-19,不稳定,2.85E-24,2.43E+23
Cd113m,Cd-113m,58284448705,90.79550507,9.08E-08,不稳定,1.56E-09,444952657.7
Cd114,Cd-114,1.02631E+14,0,0,稳定,0,稳定
Cd115,Cd-115,5.72803E+13,206300161.4,0.206300161,不稳定,3.60E-06,192456
Cd115m,Cd-115m,8.98065E+11,161541.6546,0.000161542,不稳定,1.80E-07,3853440
Cd116,Cd-116,4.69651E+13,0,0,稳定,0,稳定
Cd117,Cd-117,2.34966E+13,1816891206,1.816891206,不稳定,7.73E-05,8964
Cd117m,Cd-117m,1.02573E+12,58778057.41,0.058778057,不稳定,5.73E-05,12096
Cd118,Cd118,1.10227E+13,2531588345,2.531588345,不稳定,0.000229671,3018
Cd119,Cd119,3.80775E+11,1635272684,1.635272684,不稳定,0.004294592,161.4
Ce136,Ce136,22469400000,0,0,稳定,0,稳定
Ce138,Ce-138,1.27121E+11,0,0,稳定,0,稳定
Ce139,Ce139,1.34802E+11,7857.077958,7.86E-06,不稳定,5.83E-08,11892182.4
Ce140,Ce-140,-8.36664E+14,0,0,稳定,0,稳定
Ce141,Ce-141,5.22011E+11,128825.2502,0.000128825,不稳定,2.47E-07,2808691.2
Ce142,Ce-142,4.71538E+11,0,0,稳定,0,稳定
Ce143,Ce-143,1.92964E+11,1124535.37,0.001124535,不稳定,5.83E-06,118940.4
Ce144,Ce144,1.12341E+11,3163.322671,3.16E-06,不稳定,2.82E-08,24616224
Co59,Co-59,3.59627E+11,0,0,稳定,0,稳定
Co60,Co-60,8.53831E+11,3557.827191,3.56E-06,不稳定,4.17E-09,166346024.4
Co60m,Co-60m,4.265401177,0.004707734,4.71E-12,不稳定,0.001103702,628.02
Co61,Co-61,7.43794E+11,86794388.5,0.086794389,不稳定,0.000116691,5940
Co62,Co-62,32416491952,249660000,0.24966,不稳定,0.007701635,90
Cr52,Cr-52,1.87336E+11,0,0,稳定,0,稳定
Cr53,Cr-53,1.32207E+11,0,0,稳定,0,稳定
Cr54,Cr54,67409239539,0,0,稳定,0,稳定
Cr55,Cr55,13225297979,43690201.16,0.043690201,不稳定,0.003303532,209.82
Cr56,Cr56,16031553046,31179084.72,0.031179085,不稳定,0.001944857,356.4
Cs128,Cs128,1966579049,6241431.883,0.006241432,不稳定,0.003173751,218.4
Cs129,Cs129,44456486751,266989.7454,0.00026699,不稳定,6.01E-06,115416
Cs130,Cs130,11981256454,4738545.093,0.004738545,不稳定,0.000395497,1752.6
Cs131,Cs131,4.26283E+11,352964.2531,0.000352964,不稳定,8.28E-07,837129.6
Cs132,Cs132,4.93227E+11,610731.4539,0.000610731,不稳定,1.24E-06,559785.6
Cs133,Cs-133,2.47552E+12,0,0,稳定,0,稳定
Cs134,Cs134,7.86414E+11,8365.732644,8.37E-06,不稳定,1.06E-08,65158740.97
Cs135,Cs-135,1.11772E+12,0.010674239,1.07E-11,不稳定,9.55E-15,7.25809E+13
Cs136,Cs136,3.14227E+11,191557.3733,0.000191557,不稳定,6.10E-07,1137024
Cs137,Cs-137,4.90201E+11,356.9202039,3.57E-07,不稳定,7.28E-10,951980944.7
Cs138,Cs-138,86863335963,30035456.66,0.030035457,不稳定,0.000345778,2004.6
Cs139,Cs139,4951947853,6171213.039,0.006171213,不稳定,0.001246219,556.2
Cs140,Cs140,573591815.9,6241500,0.0062415,不稳定,0.010881431,63.7
Cu63,Cu-63,7.4149E+11,0,0,稳定,0,稳定
Cu64,Cu64,21867231521,331522.5257,0.000331523,不稳定,1.52E-05,45720
Cu65,Cu-65,1.42782E+12,0,0,稳定,0,稳定
Cu66,Cu-66,2.09302E+11,472257268.6,0.472257269,不稳定,0.002256338,307.2
Cu67,Cu67,1.54173E+12,4801005.663,0.004801006,不稳定,3.11E-06,222588
Cu69,Cu69,1.83234E+11,742738158.5,0.742738159,不稳定,0.004053492,171
Eu151,Eu-151,22469409870,0,0,稳定,0,稳定
Eu153,Eu-153,45531956887,0,0,稳定,0,稳定
Eu157,Eu-157,61735391997,783042.6164,0.000783043,不稳定,1.27E-05,54648
Fe54,Fe-54,3.01466252,0,0,稳定,0,稳定
Fe56,Fe-56,1.87189E+11,0,0,稳定,0,稳定
Fe57,Fe-57,2.65019E+11,0,0,稳定,0,稳定
Fe58,Fe58,3.37041E+11,0,0,稳定,0,稳定
Fe59,Fe59,3.59394E+11,64799.40616,6.48E-05,不稳定,1.80E-07,3844368
Fe60,Fe60,4.26919E+11,0.006251505,6.25E-12,不稳定,1.46E-14,4.73354E+13
Fe61,Fe61,64555217567,124710889.2,0.124710889,不稳定,0.001931848,358.8
Fe62,Fe62,10409295749,106105500,0.1061055,不稳定,0.010193341,68
Ga68,Ga68,33577691361,5728913.035,0.005728913,不稳定,0.000170617,4062.6
Ga69,Ga-69,5.24087E+12,0,0,稳定,0,稳定
Ga70,Ga70,1.08068E+11,59056043.37,0.059056043,不稳定,0.000546474,1268.4
Ga71,Ga-71,8.86861E+12,0,0,稳定,0,稳定
Ga72,Ga-72,5.81979E+12,79471445.38,0.079471445,不稳定,1.37E-05,50760
Ga73,Ga73,5.5702E+12,220677301.4,0.220677301,不稳定,3.96E-05,17496
Ga74,Ga74,1.38095E+12,1964705194,1.964705194,不稳定,0.001422716,487.2
Gd157,Gd-157,46297637396,0,0,稳定,0,稳定
Gd160,Gd160,22469400000,0,0,稳定,0,稳定
Ge70,Ge70,3.85689E+11,0,0,稳定,0,稳定
Ge71,Ge71,1.12324E+11,78838.41029,7.88E-05,不稳定,7.02E-07,987552
Ge72,Ge72,6.5028E+12,0,0,稳定,0,稳定
Ge73,Ge73,1.31244E+13,0,0,稳定,0,稳定
Ge74,Ge74,1.47224E+13,0,0,稳定,0,稳定
Ge75,Ge75,7.14752E+12,997479510.8,0.997479511,不稳定,0.000139556,4966.8
Ge77,Ge77,9.47326E+12,161414978.9,0.161414979,不稳定,1.70E-05,40680
Ge78,Ge78,6.64318E+12,872101911.3,0.872101911,不稳定,0.000131278,5280
H2,H2,7.95754E+15,0,0,稳定,0,稳定
H3,H3,2.0981E+15,3740635.649,0.003740636,不稳定,1.78E-09,388781329.3
He3,He-3,2.18868E+15,0,0,稳定,0,稳定
He4,He4,1.15558E+15,0,0,稳定,0,稳定
Hf179,Hf179,22469888109,0,0,稳定,0,稳定
Hg190,Hg-190,5792.759577,3.346029141,3.35E-09,不稳定,0.000577623,1200
Hg192,Hg192,3.14064E+11,12468077.14,0.012468077,不稳定,3.97E-05,17460
Hg193,Hg193,2.79334E+12,141534545.4,0.141534545,不稳定,5.07E-05,13680
Hg194,Hg194,1.64089E+13,819.1381286,8.19E-07,不稳定,4.99E-11,13885047475
Hg195,Hg195,7.29423E+13,1333748772,1.333748772,不稳定,1.83E-05,37908
Hg195m,Hg-195m,45628324151,211185.5251,0.000211186,不稳定,4.63E-06,149760
Hg196,Hg-196,1.95873E+14,0,0,稳定,0,稳定
Hg197,Hg197,5.58545E+14,1656033694,1.656033694,不稳定,2.96E-06,233784
Hg198,Hg-198,2.07357E+15,0,0,稳定,0,稳定
Hg199,Hg-199,5.52301E+15,0,0,稳定,0,稳定
Hg200,Hg-200,1.11E+16,0,0,稳定,0,稳定
Hg201,Hg-201,1.95E+16,0,0,稳定,0,稳定
Hg202,Hg-202,2.53E+16,0,0,稳定,0,稳定
Hg203,Hg203,6.13225E+12,1055440.036,0.00105544,不稳定,1.72E-07,4027276.8
Hg204,Hg204,2.06046E+13,0,0,稳定,0,稳定
Hg205,Hg205,5.13953E+11,1141810513,1.141810513,不稳定,0.002221626,312
Hg206,Hg206,2.80094E+11,397027728.7,0.397027729,不稳定,0.001417479,489
I121,I121,19165781888,1740658.763,0.001740659,不稳定,9.08E-05,7632
I123,I123,87570602203,1270604.455,0.001270604,不稳定,1.45E-05,47772
I124,I124,2.68703E+11,516205.9782,0.000516206,不稳定,1.92E-06,360806.4
I125,I-125,7.19755E+11,97209.77873,9.72E-05,不稳定,1.35E-07,5132160
I126,I126,1.07733E+12,668437.7449,0.000668438,不稳定,6.20E-07,1117152
I127,I-127,8.51937E+12,0,0,稳定,0,稳定
I128,I128,1.20396E+12,556571820.6,0.556571821,不稳定,0.000462283,1499.4
I129,I-129,5.38521E+12,0.00753414,7.53E-12,不稳定,1.40E-15,4.95444E+14
I130,I130,2.92803E+12,45612101.6,0.045612102,不稳定,1.56E-05,44496
I131,I-131,2.29518E+12,2295709.635,0.00229571,不稳定,1.00E-06,692988.48
I132,I-132,6.98808E+11,58627058.1,0.058627058,不稳定,8.39E-05,8262
I133,I-133,5.39772E+11,4996544.934,0.004996545,不稳定,9.26E-06,74880
I134,I-134,99424661582,21878071.06,0.021878071,不稳定,0.000220047,3150
I135,I135,63974174531,1874831.672,0.001874832,不稳定,2.93E-05,23652
In112,In112,30340883828,23414270.85,0.023414271,不稳定,0.000771707,898.2
In113,In-113,1.17746E+14,0,0,稳定,0,稳定
In114,In114,34961186570,337041000,0.337041,不稳定,0.009640434,71.9
In115,In-115,-4.0843E+13,-2.03E-09,-2.03E-18,不稳定,4.98E-23,1.39E+22
In115m,In-115m,2.673E+11,11472609.72,0.01147261,不稳定,4.29E-05,16149.6
In117,In-117,2.86086E+13,7650450715,7.650450715,不稳定,0.000267418,2592
In117m,In-117m,2.61128E+12,259609832.5,0.259609833,不稳定,9.94E-05,6972
In118,In-118,77082922732,10685962112,10.68596211,不稳定,0.138629436,5
In119,In-119,1.20085E+12,5780309951,5.780309951,不稳定,0.004813522,144
In119m,In-119m,2.02771E+12,1301389336,1.301389336,不稳定,0.000641803,1080
In121,In121,72246662627,2167860195,2.167860195,不稳定,0.030006371,23.1
Ir187,Ir187,21743806220,398721.1105,0.000398721,不稳定,1.83E-05,37800
Ir188,Ir188,22282794562,103381.9024,0.000103382,不稳定,4.64E-06,149400
Ir189,Ir189,68035411467,41349.74189,4.13E-05,不稳定,6.08E-07,1140480
Ir190,Ir190,44883756562,30567.19773,3.06E-05,不稳定,6.81E-07,1017792
Ir191,Ir191,2.03327E+11,0,0,稳定,0,稳定
Ir193,Ir193,3.79733E+12,0,0,稳定,0,稳定
Ir194,Ir194,22070291526,220406.2982,0.000220406,不稳定,9.99E-06,69408
K45,K45,8502203558,5677532.201,0.005677532,不稳定,0.000667772,1038
Kr78,Kr-78,11390884.69,0,0,稳定,0,稳定
Kr80,Kr-80,2.81473E+12,0,0,稳定,0,稳定
Kr81,Kr81,3.5951E+11,0.03448314,3.45E-11,不稳定,9.59E-14,7.22654E+12
Kr82,Kr-82,3.54312E+13,0,0,稳定,0,稳定
Kr83,Kr-83,7.53379E+13,0,0,稳定,0,稳定
Kr83m,Kr-83m,4.78418E+12,503360951.4,0.503360951,不稳定,0.000105214,6588
Kr84,Kr-84,6.46785E+13,0,0,稳定,0,稳定
Kr85,Kr-85,5.21003E+13,106394.7246,0.000106395,不稳定,2.04E-09,339426296.9
Kr85m,Kr-85m,2.32817E+13,1000597984,1.000597984,不稳定,4.30E-05,16128
Kr86,Kr86,5.05404E+13,0,0,稳定,0,稳定
Kr87,Kr87,2.33845E+13,3540604978,3.540604978,不稳定,0.000151408,4578
Kr88,Kr88,2.29481E+13,1555788540,1.55578854,不稳定,6.78E-05,10224
Kr89,Kr89,9.85378E+11,3613821831,3.613821831,不稳定,0.003667445,189
La134,La134,3479253439,6231614.243,0.006231614,不稳定,0.001791078,387
La135,La135,22074741250,217963.5991,0.000217964,不稳定,9.87E-06,70200
La136,La136,26268168775,30745874.91,0.030745875,不稳定,0.001170461,592.2
La137,La137,2.69633E+11,0.098707975,9.87E-11,不稳定,3.66E-13,1.89342E+12
La138,La138,2.47776E+11,5.34E-08,5.34E-17,不稳定,2.15E-19,3.22E+18
La139,La-139,8.64831E+11,0,0,稳定,0,稳定
La140,La-140,2.4525E+11,1172471.312,0.001172471,不稳定,4.78E-06,144987.84
La141,La-141,3.18638E+11,15650727.8,0.015650728,不稳定,4.91E-05,14112
La142,La142,90197503692,11438006.84,0.011438007,不稳定,0.000126811,5466
La143,La143,7261750579,5907819.178,0.005907819,不稳定,0.000813553,852
Li6,Li6,2.02225E+11,0,0,稳定,0,稳定
Li7,Li7,1.34816E+11,0,0,稳定,0,稳定
Mn54,Mn54,22468360461,577.5126519,5.78E-07,不稳定,2.57E-08,26967168
Mn55,Mn-55,3.46285E+11,0,0,稳定,0,稳定
Mn56,Mn-56,2.23698E+11,16701319.7,0.01670132,不稳定,7.47E-05,9284.04
Mn57,Mn57,4613947354,37449000,0.037449,不稳定,0.008116478,85.4
Mo101,Mo101,2.69997E+13,21349266716,21.34926672,不稳定,0.000790722,876.6
Mo102,Mo102,1.9865E+13,20308852946,20.30885295,不稳定,0.001022341,678
Mo93,Mo93,22469399818,0.123384967,1.23E-10,不稳定,5.49E-12,1.26228E+11
Mo94,Mo-94,3.46029E+12,0,0,稳定,0,稳定
Mo95,Mo-95,1.04931E+14,0,0,稳定,0,稳定
Mo96,Mo-96,2.77258E+13,0,0,稳定,0,稳定
Mo97,Mo-97,1.47859E+14,0,0,稳定,0,稳定
Mo98,Mo98,1.09635E+14,0,0,稳定,0,稳定
Mo99,Mo-99,1.75904E+14,513628661,0.513628661,不稳定,2.92E-06,237384
N14,N-14,67408200264,0,0,稳定,0,稳定
Na23,Na23,22469400000,0,0,稳定,0,稳定
Nb91,Nb91,44938797401,1.451587775,1.45E-09,不稳定,3.23E-11,21458709734
Nb92,Nb92,2.0222E+11,0.000128004,1.28E-13,不稳定,6.33E-16,1.09503E+15
Nb93,Nb-93,1.88076E+14,0,0,稳定,0,稳定
Nb93m,Nb-93m,3487.540609,4.75E-06,4.75E-15,不稳定,1.36E-09,509013217.7
Nb94,Nb94,3.34794E+12,3.622534036,3.62E-09,不稳定,1.08E-12,6.40606E+11
Nb95,Nb-95,1.05403E+14,24166274.09,0.024166274,不稳定,2.29E-07,3023222.4
Nb95m,Nb-95m,295687439.4,657.1089661,6.57E-07,不稳定,2.22E-06,311904
Nb96,Nb96,2.39989E+13,197891317.8,0.197891318,不稳定,8.25E-06,84060
Nb97,Nb-97,1.19631E+14,19168253043,19.16825304,不稳定,0.000160228,4326
Nb99,Nb99,4.49198E+11,20757356550,20.75735655,不稳定,0.046209812,15
Nd142,Nd-142,91486975177,0,0,稳定,0,稳定
Nd143,Nd-143,3.56042E+11,0,0,稳定,0,稳定
Nd144,Nd-144,-1.79203E+11,-1.72E-12,-1.72E-21,不稳定,9.59E-24,7.23E+22
Nd145,Nd-145,1.41079E+11,0,0,稳定,0,稳定
Nd146,Nd-146,1.47607E+11,0,0,稳定,0,稳定
Nd147,Nd-147,1.05298E+11,76935.84689,7.69E-05,不稳定,7.31E-07,948672
Nd148,Nd-148,66170970573,0,0,稳定,0,稳定
Ni60,Ni-60,4.26925E+11,0,0,稳定,0,稳定
Ni61,Ni-61,6.74631E+11,0,0,稳定,0,稳定
Ni62,Ni-62,1.37275E+12,0,0,稳定,0,稳定
Ni63,Ni63,7.4149E+11,162.705388,1.63E-07,不稳定,2.19E-10,3158848301
Ni64,Ni64,1.02648E+12,0,0,稳定,0,稳定
Ni65,Ni65,1.02134E+12,78122869.31,0.078122869,不稳定,7.65E-05,9061.884
Ni66,Ni66,1.3843E+12,4881572.167,0.004881572,不稳定,3.53E-06,196560
Os186,Os-186,-1.43589E+11,-1.58E-12,-1.58E-21,不稳定,1.10E-23,6.31E+22
Os187,Os187,23194993780,0,0,稳定,0,稳定
Os188,Os188,22656005438,0,0,稳定,0,稳定
Os189,Os189,67476893246,0,0,稳定,0,稳定
Os189m,Os-189m,5297859.812,175.8714843,1.76E-07,不稳定,3.32E-05,20880
Os190,Os190,44993843438,0,0,稳定,0,稳定
Pb194,Pb194,62806953157,60464531.25,0.060464531,不稳定,0.000962704,720
Pb196,Pb196,3.1198E+13,9740918028,9.740918028,不稳定,0.000312228,2220
Pb197,Pb197,6.98776E+13,1.00907E+11,100.9072329,不稳定,0.001444057,480
Pb197m,Pb-197m,3.66942E+13,9858313657,9.858313657,不稳定,0.000268662,2580
Pb198,Pb198,1.31284E+15,1.05323E+11,105.3233921,不稳定,8.02E-05,8640
Pb199,Pb199,4.03423E+15,5.17836E+11,517.8357262,不稳定,0.000128361,5400
Pb200,Pb200,1.32E+16,1.18608E+11,118.6075829,不稳定,8.96E-06,77400
Pb201,Pb-201,1.96E+16,4.05024E+11,405.0236113,不稳定,2.06E-05,33588
Pb201m,Pb-201m,4.66103E+13,5.29636E+11,529.6355966,不稳定,0.011363069,61
Pb202,Pb-202,2.78E+16,11622.41676,1.16E-05,不稳定,4.18E-13,1.65674E+12
Pb203,Pb-203,3.18E+16,1.17897E+11,117.896645,不稳定,3.71E-06,186742.8
Pb204,Pb-204,3.61E+16,0,0,稳定,0,稳定
Pb204m,Pb-204m,4.23211E+13,7275479601,7.275479601,不稳定,0.000171912,4032
Pb205,Pb205,3.43E+16,49.19993528,4.92E-08,不稳定,1.44E-15,4.82821E+14
Pb206,Pb-206,5.61E+16,0,0,稳定,0,稳定
Pb207,Pb-207,4.83E+16,0,0,稳定,0,稳定
Pb208,Pb-208,1.79E+16,0,0,稳定,0,稳定
Pb209,Pb209,4.88315E+13,2890276412,2.890276412,不稳定,5.92E-05,11710.8
Pd102,Pd-102,14981399059,0,0,稳定,0,稳定
Pd104,Pd-104,5.7875E+12,0,0,稳定,0,稳定
Pd105,Pd-105,1.07304E+14,0,0,稳定,0,稳定
Pd106,Pd-106,2.05252E+14,0,0,稳定,0,稳定
Pd107,Pd-107,1.70547E+14,0.576316471,5.76E-10,不稳定,3.38E-15,2.0512E+14
Pd108,Pd-108,1.96644E+14,0,0,稳定,0,稳定
Pd109,Pd-109,1.4439E+14,2029084202,2.029084202,不稳定,1.41E-05,49324.32
Pd110,Pd110,7.63942E+13,0,0,稳定,0,稳定
Pd111,Pd111,2.42553E+13,11974704332,11.97470433,不稳定,0.000493695,1404
Pd112,Pd112,4.23938E+13,388138093,0.388138093,不稳定,9.16E-06,75708
Pd114,Pd114,8.21088E+11,3919661865,3.919661865,不稳定,0.004773741,145.2
Pm147,Pm-147,90010701360,753.6338555,7.54E-07,不稳定,8.37E-09,82786439.88
Pm148,Pm148,44818125734,66981.19664,6.70E-05,不稳定,1.49E-06,463795.2
Pm150,Pm150,39597608333,2844835.258,0.002844835,不稳定,7.18E-05,9648
Pm152,Pm152,2225840491,6241242.156,0.006241242,不稳定,0.002803993,247.2
Pm153,Pm153,5670828016,12478471.27,0.012478471,不稳定,0.002200467,315
Po205,Po205,36736711333,4261035.456,0.004261035,不稳定,0.000115988,5976
Po206,Po206,44865137231,40901.38807,4.09E-05,不稳定,9.12E-07,760320
Po207,Po207,21178686811,703062.5982,0.000703063,不稳定,3.32E-05,20880
Po208,Po208,44938186913,340.6025803,3.41E-07,不稳定,7.58E-09,91451971.78
Po210,Po-210,45063305161,2612.60641,2.61E-06,不稳定,5.80E-08,11955686.4
Pr140,Pr140,1831523188,6241470.669,0.006241471,不稳定,0.003407803,203.4
Pr141,Pr-141,6.06901E+11,0,0,稳定,0,稳定
Pr142,Pr142,88267967282,888869.8956,0.00088887,不稳定,1.01E-05,68832
Pr143,Pr-143,2.71343E+11,160417.1442,0.000160417,不稳定,5.91E-07,1172448
Pr144,Pr-144,67960660559,45434741.76,0.045434742,不稳定,0.000668545,1036.8
Pr144m,Pr-144m,15937.39916,25.57167429,2.56E-08,不稳定,0.001604507,432
Pr145,Pr145,1.06084E+11,3413364.886,0.003413365,不稳定,3.22E-05,21542.4
Pr146,Pr146,32148480561,15378625.71,0.015378626,不稳定,0.000478362,1449
Pr147,Pr147,6914727577,5961348.165,0.005961348,不稳定,0.000862123,804
Pr148,Pr148,1237229427,6241499.919,0.0062415,不稳定,0.005044739,137.4
Pt189,Pt189,21767984928,385577.4655,0.000385577,不稳定,1.77E-05,39132
Pt190,Pt-190,1.00424E+11,3.39E-09,3.39E-18,不稳定,3.38E-20,2.05E+19
Pt191,Pt191,2.19364E+11,628071.1231,0.000628071,不稳定,2.86E-06,242092.8
Pt192,Pt192,6.24389E+11,0,0,稳定,0,稳定
Pt193,Pt193,3.87382E+12,1701.766871,1.70E-06,不稳定,4.39E-10,1577846304
Pt193m,Pt-193m,2773711.279,5.139076408,5.14E-09,不稳定,1.85E-06,374112
Pt194,Pt-194,1.34224E+13,0,0,稳定,0,稳定
Pt195,Pt195,6.28294E+13,0,0,稳定,0,稳定
Pt196,Pt196,4.12807E+11,0,0,稳定,0,稳定
Pt197,Pt197,22082419127,213748.0074,0.000213748,不稳定,9.68E-06,71609.4
Rb82,Rb82,687769904.2,6241500,0.0062415,不稳定,0.009074983,76.38
Rb83,Rb83,1.79725E+11,16726.8115,1.67E-05,不稳定,9.31E-08,7447680
Rb84,Rb84,7.63623E+11,186945.1945,0.000186945,不稳定,2.45E-07,2831328
Rb85,Rb-85,5.20921E+13,0,0,稳定,0,稳定
Rb86,Rb86,1.18771E+13,5111283.741,0.005111284,不稳定,4.30E-07,1610668.8
Rb87,Rb-87,6.41107E+13,2.86E-05,2.86E-14,不稳定,4.46E-19,1.55E+18
Rb88,Rb-88,2.33395E+13,15164696127,15.16469613,不稳定,0.000649744,1066.8
Rb89,Rb-89,2.13356E+13,16269238109,16.26923811,不稳定,0.000762538,909
Rb90,Rb90,2.16923E+12,9516413733,9.516413733,不稳定,0.004387007,158
Rh101,Rh101,22469130799,149.5557452,1.50E-07,不稳定,6.66E-09,104137856.1
Rh102,Rh102,1.12339E+11,4353.840917,4.35E-06,不稳定,3.88E-08,17884800
Rh103,Rh-103,2.25781E+14,0,0,稳定,0,稳定
Rh103m,Rh-103m,32384015531,6667049.536,0.00666705,不稳定,0.000205875,3366.84
Rh104,Rh104,49135297676,805153500,0.8051535,不稳定,0.016386458,42.3
Rh105,Rh-105,1.41426E+14,770085592.1,0.770085592,不稳定,5.45E-06,127296
Rh106,Rh-106,1.22235E+12,28431825486,28.43182549,不稳定,0.023259973,29.8
Rh107,Rh-107,6.26928E+13,33375846246,33.37584625,不稳定,0.000532371,1302
Rh108,Rh-108,7.56356E+11,31206298875,31.20629887,不稳定,0.041258761,16.8
Rh109,Rh109,2.24877E+12,19484090550,19.48409055,不稳定,0.00866434,80
Ru100,Ru100,1.0628E+13,0,0,稳定,0,稳定
Ru101,Ru-101,2.1659E+14,0,0,稳定,0,稳定
Ru102,Ru-102,2.81835E+14,0,0,稳定,0,稳定
Ru103,Ru103,1.12456E+14,22979720.2,0.02297972,不稳定,2.04E-07,3392064
Ru104,Ru-104,1.54164E+14,0,0,稳定,0,稳定
Ru105,Ru-105,1.3296E+14,5765836214,5.765836214,不稳定,4.34E-05,15984
Ru106,Ru106,8.45041E+13,1814656.789,0.001814657,不稳定,2.15E-08,32278176
Ru107,Ru107,4.73476E+12,14586162929,14.58616293,不稳定,0.003080654,225
Ru108,Ru108,4.13925E+12,10509558790,10.50955879,不稳定,0.002539001,273
Ru97,Ru97,22357884000,61850.67153,6.19E-05,不稳定,2.77E-06,250560
Ru98,Ru-98,8.76305E+11,0,0,稳定,0,稳定
Ru99,Ru-99,1.07224E+14,0,0,稳定,0,稳定
Sb118,Sb118,17504737389,56172960.04,0.05617296,不稳定,0.003209015,216
Sb119,Sb119,8.24344E+11,4156059.653,0.00415606,不稳定,5.04E-06,137484
Sb120,Sb120,5.80953E+11,422368546.4,0.422368546,不稳定,0.000727027,953.4
Sb121,Sb-121,2.01616E+13,0,0,稳定,0,稳定
Sb122,Sb122,4.47014E+12,13166111.91,0.013166112,不稳定,2.95E-06,235336.32
Sb123,Sb-123,1.21406E+14,0,0,稳定,0,稳定
Sb124,Sb124,5.39136E+12,718478.4918,0.000718478,不稳定,1.33E-07,5201280
Sb125,Sb-125,6.74271E+12,53688.66915,5.37E-05,不稳定,7.96E-09,87051674.01
Sb126,Sb-126,3.56846E+12,2318065.212,0.002318065,不稳定,6.50E-07,1067040
Sb126m,Sb-126m,65.2813308,0.039381697,3.94E-11,不稳定,0.000603261,1149
Sb127,Sb-127,2.39366E+12,4987855.681,0.004987856,不稳定,2.08E-06,332640
Sb128,Sb-128,6.71149E+11,14342235.55,0.014342236,不稳定,2.14E-05,32436
Sb128m,Sb-128m,11340609427,12597293.99,0.012597294,不稳定,0.001110813,624
Sb129,Sb129,4.57357E+11,20013611.64,0.020013612,不稳定,4.38E-05,15840
Sb130,Sb130,69471879192,20318243.54,0.020318244,不稳定,0.000292467,2370
Sb131,Sb131,10397799894,5215809.582,0.00521581,不稳定,0.000501626,1381.8
Sc45,Sc45,22472357611,0,0,稳定,0,稳定
Sc50,Sc50,1845939125,12483000,0.012483,不稳定,0.006762412,102.5
Se74,Se-74,1.6488E+11,0,0,稳定,0,稳定
Se75,Se75,44933382610,3009.540204,3.01E-06,不稳定,6.70E-08,10348905.6
Se76,Se-76,2.3415E+12,0,0,稳定,0,稳定
Se77,Se-77,1.50098E+13,0,0,稳定,0,稳定
Se78,Se-78,2.14293E+13,0,0,稳定,0,稳定
Se79,Se-79,4.51676E+13,3.363068298,3.36E-09,不稳定,7.45E-14,9.30929E+12
Se79m,Se-79m,1.37584E+12,4054677611,4.054677611,不稳定,0.002947054,235.2
Se80,Se80,2.46015E+13,0,0,稳定,0,稳定
Se81,Se81,8.84746E+12,5539832319,5.539832319,不稳定,0.000626149,1107
Se83,Se83,6.41457E+12,3323052366,3.323052366,不稳定,0.000518047,1338
Se84,Se84,8.69247E+11,3239333669,3.239333669,不稳定,0.003726598,186
Sm147,Sm-147,1.01147E+11,2.10E-08,2.10E-17,不稳定,2.07E-19,3.35E+18
Sm148,Sm-148,-44818125734,-1.41E-13,-1.41E-22,不稳定,3.14E-24,2.21E+23
Sm150,Sm-150,72749391667,0,0,稳定,0,稳定
Sm151,Sm151,22469390130,5.483773947,5.48E-09,不稳定,2.44E-10,2840123347
Sm152,Sm-152,65182359509,0,0,稳定,0,稳定
Sm153,Sm-153,83613615097,346215.8994,0.000346216,不稳定,4.14E-06,167400
Sm157,Sm157,4313970607,6206344.049,0.006206344,不稳定,0.001438662,481.8
Sn112,Sn-112,26196155115,0,0,稳定,0,稳定
Sn114,Sn-114,2.40831E+12,0,0,稳定,0,稳定
Sn115,Sn-115,1.34765E+14,0,0,稳定,0,稳定
Sn116,Sn116,7.72206E+12,0,0,稳定,0,稳定
Sn117,Sn-117,5.40108E+13,0,0,稳定,0,稳定
Sn117m,Sn-117m,56086821155,32700.47873,3.27E-05,不稳定,5.83E-07,1188864
Sn118,Sn-118,6.90985E+13,0,0,稳定,0,稳定
Sn119,Sn-119,4.96634E+13,0,0,稳定,0,稳定
Sn119m,Sn-119m,1.8353E+11,5023.446687,5.02E-06,不稳定,2.74E-08,25323840
Sn120,Sn120,2.68767E+13,0,0,稳定,0,稳定
Sn121,Sn-121,2.29696E+13,163617522.2,0.163617522,不稳定,7.12E-06,97308
Sn121m,Sn-121m,8.77587E+11,439.0928631,4.39E-07,不稳定,5.00E-10,1385349055
Sn122,Sn122,1.3677E+13,0,0,稳定,0,稳定
Sn123,Sn123,6.56033E+12,407356.8204,0.000407357,不稳定,6.21E-08,11162880
Sn124,Sn124,4.26919E+12,0,0,稳定,0,稳定
Sn125,Sn125,1.32371E+12,1101609.743,0.00110161,不稳定,8.32E-07,832896
Sn126,Sn126,6.96551E+11,0.066520592,6.65E-11,不稳定,9.55E-14,7.25809E+12
Sn127,Sn127,2.48789E+11,22810475.92,0.022810476,不稳定,9.17E-05,7560
Sn128,Sn128,80651046415,15773106.89,0.015773107,不稳定,0.000195572,3544.2
Sr84,Sr-84,7502514032,0,0,稳定,0,稳定
Sr85,Sr85,1.34786E+11,16676.87678,1.67E-05,不稳定,1.24E-07,5602176
Sr86,Sr-86,1.29516E+13,0,0,稳定,0,稳定
Sr87,Sr-87,6.60018E+13,0,0,稳定,0,稳定
Sr87m,Sr-87m,179559973.9,12281.57585,1.23E-05,不稳定,6.84E-05,10134
Sr88,Sr-88,1.09268E+14,0,0,稳定,0,稳定
Sr89,Sr-89,1.11725E+14,17738258.51,0.017738259,不稳定,1.59E-07,4365792
Sr90,Sr-90,1.06043E+14,80904.40659,8.09E-05,不稳定,7.63E-10,908523901.8
Sr91,Sr91,5.61507E+13,1122669325,1.122669325,不稳定,2.00E-05,34668
Sr92,Sr92,4.76114E+13,3446294218,3.446294218,不稳定,7.24E-05,9576
Sr93,Sr93,5.34501E+12,8318463346,8.318463346,不稳定,0.001556305,445.38
Sr94,Sr94,5.90123E+11,5432164695,5.432164695,不稳定,0.009205142,75.3
Ta179,Ta179,22468911891,271.169863,2.71E-07,不稳定,1.21E-08,57433605.47
Tc101,Tc101,5.69142E+13,46302698582,46.30269858,不稳定,0.000813553,852
Tc102,Tc102,3.85544E+11,50613454209,50.61345421,不稳定,0.131277875,5.28
Tc104,Tc104,2.92058E+13,18437079665,18.43707966,不稳定,0.000631282,1098
Tc105,Tc105,1.07495E+13,16339954660,16.33995466,不稳定,0.00152006,456
Tc96,Tc96,22393759287,41975.4108,4.20E-05,不稳定,1.87E-06,369792
Tc97,Tc97,4.71968E+11,0.00398722,3.99E-12,不稳定,8.45E-15,8.2048E+13
Tc97m,Tc-97m,47031.30408,0.004187684,4.19E-12,不稳定,8.90E-08,7784640
Tc98,Tc98,8.53839E+11,0.00446537,4.47E-12,不稳定,5.23E-15,1.32539E+14
Tc99,Tc99,1.96753E+14,20.4721619,2.05E-08,不稳定,1.04E-13,6.66167E+12
Tc99m,Tc-99m,7.80262E+11,24976270.37,0.02497627,不稳定,3.20E-05,21654
Te119,Te119,21991119758,263812.4378,0.000263812,不稳定,1.20E-05,57780
Te120,Te120,67408200000,0,0,稳定,0,稳定
Te121,Te121,1.38007E+11,57785.42546,5.78E-05,不稳定,4.19E-07,1655424
Te121m,Te-121m,9457982.007,0.492707849,4.93E-10,不稳定,5.21E-08,13305600
Te122,Te-122,5.17608E+12,0,0,稳定,0,稳定
Te123,Te123,-87567099379,-3.21E-12,-3.21E-21,不稳定,3.66E-23,1.89E+22
Te123m,Te-123m,102468.5338,0.006893565,6.89E-12,不稳定,6.73E-08,10303200
Te124,Te-124,8.8327E+12,0,0,稳定,0,稳定
Te125,Te-125,1.21488E+13,0,0,稳定,0,稳定
Te125m,Te-125m,22352705.07,3.124135875,3.12E-09,不稳定,1.40E-07,4959360
Te126,Te-126,9.0975E+12,0,0,稳定,0,稳定
Te127,Te-127,5.48633E+12,112977939.1,0.112977939,不稳定,2.06E-05,33660
Te127m,Te-127m,1580121429,116.2989205,1.16E-07,不稳定,7.36E-08,9417600
Te128,Te-128,4.00536E+12,0,0,稳定,0,稳定
Te129,Te-129,1.50652E+12,250057758.2,0.250057758,不稳定,0.000165984,4176
Te129m,Te-129m,8359807351,1996.037566,2.00E-06,不稳定,2.39E-07,2903040
Te130,Te-130,1.12141E+12,0,0,稳定,0,稳定
Te131,Te-131,1.41426E+11,65352708.49,0.065352708,不稳定,0.000462098,1500
Te131m,Te-131m,982105948,6303.184897,6.30E-06,不稳定,6.42E-06,108000
Te132,Te132,1.56579E+11,392060.2506,0.00039206,不稳定,2.50E-06,276825.6
Te133,Te133,13022017858,12034899.95,0.0120349,不稳定,0.000924196,750
Te134,Te134,14233410598,3933751.366,0.003933751,不稳定,0.000276374,2508
Ti48,Ti48,22469400000,0,0,稳定,0,稳定
Ti50,Ti-50,88031660875,0,0,稳定,0,稳定
Ti52,Ti52,2755401816,18724500,0.0187245,不稳定,0.006795561,102
Tl194,Tl194,5.21128E+12,1824334847,1.824334847,不稳定,0.000350074,1980
Tl195,Tl195,4.06812E+13,6752416546,6.752416546,不稳定,0.000165984,4176
Tl196,Tl196,1.41803E+14,14838487258,14.83848726,不稳定,0.000104642,6624
Tl197,Tl197,6.37928E+14,43249008456,43.24900846,不稳定,6.78E-05,10224
Tl198,Tl198,1.76874E+15,64255663568,64.25566357,不稳定,3.63E-05,19080
Tl199,Tl199,5.97047E+15,1.54927E+11,154.9271802,不稳定,2.59E-05,26712
Tl200,Tl200,1.10E+16,80955176095,80.95517609,不稳定,7.38E-06,93960
Tl201,Tl-201,2.00E+16,52887416954,52.88741695,不稳定,2.64E-06,262483.2
Tl202,Tl-202,2.52E+16,16550366916,16.55036692,不稳定,6.56E-07,1056672
Tl203,Tl-203,3.22E+16,0,0,稳定,0,稳定
Tl204,Tl204,5.87142E+14,3411787.17,0.003411787,不稳定,5.81E-09,119285180.6
Tl205,Tl-205,3.51E+16,0,0,稳定,0,稳定
Tl206,Tl-206,5.97466E+13,1.64338E+11,164.3379801,不稳定,0.002750584,252
Tl207,Tl207,6.78649E+13,1.64362E+11,164.3617531,不稳定,0.002421898,286.2
Tl208,Tl208,1.56039E+12,5904451837,5.904451837,不稳定,0.003783968,183.18
V51,V51,44938800000,0,0,稳定,0,稳定
V52,V-52,12133236147,37448207.44,0.037448207,不稳定,0.003086415,224.58
V53,V53,2609527602,18724500,0.0187245,不稳定,0.007175437,96.6
W182,W-182,1.79755E+11,0,0,稳定,0,稳定
Xe125,Xe125,44029697162,501628.2125,0.000501628,不稳定,1.14E-05,60840
Xe126,Xe126,5.92256E+11,0,0,稳定,0,稳定
Xe127,Xe127,2.24605E+11,49502.77318,4.95E-05,不稳定,2.20E-07,3144960
Xe128,Xe128,3.88962E+12,0,0,稳定,0,稳定
Xe129,Xe129,5.82015E+12,0,0,稳定,0,稳定
Xe130,Xe130,4.60954E+12,0,0,稳定,0,稳定
Xe131,Xe131,3.98174E+12,0,0,稳定,0,稳定
Xe131m,Xe-131m,47821868.88,32.40309996,3.24E-08,不稳定,6.78E-07,1022976
Xe132,Xe132,3.02548E+12,0,0,稳定,0,稳定
Xe133,Xe133,1.41289E+12,2161917.085,0.002161917,不稳定,1.53E-06,452995.2
Xe133m,Xe-133m,256793303.3,940.7003327,9.41E-07,不稳定,3.66E-06,189216
Xe134,Xe134,8.52526E+11,0,0,稳定,0,稳定
Xe135,Xe135,3.99493E+11,8415608.501,0.008415609,不稳定,2.11E-05,32904
Xe135m,Xe-135m,272935628.7,206218.1835,0.000206218,不稳定,0.000755556,917.4
Xe137,Xe137,4125462178,12482767.93,0.012482768,不稳定,0.003025787,229.08
Xe138,Xe138,7210409441,5916045.187,0.005916045,不稳定,0.000820487,844.8
Y87,Y87,44744193420,107958.4778,0.000107958,不稳定,2.41E-06,287280
Y88,Y88,6.29062E+11,47319.94687,4.73E-05,不稳定,7.52E-08,9214560
Y89,Y-89,7.51814E+13,0,0,稳定,0,稳定
Y90,Y-90,8.17348E+13,245511442.3,0.245511442,不稳定,3.00E-06,230760
Y91,Y-91,1.08377E+14,14860012.14,0.014860012,不稳定,1.37E-07,5055264
Y91m,Y-91m,9.16849E+11,213072826.6,0.213072827,不稳定,0.000232397,2982.6
Y92,Y-92,8.46671E+13,4605047981,4.605047981,不稳定,5.44E-05,12744
Y93,Y-93,1.10331E+14,2086768003,2.086768003,不稳定,1.89E-05,36648
Y94,Y-94,3.37076E+13,20823813118,20.82381312,不稳定,0.000617778,1122
Y95,Y95,1.15566E+13,12961817720,12.96181772,不稳定,0.001121597,618
Zn64,Zn-64,7724570809,0,0,稳定,0,稳定
Zn66,Zn-66,3.19238E+12,0,0,稳定,0,稳定
Zn67,Zn-67,1.67139E+12,0,0,稳定,0,稳定
Zn68,Zn68,2.34818E+12,0,0,稳定,0,稳定
Zn69,Zn-69,4.21527E+12,863415949.3,0.863415949,不稳定,0.000204831,3384
Zn70,Zn70,3.73049E+12,0,0,稳定,0,稳定
Zn71,Zn71,2.31643E+11,1092262454,1.092262454,不稳定,0.004715287,147
Zn72,Zn72,4.25983E+12,17638513.81,0.017638514,不稳定,4.14E-06,167400
Zr88,Zr88,22465509911,2161.035735,2.16E-06,不稳定,9.62E-08,7205760
Zr89,Zr89,44740753716,109863.8471,0.000109864,不稳定,2.46E-06,282276
Zr90,Zr-90,8.32941E+13,0,0,稳定,0,稳定
Zr91,Zr-91,8.10738E+13,0,0,稳定,0,稳定
Zr92,Zr-92,1.02347E+14,0,0,稳定,0,稳定
Zr93,Zr-93,9.71471E+13,1.394663317,1.39E-09,不稳定,1.44E-14,4.82821E+13
Zr94,Zr-94,1.51433E+14,0,0,稳定,0,稳定
Zr95,Zr-95,1.27928E+14,16028095.84,0.016028096,不稳定,1.25E-07,5532364.8
Zr97,Zr97,5.5665E+13,640097114.9,0.640097115,不稳定,1.15E-05,60278.4
