nuclide,original_nuclide,total_atom_number_irradiation,total_atom_number_cooling,decay_ratio_percent,total_activity_cooling_Bq,total_activity_cooling_GBq,is_stable,decay_constant,half_life,half_life_seconds
Th232,Th-232,1.93E+20,1.93E+20,1.35E-10,3.01E+02,3.01E-07,不稳定,1.56E-18,14059323041.10 年,4.43E+17
Th228,Th-228,1.95E+20,1.93E+20,9.88E-01,2.21E+12,2.21E+03,不稳定,1.15E-08,1.91 年,6.03E+07
Pa231,Pa-231,1.18E+19,1.18E+19,5.79E-05,7.94E+06,7.94E-03,不稳定,6.70E-13,32781.74 年,1.03E+12
Th230,Th-230,9.15E+18,9.15E+18,2.52E-05,2.67E+06,2.67E-03,不稳定,2.91E-13,75430.02 年,2.38E+12
Th229,Th229,8.13E+18,8.13E+18,2.59E-04,2.43E+07,2.43E-02,不稳定,2.99E-12,7344.87 年,2.32E+11
Cs135,Cs-135,2.65E+18,2.65E+18,8.25E-07,2.53E+04,2.53E-05,不稳定,9.55E-15,2301526.19 年,7.26E+13
Th227,Th-227,3.82E+18,2.63E+18,3.10E+01,1.13E+12,1.13E+03,不稳定,4.29E-07,18.68 天,1.61E+06
Pd107,Pd-107,2.32E+18,2.32E+18,2.92E-07,7.85E+03,7.85E-06,不稳定,3.38E-15,6504313.15 年,2.05E+14
I129,I-129,2.31E+18,2.31E+18,1.21E-07,3.24E+03,3.24E-06,不稳定,1.40E-15,15710417.92 年,4.95E+14
Zr93,Zr-93,2.28E+18,2.28E+18,1.24E-06,3.27E+04,3.27E-05,不稳定,1.44E-14,1531015.25 年,4.83E+13
Sr89,Sr-89,2.48E+18,2.16E+18,1.28E+01,3.44E+11,3.44E+02,不稳定,1.59E-07,50.53 天,4.37E+06
Cs137,Cs-137,2.05E+18,2.04E+18,6.29E-02,1.49E+09,1.49E+00,不稳定,7.28E-10,30.19 年,9.52E+08
Sr90,Sr-90,2.02E+18,2.02E+18,6.59E-02,1.54E+09,1.54E+00,不稳定,7.63E-10,28.81 年,9.09E+08
U232,U-232,1.89E+18,1.88E+18,2.75E-02,6.01E+08,6.01E-01,不稳定,3.19E-10,68.95 年,2.17E+09
Zr95,Zr-95,2.03E+18,1.82E+18,1.03E+01,2.28E+11,2.28E+02,不稳定,1.25E-07,64.03 天,5.53E+06
Ac227,Ac-227,1.78E+18,1.78E+18,8.71E-02,1.80E+09,1.80E+00,不稳定,1.01E-09,21.79 年,6.87E+08
Sb125,Sb-125,1.75E+18,1.74E+18,6.86E-01,1.39E+10,1.39E+01,不稳定,7.96E-09,2.76 年,8.71E+07
Ra223,Ra-223,3.05E+18,1.66E+18,4.55E+01,1.17E+12,1.17E+03,不稳定,7.02E-07,11.43 天,9.88E+05
Ru106,Ru106,1.65E+18,1.62E+18,1.84E+00,3.47E+10,3.47E+01,不稳定,2.15E-08,1.02 年,3.23E+07
Tc99,Tc-99,1.55E+18,1.55E+18,8.99E-06,1.62E+05,1.62E-04,不稳定,1.04E-13,211240.08 年,6.66E+12
Rb87,Rb-87,1.51E+18,1.51E+18,3.85E-11,6.75E-01,6.75E-10,不稳定,4.46E-19,49262667139.73 年,1.55E+18
Sn124,Sn124,1.36E+18,1.36E+18,0.00E+00,0.00E+00,0.00E+00,稳定,0.00E+00,稳定,inf
Pa230,Pa230,1.99E+18,1.34E+18,3.29E+01,6.18E+11,6.18E+02,不稳定,4.61E-07,17.40 天,1.50E+06
Ac225,Ac-225,2.62E+18,1.31E+18,5.00E+01,1.05E+12,1.05E+03,不稳定,8.02E-07,10.00 天,8.64E+05
Ce141,Ce-141,1.44E+18,1.16E+18,1.92E+01,2.87E+11,2.87E+02,不稳定,2.47E-07,32.51 天,2.81E+06
Sn123,Sn123,1.06E+18,1.00E+18,5.22E+00,6.21E+10,6.21E+01,不稳定,6.21E-08,129.20 天,1.12E+07
Sn126,Sn126,7.28E+17,7.28E+17,8.25E-06,6.95E+04,6.95E-05,不稳定,9.55E-14,230152.62 年,7.26E+12
Ba140,Ba-140,1.19E+18,6.93E+17,4.19E+01,4.36E+11,4.36E+02,不稳定,6.29E-07,12.75 天,1.10E+06
Y91,Y-91,7.71E+17,6.85E+17,1.12E+01,9.39E+10,9.39E+01,不稳定,1.37E-07,58.51 天,5.06E+06
Sb124,Sb124,7.26E+17,6.47E+17,1.09E+01,8.62E+10,8.62E+01,不稳定,1.33E-07,60.20 天,5.20E+06
Kr85,Kr-85,6.47E+17,6.46E+17,1.76E-01,1.32E+09,1.32E+00,不稳定,2.04E-09,10.76 年,3.39E+08
Pr143,Pr-143,1.05E+18,6.31E+17,4.00E+01,3.73E+11,3.73E+02,不稳定,5.91E-07,13.57 天,1.17E+06
I131,I-131,1.48E+18,6.26E+17,5.79E+01,6.26E+11,6.26E+02,不稳定,1.00E-06,8.02 天,6.93E+05
Ce144,Ce144,5.67E+17,5.54E+17,2.40E+00,1.56E+10,1.56E+01,不稳定,2.82E-08,284.91 天,2.46E+07
Pa233,Pa-233,6.97E+17,5.39E+17,2.27E+01,1.60E+11,1.60E+02,不稳定,2.97E-07,26.97 天,2.33E+06
Cs136,Cs136,8.32E+17,4.91E+17,4.09E+01,3.00E+11,3.00E+02,不稳定,6.10E-07,13.16 天,1.14E+06
Sb126,Sb-126,8.41E+17,4.80E+17,4.30E+01,3.12E+11,3.12E+02,不稳定,6.50E-07,12.35 天,1.07E+06
Cs134,Cs134,4.48E+17,4.44E+17,9.15E-01,4.72E+09,4.72E+00,不稳定,1.06E-08,2.07 年,6.52E+07
Xe133,Xe-133,1.57E+18,4.18E+17,7.33E+01,6.40E+11,6.40E+02,不稳定,1.53E-06,5.24 天,4.53E+05
Se79,Se-79,4.02E+17,4.02E+17,6.43E-06,3.00E+04,3.00E-05,不稳定,7.45E-14,295195.75 年,9.31E+12
Ag111,Ag-111,9.69E+17,3.82E+17,6.06E+01,4.11E+11,4.11E+02,不稳定,1.08E-06,7.45 天,6.44E+05
Nb95,Nb-95,4.38E+17,3.60E+17,1.80E+01,8.24E+10,8.24E+01,不稳定,2.29E-07,34.99 天,3.02E+06
Ra226,Ra226,3.48E+17,3.48E+17,1.19E-03,4.78E+06,4.78E-03,不稳定,1.37E-11,1601.06 年,5.05E+10
Sn125,Sn125,5.52E+17,2.69E+17,5.13E+01,2.24E+11,2.24E+02,不稳定,8.32E-07,9.64 天,8.33E+05
Pm147,Pm-147,2.64E+17,2.62E+17,7.21E-01,2.19E+09,2.19E+00,不稳定,8.37E-09,2.63 年,8.28E+07
U233,U-233,2.51E+17,2.51E+17,1.19E-05,3.46E+04,3.46E-05,不稳定,1.38E-13,159305.64 年,5.02E+12
Te127m,Te-127m,2.46E+17,2.31E+17,6.16E+00,1.70E+10,1.70E+01,不稳定,7.36E-08,109.00 天,9.42E+06
Sm151,Sm-151,2.31E+17,2.31E+17,2.11E-02,5.63E+07,5.63E-02,不稳定,2.44E-10,90.06 年,2.84E+09
Mo98,Mo98,2.28E+17,2.28E+17,0.00E+00,0.00E+00,0.00E+00,稳定,0.00E+00,稳定,inf
Pb210,Pb-210,1.81E+17,1.81E+17,8.54E-02,1.79E+08,1.79E-01,不稳定,9.89E-10,22.21 年,7.01E+08
La138,La138,1.80E+17,1.80E+17,1.86E-11,3.88E-02,3.88E-11,不稳定,2.15E-19,102067683287.67 年,3.22E+18
Sn121m,Sn-121m,1.80E+17,1.80E+17,4.32E-02,8.98E+07,8.98E-02,不稳定,5.00E-10,43.93 年,1.39E+09
Nd147,Nd-147,3.12E+17,1.66E+17,4.68E+01,1.21E+11,1.21E+02,不稳定,7.31E-07,10.98 天,9.49E+05
Ra224,Ra-224,9.20E+17,1.38E+17,8.50E+01,3.04E+11,3.04E+02,不稳定,2.19E-06,3.66 天,3.16E+05
Te129m,Te-129m,1.58E+17,1.29E+17,1.86E+01,3.08E+10,3.08E+01,不稳定,2.39E-07,33.60 天,2.90E+06
Ru103,Ru103,1.46E+17,1.22E+17,1.62E+01,2.50E+10,2.50E+01,不稳定,2.04E-07,39.26 天,3.39E+06
Sb127,Sb-127,7.05E+17,1.16E+17,8.35E+01,2.43E+11,2.43E+02,不稳定,2.08E-06,3.85 天,3.33E+05
La140,La-140,6.59E+18,1.06E+17,9.84E+01,5.06E+11,5.06E+02,不稳定,4.78E-06,1.68 天,1.45E+05
Tc97,Tc97,9.92E+16,9.92E+16,7.30E-07,8.38E+02,8.38E-07,不稳定,8.45E-15,2601725.26 年,8.20E+13
La137,La137,9.51E+16,9.51E+16,3.16E-05,3.48E+04,3.48E-05,不稳定,3.66E-13,60039.81 年,1.89E+12
Cd115m,Cd-115m,1.05E+17,9.02E+16,1.44E+01,1.62E+10,1.62E+01,不稳定,1.80E-07,44.60 天,3.85E+06
U230,U-230,9.65E+16,6.91E+16,2.83E+01,2.67E+10,2.67E+01,不稳定,3.86E-07,20.80 天,1.80E+06
Rb86,Rb86,9.14E+16,6.30E+16,3.11E+01,2.71E+10,2.71E+01,不稳定,4.30E-07,18.64 天,1.61E+06
Ra225,Ra225,7.79E+16,4.89E+16,3.72E+01,2.63E+10,2.63E+01,不稳定,5.38E-07,14.90 天,1.29E+06
Mo99,Mo-99,6.07E+17,4.87E+16,9.20E+01,1.42E+11,1.42E+02,不稳定,2.92E-06,2.75 天,2.37E+05
Eu155,Eu-155,4.57E+16,4.55E+16,3.98E-01,2.10E+08,2.10E-01,不稳定,4.61E-09,4.76 年,1.50E+08
Ra228,Ra228,3.82E+16,3.81E+16,3.30E-01,1.46E+08,1.46E-01,不稳定,3.82E-09,5.75 年,1.81E+08
Ce139,Ce139,3.80E+16,3.61E+16,4.91E+00,2.10E+09,2.10E+00,不稳定,5.83E-08,137.64 天,1.19E+07
I126,I126,6.14E+16,3.59E+16,4.15E+01,2.23E+10,2.23E+01,不稳定,6.20E-07,12.93 天,1.12E+06
Cd115,Cd-115,7.76E+17,3.45E+16,9.55E+01,1.24E+11,1.24E+02,不稳定,3.60E-06,2.23 天,1.92E+05
Te132,Te132,2.78E+17,3.19E+16,8.85E+01,8.00E+10,8.00E+01,不稳定,2.50E-06,3.20 天,2.77E+05
Co57,Co57,3.20E+16,3.12E+16,2.52E+00,9.21E+08,9.21E-01,不稳定,2.95E-08,271.74 天,2.35E+07
I125,I125,3.28E+16,2.92E+16,1.10E+01,3.94E+09,3.94E+00,不稳定,1.35E-07,59.40 天,5.13E+06
Eu156,Eu-156,4.33E+16,2.74E+16,3.66E+01,1.45E+10,1.45E+01,不稳定,5.28E-07,15.19 天,1.31E+06
Nb94,Nb94,2.67E+16,2.67E+16,9.35E-05,2.89E+04,2.89E-05,不稳定,1.08E-12,20313.47 年,6.41E+11
Nb91,Nb91,2.48E+16,2.48E+16,2.79E-03,8.02E+05,8.02E-04,不稳定,3.23E-11,680.45 年,2.15E+10
Ni59,Ni59,2.45E+16,2.45E+16,1.88E-05,5.32E+03,5.32E-06,不稳定,2.17E-13,101067.02 年,3.19E+12
Cs132,Cs132,6.72E+16,2.31E+16,6.57E+01,2.86E+10,2.86E+01,不稳定,1.24E-06,6.48 天,5.60E+05
Ba133,Ba133,2.12E+16,2.12E+16,1.80E-01,4.43E+07,4.43E-02,不稳定,2.09E-09,10.53 年,3.32E+08
Cd113m,Cd-113m,2.09E+16,2.09E+16,1.35E-01,3.26E+07,3.26E-02,不稳定,1.56E-09,14.11 年,4.45E+08
Rn222,Rn222,1.19E+17,1.95E+16,8.37E+01,4.08E+10,4.08E+01,不稳定,2.10E-06,3.82 天,3.30E+05
Cs131,Cs131,3.81E+16,1.87E+16,5.11E+01,1.54E+10,1.54E+01,不稳定,8.28E-07,9.69 天,8.37E+05
In115,In-115,1.20E+16,1.20E+16,0.00E+00,5.98E-07,5.98E-16,不稳定,4.98E-23,441292630684931.50 年,1.39E+22
Xe131m,Xe-131m,2.02E+16,1.12E+16,4.43E+01,7.61E+09,7.61E+00,不稳定,6.78E-07,11.84 天,1.02E+06
Te127,Te-127,5.97E+23,1.12E+16,1.00E+02,2.30E+11,2.30E+02,不稳定,2.06E-05,9.35 小时,3.37E+04
Sb122,Sb122,1.08E+17,8.51E+15,9.22E+01,2.51E+10,2.51E+01,不稳定,2.95E-06,2.72 天,2.35E+05
Co56,Co56,8.73E+15,7.98E+15,8.58E+00,8.29E+08,8.29E-01,不稳定,1.04E-07,77.23 天,6.67E+06
Gd160,Gd160,6.85E+15,6.85E+15,0.00E+00,0.00E+00,0.00E+00,稳定,0.00E+00,稳定,inf
Ni58,Ni58,6.42E+15,6.42E+15,0.00E+00,0.00E+00,0.00E+00,稳定,0.00E+00,稳定,inf
Xe127,Xe127,7.66E+15,6.33E+15,1.73E+01,1.40E+09,1.40E+00,不稳定,2.20E-07,36.40 天,3.14E+06
Rh105,Rh-105,6.79E+17,6.15E+15,9.91E+01,3.35E+10,3.35E+01,不稳定,5.45E-06,1.47 天,1.27E+05
Eu154,Eu154,5.47E+15,5.46E+15,2.21E-01,1.39E+07,1.39E-02,不稳定,2.56E-09,8.60 年,2.71E+08
Tc98,Tc98,5.15E+15,5.15E+15,4.52E-07,2.69E+01,2.69E-08,不稳定,5.23E-15,4202786.96 年,1.33E+14
Pa229,Pa229,5.10E+17,5.02E+15,9.90E+01,2.68E+10,2.68E+01,不稳定,5.35E-06,1.50 天,1.30E+05
Tc99m,Tc-99m,4.40E+27,4.29E+15,1.00E+02,1.37E+11,1.37E+02,不稳定,3.20E-05,6.01 小时,2.17E+04
Ru97,Ru97,3.90E+16,3.57E+15,9.08E+01,9.88E+09,9.88E+00,不稳定,2.77E-06,2.90 天,2.51E+05
Te125m,Te-125m,4.03E+15,3.57E+15,1.14E+01,4.99E+08,4.99E-01,不稳定,1.40E-07,57.40 天,4.96E+06
Pm146,Pm146,3.36E+15,3.35E+15,3.43E-01,1.33E+07,1.33E-02,不稳定,3.97E-09,5.53 年,1.75E+08
In115m,In-115m,4.01E+31,3.15E+15,1.00E+02,1.35E+11,1.35E+02,不稳定,4.29E-05,4.49 小时,1.61E+04
Sm147,Sm-147,2.81E+15,2.81E+15,1.79E-11,5.83E-04,5.83E-13,不稳定,2.07E-19,106070337534.25 年,3.35E+18
Te121,Te121,4.01E+15,2.80E+15,3.04E+01,1.17E+09,1.17E+00,不稳定,4.19E-07,19.16 天,1.66E+06
Rb84,Rb84,3.28E+15,2.66E+15,1.91E+01,6.50E+08,6.50E-01,不稳定,2.45E-07,32.77 天,2.83E+06
Y90,Y-90,3.19E+16,2.38E+15,9.25E+01,7.14E+09,7.14E+00,不稳定,3.00E-06,2.67 天,2.31E+05
Pm148,Pm148,8.63E+15,2.37E+15,7.25E+01,3.55E+09,3.55E+00,不稳定,1.49E-06,5.37 天,4.64E+05
Fe55,Fe55,2.32E+15,2.30E+15,6.91E-01,1.85E+07,1.85E-02,不稳定,8.03E-09,2.74 年,8.64E+07
Pm149,Pm-149,5.13E+16,2.23E+15,9.56E+01,8.10E+09,8.10E+00,不稳定,3.63E-06,2.21 天,1.91E+05
Th231,Th-231,1.35E+18,2.00E+15,9.99E+01,1.51E+10,1.51E+01,不稳定,7.54E-06,1.06 天,9.19E+04
Pa232,Pa232,3.55E+17,1.79E+15,9.95E+01,1.09E+10,1.09E+01,不稳定,6.12E-06,1.31 天,1.13E+05
Pm145,Pm145,1.62E+15,1.61E+15,1.07E-01,2.00E+06,2.00E-03,不稳定,1.24E-09,17.71 年,5.59E+08
Ni56,Ni56,5.00E+15,1.60E+15,6.80E+01,2.11E+09,2.11E+00,不稳定,1.32E-06,6.08 天,5.25E+05
Y88,Y88,1.70E+15,1.59E+15,6.29E+00,1.20E+08,1.20E-01,不稳定,7.52E-08,106.65 天,9.21E+06
Mo93,Mo93,1.52E+15,1.52E+15,4.74E-04,8.35E+03,8.35E-06,不稳定,5.49E-12,4002.65 年,1.26E+11
Ce143,Ce-143,2.26E+17,1.47E+15,9.93E+01,8.55E+09,8.55E+00,不稳定,5.83E-06,1.38 天,1.19E+05
Eu152,Eu152,1.40E+15,1.40E+15,1.40E-01,2.27E+06,2.27E-03,不稳定,1.62E-09,13.55 年,4.27E+08
Tb160,Tb160,1.37E+15,1.24E+15,9.14E+00,1.38E+08,1.38E-01,不稳定,1.11E-07,72.30 天,6.25E+06
Ge68,Ge-68,1.20E+15,1.17E+15,2.53E+00,3.47E+07,3.47E-02,不稳定,2.96E-08,270.95 天,2.34E+07
As77,As-77,8.27E+16,1.14E+15,9.86E+01,5.65E+09,5.65E+00,不稳定,4.96E-06,1.62 天,1.40E+05
Zn65,Zn65,1.16E+15,1.13E+15,2.80E+00,3.72E+07,3.72E-02,不稳定,3.29E-08,244.06 天,2.11E+07
Nb95m,Nb-95m,7.39E+15,1.08E+15,8.53E+01,2.41E+09,2.41E+00,不稳定,2.22E-06,3.61 天,3.12E+05
Te120,Te120,1.03E+15,1.03E+15,0.00E+00,0.00E+00,0.00E+00,稳定,0.00E+00,稳定,inf
Xe133m,Xe-133m,2.36E+16,9.96E+14,9.58E+01,3.65E+09,3.65E+00,不稳定,3.66E-06,2.19 天,1.89E+05
I132,I-132,2.97E+46,9.83E+14,1.00E+02,8.25E+10,8.25E+01,不稳定,8.39E-05,2.29 小时,8.26E+03
Sm153,Sm-153,3.35E+16,9.37E+14,9.72E+01,3.88E+09,3.88E+00,不稳定,4.14E-06,1.94 天,1.67E+05
Ac226,Ac226,2.68E+17,9.31E+14,9.97E+01,6.10E+09,6.10E+00,不稳定,6.56E-06,1.22 天,1.06E+05
Kr81,Kr81,8.36E+14,8.36E+14,8.29E-06,8.02E+01,8.02E-08,不稳定,9.59E-14,229151.96 年,7.23E+12
Sn121,Sn-121,3.58E+17,7.61E+14,9.98E+01,5.42E+09,5.42E+00,不稳定,7.12E-06,1.13 天,9.73E+04
Tc95m,Tc-95m,7.80E+14,6.96E+14,1.07E+01,9.15E+07,9.15E-02,不稳定,1.32E-07,61.00 天,5.27E+06
I124,I124,3.46E+15,6.58E+14,8.10E+01,1.26E+09,1.26E+00,不稳定,1.92E-06,4.18 天,3.61E+05
Rb83,Rb83,6.84E+14,6.31E+14,7.73E+00,5.87E+07,5.87E-02,不稳定,9.31E-08,86.20 天,7.45E+06
Tb158,Tb158,6.23E+14,6.23E+14,1.05E-02,7.60E+04,7.60E-05,不稳定,1.22E-10,180.12 年,5.68E+09
Zn72,Zn72,2.23E+16,6.22E+14,9.72E+01,2.58E+09,2.58E+00,不稳定,4.14E-06,1.94 天,1.67E+05
Nb92,Nb92,6.12E+14,6.12E+14,5.47E-08,3.87E-01,3.87E-10,不稳定,6.33E-16,34723025.59 年,1.10E+15
Co60,Co-60,5.89E+14,5.87E+14,3.59E-01,2.44E+06,2.44E-03,不稳定,4.17E-09,5.27 年,1.66E+08
Tb161,Tb161,1.51E+15,5.52E+14,6.33E+01,6.41E+08,6.41E-01,不稳定,1.16E-06,6.91 天,5.97E+05
Rh102,Rh102,5.70E+14,5.51E+14,3.29E+00,2.14E+07,2.14E-02,不稳定,3.88E-08,207.00 天,1.79E+07
Fe60,Fe60,5.15E+14,5.15E+14,1.27E-06,7.54E+00,7.54E-09,不稳定,1.46E-14,1500995.34 年,4.73E+13
Ba131,Ba131,8.63E+14,4.72E+14,4.53E+01,3.29E+08,3.29E-01,不稳定,6.98E-07,11.50 天,9.94E+05
Pm144,Pm144,4.33E+14,4.24E+14,1.89E+00,9.38E+06,9.38E-03,不稳定,2.21E-08,363.00 天,3.14E+07
Rh99,Rh99,6.07E+14,3.95E+14,3.50E+01,1.97E+08,1.97E-01,不稳定,4.98E-07,16.10 天,1.39E+06
Fr221,Fr221,inf,3.74E+14,,8.82E+11,8.82E+02,不稳定,2.36E-03,4.90 分钟,2.94E+02
Zr88,Zr-88,3.57E+14,3.29E+14,7.98E+00,3.16E+07,3.16E-02,不稳定,9.62E-08,83.40 天,7.21E+06
Gd146,Gd146,3.68E+14,3.19E+14,1.34E+01,5.30E+07,5.30E-02,不稳定,1.66E-07,48.27 天,4.17E+06
Sm145,Sm145,3.20E+14,3.13E+14,2.02E+00,7.39E+06,7.39E-03,不稳定,2.36E-08,340.00 天,2.94E+07
As74,As74,4.62E+14,3.13E+14,3.23E+01,1.41E+08,1.41E-01,不稳定,4.51E-07,17.77 天,1.54E+06
Tb157,Tb157,2.86E+14,2.86E+14,2.67E-02,8.84E+04,8.84E-05,不稳定,3.09E-10,71.05 年,2.24E+09
Pd100,Pd100,1.89E+15,2.80E+14,8.52E+01,6.18E+08,6.18E-01,不稳定,2.21E-06,3.63 天,3.14E+05
Co58,Co58,3.03E+14,2.75E+14,9.32E+00,3.11E+07,3.11E-02,不稳定,1.13E-07,70.86 天,6.12E+06
Mn53,Mn53,2.74E+14,2.74E+14,5.13E-07,1.62E+00,1.62E-09,不稳定,5.94E-15,3702455.18 年,1.17E+14
Ge71,Ge71,4.97E+14,2.71E+14,4.55E+01,1.90E+08,1.90E-01,不稳定,7.02E-07,11.43 天,9.88E+05
Ga72,Ga-72,3.60E+19,2.71E+14,1.00E+02,3.70E+09,3.70E+00,不稳定,1.37E-05,14.10 小时,5.08E+04
Sm146,Sm-146,2.70E+14,2.70E+14,1.84E-08,5.75E-02,5.75E-11,不稳定,2.13E-16,103068346.85 年,3.25E+15
Tm171,Tm-171,2.51E+14,2.48E+14,9.84E-01,2.84E+06,2.84E-03,不稳定,1.14E-08,1.92 年,6.06E+07
Br82,Br82,2.75E+16,2.47E+14,9.91E+01,1.35E+09,1.35E+00,不稳定,5.45E-06,1.47 天,1.27E+05
Cr51,Cr51,2.82E+14,2.20E+14,2.21E+01,6.36E+07,6.36E-02,不稳定,2.90E-07,27.70 天,2.39E+06
Y87,Y87,1.72E+15,2.14E+14,8.76E+01,5.17E+08,5.17E-01,不稳定,2.41E-06,3.33 天,2.87E+05
Ni63,Ni63,2.08E+14,2.08E+14,1.90E-02,4.56E+04,4.56E-05,不稳定,2.19E-10,100.17 年,3.16E+09
Sr85,Sr85,1.97E+14,1.77E+14,1.01E+01,2.19E+07,2.19E-02,不稳定,1.24E-07,64.84 天,5.60E+06
Ho163,Ho163,1.64E+14,1.64E+14,4.15E-04,7.89E+02,7.89E-07,不稳定,4.81E-12,4573.03 年,1.44E+11
Gd152,Gd-152,1.59E+14,1.59E+14,1.96E-14,3.24E-08,3.24E-17,不稳定,2.03E-22,108071664657534.25 年,3.41E+21
Rh101,Rh101,1.53E+14,1.53E+14,5.73E-01,1.02E+06,1.02E-03,不稳定,6.66E-09,3.30 年,1.04E+08
Eu150,Eu150,1.42E+14,1.42E+14,5.14E-02,8.47E+04,8.47E-05,不稳定,5.95E-10,36.92 年,1.16E+09
Fe59,Fe59,1.52E+14,1.30E+14,1.44E+01,2.35E+07,2.35E-02,不稳定,1.80E-07,44.49 天,3.84E+06
Zr89,Zr89,1.07E+15,1.28E+14,8.80E+01,3.14E+08,3.14E-01,不稳定,2.46E-06,3.27 天,2.82E+05
Rh101m,Rh-101m,6.29E+14,1.27E+14,7.98E+01,2.35E+08,2.35E-01,不稳定,1.85E-06,4.34 天,3.75E+05
Rh103m,Rh-103m,2.14E+91,1.20E+14,1.00E+02,2.48E+10,2.48E+01,不稳定,2.06E-04,56.11 分钟,3.37E+03
Te129,Te-129,2.17E+76,1.14E+14,1.00E+02,1.88E+10,1.88E+01,不稳定,1.66E-04,1.16 小时,4.18E+03
Ni66,Ni66,2.36E+15,1.12E+14,9.52E+01,3.95E+08,3.95E-01,不稳定,3.53E-06,2.27 天,1.97E+05
Pm151,Pm-151,3.80E+16,1.09E+14,9.97E+01,7.36E+08,7.36E-01,不稳定,6.78E-06,1.18 天,1.02E+05
Cd109,Cd109,1.09E+14,1.07E+14,1.49E+00,1.86E+06,1.86E-03,不稳定,1.74E-08,1.26 年,3.99E+07
Pm143,Pm143,1.08E+14,1.05E+14,2.58E+00,3.19E+06,3.19E-03,不稳定,3.03E-08,265.00 天,2.29E+07
Pd112,Pd112,2.60E+17,9.55E+13,1.00E+02,8.74E+08,8.74E-01,不稳定,9.16E-06,21.03 小时,7.57E+04
Pa228,Pa228,1.83E+17,9.53E+13,9.99E+01,8.34E+08,8.34E-01,不稳定,8.75E-06,22.00 小时,7.92E+04
Gd153,Gd153,9.70E+13,9.43E+13,2.84E+00,3.15E+06,3.15E-03,不稳定,3.34E-08,240.40 天,2.08E+07
Cu67,Cu67,1.35E+15,9.19E+13,9.32E+01,2.86E+08,2.86E-01,不稳定,3.11E-06,2.58 天,2.23E+05
Eu147,Eu-147,1.22E+14,9.12E+13,2.50E+01,3.04E+07,3.04E-02,不稳定,3.33E-07,24.10 天,2.08E+06
Rh100,Rh100,2.61E+17,8.77E+13,1.00E+02,8.12E+08,8.12E-01,不稳定,9.26E-06,20.80 小时,7.49E+04
Er169,Er169,1.70E+14,8.15E+13,5.22E+01,6.95E+07,6.95E-02,不稳定,8.53E-07,9.40 天,8.12E+05
V49,V-49,7.58E+13,7.42E+13,2.08E+00,1.80E+06,1.80E-03,不稳定,2.43E-08,330.00 天,2.85E+07
Mn54,Mn54,7.57E+13,7.41E+13,2.20E+00,1.90E+06,1.90E-03,不稳定,2.57E-08,312.12 天,2.70E+07
Pd103,Pd103,1.08E+14,7.18E+13,3.35E+01,3.39E+07,3.39E-02,不稳定,4.72E-07,16.99 天,1.47E+06
Tm170,Tm170,7.45E+13,7.06E+13,5.25E+00,4.41E+06,4.41E-03,不稳定,6.24E-08,128.60 天,1.11E+07
I133,I-133,2.05E+17,6.90E+13,1.00E+02,6.39E+08,6.39E-01,不稳定,9.26E-06,20.80 小时,7.49E+04
As73,As73,7.36E+13,6.75E+13,8.27E+00,6.74E+06,6.74E-03,不稳定,9.99E-08,80.30 天,6.94E+06
Gd148,Gd-148,6.56E+13,6.55E+13,2.54E-02,1.93E+04,1.93E-05,不稳定,2.94E-10,74.65 年,2.35E+09
Eu145,Eu-145,2.08E+14,6.46E+13,6.89E+01,8.74E+07,8.74E-02,不稳定,1.35E-06,5.93 天,5.12E+05
Ni57,Ni57,6.72E+15,6.28E+13,9.91E+01,3.40E+08,3.40E-01,不稳定,5.41E-06,1.48 天,1.28E+05
Se75,Se75,6.39E+13,6.03E+13,5.62E+00,4.04E+06,4.04E-03,不稳定,6.70E-08,119.78 天,1.03E+07
Sb119,Sb119,4.21E+15,5.40E+13,9.87E+01,2.72E+08,2.72E-01,不稳定,5.04E-06,1.59 天,1.37E+05
Dy166,Dy166,4.11E+14,5.35E+13,8.70E+01,1.26E+08,1.26E-01,不稳定,2.36E-06,3.40 天,2.94E+05
Dy159,Dy159,5.34E+13,5.09E+13,4.69E+00,2.83E+06,2.83E-03,不稳定,5.56E-08,144.40 天,1.25E+07
Se72,Se72,1.12E+14,4.90E+13,5.62E+01,4.68E+07,4.68E-02,不稳定,9.55E-07,8.40 天,7.26E+05
V48,V-48,7.53E+13,4.88E+13,3.52E+01,2.45E+07,2.45E-02,不稳定,5.02E-07,15.97 天,1.38E+06
Li7,Li7,4.37E+13,4.37E+13,0.00E+00,0.00E+00,0.00E+00,稳定,0.00E+00,稳定,inf
Tm168,Tm168,4.21E+13,3.91E+13,7.17E+00,3.37E+06,3.37E-03,不稳定,8.62E-08,93.10 天,8.04E+06
Tc97m,Tc-97m,4.10E+13,3.80E+13,7.40E+00,3.38E+06,3.38E-03,不稳定,8.90E-08,90.10 天,7.78E+06
Th226,Th-226,2.33E+155,3.69E+13,1.00E+02,1.39E+10,1.39E+01,不稳定,3.78E-04,30.57 分钟,1.83E+03
Xe124,Xe124,3.29E+13,3.29E+13,0.00E+00,0.00E+00,0.00E+00,稳定,0.00E+00,稳定,inf
Nb96,Nb96,3.90E+16,3.14E+13,9.99E+01,2.59E+08,2.59E-01,不稳定,8.25E-06,23.35 小时,8.41E+04
Eu146,Eu-146,1.29E+14,2.87E+13,7.78E+01,5.00E+07,5.00E-02,不稳定,1.74E-06,4.61 天,3.98E+05
Ho166,Ho-166,1.30E+16,2.61E+13,9.98E+01,1.88E+08,1.88E-01,不稳定,7.18E-06,1.12 天,9.65E+04
Ag105,Ag105,2.85E+13,2.41E+13,1.55E+01,4.68E+06,4.68E-03,不稳定,1.94E-07,41.29 天,3.57E+06
Pr144,Pr-144,1.67E+264,2.31E+13,1.00E+02,1.54E+10,1.54E+01,不稳定,6.69E-04,17.28 分钟,1.04E+03
Eu149,Eu149,2.45E+13,2.28E+13,7.17E+00,1.96E+06,1.96E-03,不稳定,8.62E-08,93.10 天,8.04E+06
Be9,Be9,2.19E+13,2.19E+13,0.00E+00,0.00E+00,0.00E+00,稳定,0.00E+00,稳定,inf
Ti44,Ti44,2.19E+13,2.19E+13,3.16E-02,8.01E+03,8.01E-06,不稳定,3.66E-10,60.04 年,1.89E+09
Gd150,Gd-150,2.10E+13,2.10E+13,1.06E-06,2.58E-01,2.58E-10,不稳定,1.23E-14,1791187.78 年,5.65E+13
Tm172,Tm-172,2.40E+14,1.75E+13,9.27E+01,5.31E+07,5.31E-02,不稳定,3.03E-06,2.65 天,2.29E+05
Hf181,Hf-181,2.02E+13,1.72E+13,1.51E+01,3.25E+06,3.25E-03,不稳定,1.89E-07,42.39 天,3.66E+06
Ag112,Ag-112,2.02E+36,1.67E+13,1.00E+02,1.03E+09,1.03E+00,不稳定,6.15E-05,3.13 小时,1.13E+04
Rn220,Rn220,inf,1.62E+13,,2.02E+11,2.02E+02,不稳定,1.25E-02,55.60 秒,5.56E+01
Mn52,Mn52,4.85E+13,1.40E+13,7.11E+01,2.02E+07,2.02E-02,不稳定,1.43E-06,5.59 天,4.83E+05
Te131m,Te-131m,3.58E+15,1.40E+13,9.96E+01,8.98E+07,8.98E-02,不稳定,6.42E-06,1.25 天,1.08E+05
Yb175,Yb-175,6.95E+13,1.33E+13,8.09E+01,2.54E+07,2.54E-02,不稳定,1.92E-06,4.18 天,3.62E+05
Tb156,Tb156,4.29E+13,1.18E+13,7.26E+01,1.76E+07,1.76E-02,不稳定,1.50E-06,5.35 天,4.62E+05
Po218,Po-218,inf,1.10E+13,,4.09E+10,4.09E+01,不稳定,3.73E-03,3.10 分钟,1.86E+02
Lu176,Lu176,1.09E+13,1.09E+13,4.93E-11,6.25E-06,6.25E-15,不稳定,5.71E-19,38525547123.29 年,1.21E+18
Er162,Er162,1.09E+13,1.09E+13,0.00E+00,0.00E+00,0.00E+00,稳定,0.00E+00,稳定,inf
Re187,Re-187,1.09E+13,1.09E+13,4.61E-11,5.84E-06,5.84E-15,不稳定,5.33E-19,41227338739.73 年,1.30E+18
As71,As71,1.35E+14,1.05E+13,9.22E+01,3.11E+07,3.11E-02,不稳定,2.95E-06,2.72 天,2.35E+05
Ca45,Ca-45,1.07E+13,1.03E+13,4.17E+00,5.07E+05,5.07E-04,不稳定,4.93E-08,162.67 天,1.41E+07
W185,W-185,1.05E+13,9.54E+12,8.82E+00,1.02E+06,1.02E-03,不稳定,1.07E-07,75.10 天,6.49E+06
As72,As-72,4.35E+15,7.24E+12,9.98E+01,5.36E+07,5.36E-02,不稳定,7.41E-06,1.08 天,9.36E+04
Nb91m,Nb-91m,8.03E+12,7.16E+12,1.08E+01,9.44E+05,9.44E-04,不稳定,1.32E-07,60.86 天,5.26E+06
Tc96,Tc96,3.26E+13,6.45E+12,8.02E+01,1.21E+07,1.21E-02,不稳定,1.87E-06,4.28 天,3.70E+05
Zr97,Zr97,1.18E+17,5.69E+12,1.00E+02,6.55E+07,6.55E-02,不稳定,1.15E-05,16.74 小时,6.03E+04
Lu177,Lu-177,1.38E+13,4.85E+12,6.48E+01,5.85E+06,5.85E-03,不稳定,1.21E-06,6.65 天,5.74E+05
Ac228,Ac-228,2.60E+24,4.65E+12,1.00E+02,1.46E+08,1.46E-01,不稳定,3.13E-05,6.15 小时,2.21E+04
Cs129,Cs129,7.29E+14,4.06E+12,9.94E+01,2.44E+07,2.44E-02,不稳定,6.01E-06,1.34 天,1.15E+05
As76,As76,2.13E+15,3.43E+12,9.98E+01,2.55E+07,2.55E-02,不稳定,7.44E-06,1.08 天,9.31E+04
In111,In111,4.06E+13,3.43E+12,9.16E+01,9.80E+06,9.80E-03,不稳定,2.86E-06,2.80 天,2.42E+05
Ta183,Ta-183,1.20E+13,3.09E+12,7.43E+01,4.86E+06,4.86E-03,不稳定,1.57E-06,5.10 天,4.41E+05
Rn219,Rn219,inf,2.29E+12,,4.00E+11,4.00E+02,不稳定,1.75E-01,3.96 秒,3.96E+00
Er172,Er172,5.64E+13,1.93E+12,9.66E+01,7.54E+06,7.54E-03,不稳定,3.91E-06,2.05 天,1.77E+05
Sc47,Sc-47,1.42E+13,1.79E+12,8.74E+01,4.28E+06,4.28E-03,不稳定,2.40E-06,3.35 天,2.89E+05
Nd140,Nd140,1.39E+13,1.78E+12,8.72E+01,4.24E+06,4.24E-03,不稳定,2.38E-06,3.37 天,2.91E+05
Gd149,Gd-149,3.71E+12,1.76E+12,5.26E+01,1.52E+06,1.52E-03,不稳定,8.64E-07,9.28 天,8.02E+05
Ge69,Ge-69,1.22E+14,1.73E+12,9.86E+01,8.53E+06,8.53E-03,不稳定,4.93E-06,1.63 天,1.41E+05
Ga67,Ga67,1.36E+13,1.63E+12,8.81E+01,4.00E+06,4.00E-03,不稳定,2.46E-06,3.26 天,2.82E+05
Rh106,Rh-106,inf,1.49E+12,,3.47E+10,3.47E+01,不稳定,2.33E-02,29.80 秒,2.98E+01
Tc95,Tc95,5.55E+15,1.35E+12,1.00E+02,1.30E+07,1.30E-02,不稳定,9.63E-06,20.00 小时,7.20E+04
Ca47,Ca47,5.61E+12,1.22E+12,7.83E+01,2.15E+06,2.15E-03,不稳定,1.77E-06,4.54 天,3.92E+05
Ce134,Ce-134,8.90E+12,9.93E+11,8.88E+01,2.52E+06,2.52E-03,不稳定,2.54E-06,3.16 天,2.73E+05
Pd109,Pd-109,1.85E+17,9.84E+11,1.00E+02,1.38E+07,1.38E-02,不稳定,1.41E-05,13.70 小时,4.93E+04
Pr142,Pr142,3.72E+15,6.19E+11,1.00E+02,6.23E+06,6.23E-03,不稳定,1.01E-05,19.12 小时,6.88E+04
Br77,Br77,1.07E+13,5.77E+11,9.46E+01,1.95E+06,1.95E-03,不稳定,3.38E-06,2.38 天,2.05E+05
Nb97,Nb-97,5.83E+71,4.40E+11,1.00E+02,7.05E+07,7.05E-02,不稳定,1.60E-04,1.20 小时,4.33E+03
Kr83m,Kr-83m,1.22E+51,4.06E+11,1.00E+02,4.27E+07,4.27E-02,不稳定,1.05E-04,1.83 小时,6.59E+03
Gd147,Gd147,3.05E+13,3.87E+11,9.87E+01,1.96E+06,1.96E-03,不稳定,5.05E-06,1.59 天,1.37E+05
Ba137m,Ba-137m,inf,3.10E+11,,1.41E+09,1.41E+00,不稳定,4.53E-03,2.55 分钟,1.53E+02
Ac224,Ac224,2.68E+37,2.76E+11,1.00E+02,1.91E+07,1.91E-02,不稳定,6.93E-05,2.78 小时,1.00E+04
Sr87m,Sr-87m,1.16E+37,2.51E+11,1.00E+02,1.72E+07,1.72E-02,不稳定,6.84E-05,2.81 小时,1.01E+04
La135,La135,1.23E+15,2.43E+11,1.00E+02,2.40E+06,2.40E-03,不稳定,9.87E-06,19.50 小时,7.02E+04
Gd159,Gd-159,1.97E+15,2.42E+11,1.00E+02,2.52E+06,2.52E-03,不稳定,1.04E-05,18.48 小时,6.65E+04
Bi210,Bi-210,9.52E+11,2.39E+11,7.49E+01,3.82E+05,3.82E-04,不稳定,1.60E-06,5.01 天,4.33E+05
Ga68,Ga68,2.13E+75,2.03E+11,1.00E+02,3.46E+07,3.46E-02,不稳定,1.71E-04,1.13 小时,4.06E+03
Cu66,Cu-66,inf,1.76E+11,,3.96E+08,3.96E-01,不稳定,2.26E-03,5.12 分钟,3.07E+02
Pr144m,Pr-144m,inf,9.49E+10,,1.52E+08,1.52E-01,不稳定,1.60E-03,7.20 分钟,4.32E+02
Sr83,Sr83,1.49E+13,8.80E+10,9.94E+01,5.23E+05,5.23E-04,不稳定,5.94E-06,1.35 天,1.17E+05
I130,I130,5.95E+16,8.50E+10,1.00E+02,1.32E+06,1.32E-03,不稳定,1.56E-05,12.36 小时,4.45E+04
Te123m,Te-123m,8.11E+10,7.65E+10,5.65E+00,5.15E+03,5.15E-06,不稳定,6.73E-08,119.25 天,1.03E+07
Eu157,Eu-157,3.81E+15,6.63E+10,1.00E+02,8.41E+05,8.41E-04,不稳定,1.27E-05,15.18 小时,5.46E+04
Sc48,Sc48,2.81E+12,6.23E+10,9.78E+01,2.75E+05,2.75E-04,不稳定,4.41E-06,1.82 天,1.57E+05
Nb93m,Nb-93m,4.92E+10,4.92E+10,1.18E-01,6.70E+01,6.70E-08,不稳定,1.36E-09,16.14 年,5.09E+08
Fr223,Fr-223,5.15E+207,4.72E+10,1.00E+02,2.48E+07,2.48E-02,不稳定,5.25E-04,22.00 分钟,1.32E+03
Te131,Te-131,1.07E+184,4.32E+10,1.00E+02,2.00E+07,2.00E-02,不稳定,4.62E-04,25.00 分钟,1.50E+03
Cd113,Cd-113,3.82E+10,3.82E+10,0.00E+00,1.09E-13,1.09E-22,不稳定,2.85E-24,7705109424657535.00 年,2.43E+23
Te121m,Te-121m,3.07E+10,2.93E+10,4.40E+00,1.53E+03,1.53E-06,不稳定,5.21E-08,154.00 天,1.33E+07
Kr79,Kr-79,2.31E+12,2.00E+10,9.91E+01,1.10E+05,1.10E-04,不稳定,5.49E-06,1.46 天,1.26E+05
Co55,Co55,2.43E+14,1.84E+10,1.00E+02,2.02E+05,2.02E-04,不稳定,1.10E-05,17.53 小时,6.31E+04
Y93,Y-93,1.31E+17,1.05E+10,1.00E+02,1.98E+05,1.98E-04,不稳定,1.89E-05,10.18 小时,3.66E+04
Ge77,Ge77,1.40E+16,5.68E+09,1.00E+02,9.67E+04,9.67E-05,不稳定,1.70E-05,11.30 小时,4.07E+04
Cr48,Cr48,1.14E+13,5.06E+09,1.00E+02,4.52E+04,4.52E-05,不稳定,8.93E-06,21.56 小时,7.76E+04
Te123,Te123,3.67E+09,3.67E+09,0.00E+00,1.34E-13,1.34E-22,不稳定,3.66E-23,600398136986301.50 年,1.89E+22
Xe135,Xe-135,1.71E+17,2.13E+09,1.00E+02,4.49E+04,4.49E-05,不稳定,2.11E-05,9.14 小时,3.29E+04
Sr91,Sr91,5.42E+16,1.70E+09,1.00E+02,3.41E+04,3.41E-05,不稳定,2.00E-05,9.63 小时,3.47E+04
Pb212,Pb-212,9.88E+15,1.60E+09,1.00E+02,2.90E+04,2.90E-05,不稳定,1.81E-05,10.64 小时,3.83E+04
W187,W187,1.56E+12,1.40E+09,9.99E+01,1.14E+04,1.14E-05,不稳定,8.12E-06,23.72 小时,8.54E+04
La134,La134,inf,1.40E+09,,2.51E+06,2.51E-03,不稳定,1.79E-03,6.45 分钟,3.87E+02
Pr140,Pr140,inf,1.24E+09,,4.24E+06,4.24E-03,不稳定,3.41E-03,3.39 分钟,2.03E+02
Y87m,Y-87m,3.09E+14,1.22E+09,1.00E+02,1.76E+04,1.76E-05,不稳定,1.44E-05,13.37 小时,4.81E+04
Xe125,Xe125,2.00E+13,1.06E+09,1.00E+02,1.21E+04,1.21E-05,不稳定,1.14E-05,16.90 小时,6.08E+04
Ce135,Ce135,9.32E+12,7.72E+08,1.00E+02,8.40E+03,8.40E-06,不稳定,1.09E-05,17.70 小时,6.37E+04
Nb90,Nb90,6.82E+13,7.68E+08,1.00E+02,1.01E+04,1.01E-05,不稳定,1.32E-05,14.60 小时,5.26E+04
I123,I123,1.49E+14,5.36E+08,1.00E+02,7.78E+03,7.78E-06,不稳定,1.45E-05,13.27 小时,4.78E+04
Fr222,Fr222,inf,4.52E+08,,3.68E+05,3.68E-04,不稳定,8.14E-04,14.20 分钟,8.52E+02
Sb128,Sb-128,3.98E+16,3.81E+08,1.00E+02,8.14E+03,8.14E-06,不稳定,2.14E-05,9.01 小时,3.24E+04
Te119,Te119,9.49E+12,2.99E+08,1.00E+02,3.59E+03,3.59E-06,不稳定,1.20E-05,16.05 小时,5.78E+04
Sc44,Sc-44,2.61E+26,1.65E+08,1.00E+02,8.01E+03,8.01E-06,不稳定,4.85E-05,3.97 小时,1.43E+04
Cu64,Cu64,7.68E+13,1.57E+08,1.00E+02,2.38E+03,2.38E-06,不稳定,1.52E-05,12.70 小时,4.57E+04
Sb126m,Sb-126m,2.65E+234,1.15E+08,1.00E+02,6.95E+04,6.95E-05,不稳定,6.03E-04,19.15 分钟,1.15E+03
Y91m,Y-91m,1.49E+95,9.34E+07,1.00E+02,2.17E+04,2.17E-05,不稳定,2.32E-04,49.71 分钟,2.98E+03
Sm156,Sm156,2.27E+15,4.68E+07,1.00E+02,9.58E+02,9.58E-07,不稳定,2.05E-05,9.40 小时,3.38E+04
Na24,Na24,2.42E+11,3.59E+06,1.00E+02,4.62E+01,4.62E-08,不稳定,1.29E-05,14.96 小时,5.39E+04
Cd111m,Cd-111m,4.97E+95,2.08E+06,1.00E+02,4.96E+02,4.96E-07,不稳定,2.38E-04,48.50 分钟,2.91E+03
Ce137,Ce137,1.42E+14,1.34E+06,1.00E+02,2.86E+01,2.86E-08,不稳定,2.14E-05,9.00 小时,3.24E+04
Zn62,Zn62,6.16E+13,8.41E+05,1.00E+02,1.76E+01,1.76E-08,不稳定,2.10E-05,9.19 小时,3.31E+04
Bi212,Bi-212,1.07E+77,2.74E+05,1.00E+02,5.22E+01,5.22E-08,不稳定,1.91E-04,1.01 小时,3.63E+03
I135,I135,2.56E+16,2.58E+05,1.00E+02,7.55E+00,7.55E-09,不稳定,2.93E-05,6.57 小时,2.37E+04
Ga66,Ga66,9.37E+12,2.28E+05,1.00E+02,4.63E+00,4.63E-09,不稳定,2.03E-05,9.49 小时,3.42E+04
Er165,Er165,2.05E+12,2.18E+05,1.00E+02,4.05E+00,4.05E-09,不稳定,1.86E-05,10.36 小时,3.73E+04
Pd101,Pd101,5.93E+13,1.75E+05,1.00E+02,3.98E+00,3.98E-09,不稳定,2.27E-05,8.47 小时,3.05E+04
Fe52,Fe52,2.29E+13,4.26E+04,1.00E+02,9.92E-01,9.92E-10,不稳定,2.33E-05,8.28 小时,2.98E+04
Pr145,Pr-145,2.40E+16,2.03E+04,1.00E+02,6.53E-01,6.53E-10,不稳定,3.22E-05,5.98 小时,2.15E+04
Tm173,Tm-173,9.77E+12,1.67E+04,1.00E+02,3.90E-01,3.90E-10,不稳定,2.34E-05,8.24 小时,2.97E+04
Cu62,Cu62,inf,1.50E+04,,1.79E+01,1.79E-08,不稳定,1.19E-03,9.67 分钟,5.80E+02
Co60m,Co-60m,inf,6.83E+03,,7.54E+00,7.54E-09,不稳定,1.10E-03,10.47 分钟,6.28E+02
Ta184,Ta184,5.73E+11,2.84E+03,1.00E+02,6.29E-02,6.29E-11,不稳定,2.21E-05,8.70 小时,3.13E+04
Mn52m,Mn-52m,5.24E+208,1.89E+03,1.00E+02,1.04E+00,1.04E-09,不稳定,5.48E-04,21.10 分钟,1.27E+03
Er171,Er171,7.42E+12,1.81E+03,1.00E+02,4.64E-02,4.64E-11,不稳定,2.56E-05,7.52 小时,2.71E+04
Xe135m,Xe-135m,5.54E+286,1.72E+03,1.00E+02,1.30E+00,1.30E-09,不稳定,7.56E-04,15.29 分钟,9.17E+02
Ag113,Ag113,3.89E+16,1.37E+03,1.00E+02,4.91E-02,4.91E-11,不稳定,3.59E-05,5.37 小时,1.93E+04
Se73,Se73,4.71E+11,3.70E+01,1.00E+02,9.96E-04,9.96E-13,不稳定,2.69E-05,7.15 小时,2.57E+04
Hg206,Hg-206,inf,5.93E+00,,8.40E-03,8.40E-12,不稳定,1.42E-03,8.15 分钟,4.89E+02
Cs127,Cs127,2.06E+12,5.67E+00,1.00E+02,1.75E-04,1.75E-13,不稳定,3.08E-05,6.25 小时,2.25E+04
Ru105,Ru-105,7.39E+16,3.95E+00,1.00E+02,1.71E-04,1.71E-13,不稳定,4.34E-05,4.44 小时,1.60E+04
Kr85m,Kr-85m,3.92E+16,2.93E+00,1.00E+02,1.26E-04,1.26E-13,不稳定,4.30E-05,4.48 小时,1.61E+04
Ga73,Ga73,1.58E+15,2.15E+00,1.00E+02,8.50E-05,8.50E-14,不稳定,3.96E-05,4.86 小时,1.75E+04
Mo90,Mo90,1.50E+13,1.52E+00,1.00E+02,5.25E-05,5.25E-14,不稳定,3.46E-05,5.56 小时,2.00E+04
Sb129,Sb-129,2.04E+16,7.76E-01,1.00E+02,3.40E-05,3.40E-14,不稳定,4.38E-05,4.40 小时,1.58E+04
Rh99m,Rh-99m,6.20E+14,2.63E-01,1.00E+02,1.08E-05,1.08E-14,不稳定,4.10E-05,4.70 小时,1.69E+04
La141,La-141,3.52E+16,1.31E-02,1.00E+02,6.42E-07,6.42E-16,不稳定,4.91E-05,3.92 小时,1.41E+04
Tc94,Tc94,7.07E+12,1.13E-02,1.00E+02,4.47E-07,4.47E-16,不稳定,3.94E-05,4.88 小时,1.76E+04
Rb81,Rb81,2.71E+13,4.42E-03,1.00E+02,1.86E-07,1.86E-16,不稳定,4.21E-05,4.58 小时,1.65E+04
Pr139,Pr139,3.26E+13,1.35E-03,1.00E+02,5.91E-08,5.91E-17,不稳定,4.37E-05,4.41 小时,1.59E+04
Y92,Y-92,1.35E+17,5.25E-04,1.00E+02,2.86E-08,2.86E-17,不稳定,5.44E-05,3.54 小时,1.27E+04
Y85m,Y-85m,3.18E+11,4.34E-04,1.00E+02,1.72E-08,1.72E-17,不稳定,3.96E-05,4.86 小时,1.75E+04
Lu179,Lu-179,1.84E+12,3.35E-04,1.00E+02,1.41E-08,1.41E-17,不稳定,4.19E-05,4.59 小时,1.65E+04
La132,La132,3.16E+11,2.81E-04,1.00E+02,1.13E-08,1.13E-17,不稳定,4.01E-05,4.80 小时,1.73E+04
Sr85m,Sr-85m,6.36E+58,5.10E-06,1.00E+02,8.71E-10,8.71E-19,不稳定,1.71E-04,1.13 小时,4.06E+03
Kr81m,Kr-81m,inf,3.10E-06,,1.64E-07,1.64E-16,不稳定,5.29E-02,13.10 秒,1.31E+01
La133,La133,7.23E+12,2.46E-06,1.00E+02,1.21E-10,1.21E-19,不稳定,4.92E-05,3.91 小时,1.41E+04
Cd117m,Cd-117m,4.77E+15,1.50E-06,1.00E+02,8.60E-11,8.60E-20,不稳定,5.73E-05,3.36 小时,1.21E+04
Tb149,Tb-149,1.56E+11,4.46E-07,1.00E+02,2.09E-11,2.09E-20,不稳定,4.68E-05,4.12 小时,1.48E+04
In117,In-117,8.88E+93,4.03E-07,1.00E+02,1.08E-10,1.08E-19,不稳定,2.67E-04,43.20 分钟,2.59E+03
Pb209,Pb-209,2.31E+15,1.42E-07,1.00E+02,8.43E-12,8.43E-21,不稳定,5.92E-05,3.25 小时,1.17E+04
Cu61,Cu61,2.59E+14,5.46E-08,1.00E+02,3.15E-12,3.15E-21,不稳定,5.78E-05,3.33 小时,1.20E+04
In117m,In-117m,4.09E+29,2.03E-08,1.00E+02,2.01E-12,2.01E-21,不稳定,9.94E-05,1.94 小时,6.97E+03
Kr88,Kr88,2.61E+16,9.51E-10,1.00E+02,6.45E-14,6.45E-23,不稳定,6.78E-05,2.84 小时,1.02E+04
Tb150,Tb-150,4.55E+11,7.90E-10,1.00E+02,4.37E-14,4.37E-23,不稳定,5.53E-05,3.48 小时,1.25E+04
Rb88,Rb-88,7.05E+233,1.11E-10,1.00E+02,7.20E-14,7.20E-23,不稳定,6.50E-04,17.78 分钟,1.07E+03
Ho167,Ho-167,2.02E+13,9.97E-11,1.00E+02,6.19E-15,6.19E-24,不稳定,6.21E-05,3.10 小时,1.12E+04
Sr92,Sr92,2.32E+16,1.60E-11,1.00E+02,1.16E-15,1.16E-24,不稳定,7.24E-05,2.66 小时,9.58E+03
Pm150,Pm150,6.52E+14,7.18E-13,1.00E+02,5.16E-17,5.16E-26,不稳定,7.18E-05,2.68 小时,9.65E+03
Cd117,Cd-117,3.89E+16,3.75E-13,1.00E+02,2.90E-17,2.90E-26,不稳定,7.73E-05,2.49 小时,8.96E+03
Tc93,Tc93,2.46E+13,1.32E-13,1.00E+02,9.21E-18,9.21E-27,不稳定,7.00E-05,2.75 小时,9.90E+03
Sb117,Sb117,6.99E+12,1.10E-13,1.00E+02,7.57E-18,7.57E-27,不稳定,6.88E-05,2.80 小时,1.01E+04
Fr220,Fr220,inf,5.54E-14,,1.40E-15,1.40E-24,不稳定,2.53E-02,27.40 秒,2.74E+01
Br83,Br-83,2.01E+16,1.59E-14,1.00E+02,1.28E-18,1.28E-27,不稳定,8.02E-05,2.40 小时,8.64E+03
Ni65,Ni65,3.33E+13,6.62E-16,1.00E+02,5.06E-20,5.06E-29,不稳定,7.65E-05,2.52 小时,9.06E+03
Mn56,Mn-56,4.39E+12,4.25E-16,1.00E+02,3.17E-20,3.17E-29,不稳定,7.47E-05,2.58 小时,9.28E+03
Nd141,Nd141,3.28E+12,3.17E-17,1.00E+02,2.45E-21,2.45E-30,不稳定,7.73E-05,2.49 小时,8.96E+03
Y85,Y-85,5.86E+09,6.45E-18,1.00E+02,4.64E-22,4.64E-31,不稳定,7.18E-05,2.68 小时,9.65E+03
Dy165,Dy-165,2.84E+13,3.16E-18,1.00E+02,2.60E-22,2.60E-31,不稳定,8.25E-05,2.33 小时,8.40E+03
Ho161,Ho161,1.63E+11,1.20E-18,1.00E+02,9.35E-23,9.35E-32,不稳定,7.76E-05,2.48 小时,8.93E+03
Sn127,Sn127,4.05E+15,1.60E-19,1.00E+02,1.47E-23,1.47E-32,不稳定,9.17E-05,2.10 小时,7.56E+03
Nb89,Nb89,2.99E+13,7.68E-23,1.00E+02,7.28E-27,7.28E-36,不稳定,9.48E-05,2.03 小时,7.31E+03
I121,I121,1.40E+11,1.16E-23,1.00E+02,1.06E-27,1.06E-36,不稳定,9.08E-05,2.12 小时,7.63E+03
Zr89m,Zr-89m,inf,3.28E-26,,9.11E-29,9.11E-38,不稳定,2.78E-03,4.16 分钟,2.50E+02
Yb177,Yb177,2.52E+11,3.93E-27,1.00E+02,3.96E-31,3.96E-40,不稳定,1.01E-04,1.91 小时,6.88E+03
Nd149,Nd149,1.36E+15,2.10E-27,1.00E+02,2.34E-31,2.34E-40,不稳定,1.11E-04,1.73 小时,6.22E+03
Zr87,Zr-87,3.54E+13,3.50E-30,1.00E+02,4.01E-34,4.01E-43,不稳定,1.15E-04,1.68 小时,6.05E+03
Ru95,Ru95,3.27E+14,3.48E-30,1.00E+02,4.08E-34,4.08E-43,不稳定,1.17E-04,1.64 小时,5.91E+03
As78,As-78,1.42E+17,2.29E-31,1.00E+02,2.91E-35,2.91E-44,不稳定,1.27E-04,1.51 小时,5.44E+03
Co61,Co-61,1.14E+13,1.87E-31,1.00E+02,2.18E-35,2.18E-44,不稳定,1.17E-04,1.65 小时,5.94E+03
La142,La-142,1.33E+16,3.48E-32,1.00E+02,4.41E-36,4.41E-45,不稳定,1.27E-04,1.52 小时,5.47E+03
Tb147,Tb147,7.55E+11,6.68E-33,1.00E+02,7.84E-37,7.84E-46,不稳定,1.17E-04,1.64 小时,5.90E+03
Ra230,Ra230,4.82E+13,1.18E-33,1.00E+02,1.47E-37,1.47E-46,不稳定,1.24E-04,1.55 小时,5.58E+03
Br75,Br-75,3.33E+11,4.96E-34,1.00E+02,5.93E-38,5.93E-47,不稳定,1.19E-04,1.61 小时,5.80E+03
Ge78,Ge78,4.21E+15,2.32E-34,1.00E+02,3.04E-38,3.04E-47,不稳定,1.31E-04,1.47 小时,5.28E+03
Ac230,Ac-230,inf,2.64E-35,,1.50E-37,1.50E-46,不稳定,5.68E-03,2.03 分钟,1.22E+02
Ba139,Ba-139,1.50E+16,9.69E-37,1.00E+02,1.35E-40,1.35E-49,不稳定,1.39E-04,1.38 小时,4.98E+03
Ge75,Ge75,3.73E+14,1.61E-38,1.00E+02,2.25E-42,2.25E-51,不稳定,1.40E-04,1.38 小时,4.97E+03
Kr87,Kr87,8.08E+15,1.24E-41,1.00E+02,1.88E-45,1.88E-54,不稳定,1.51E-04,1.27 小时,4.58E+03
Pr137,Pr137,1.68E+11,6.07E-46,1.00E+02,9.13E-50,9.13E-59,不稳定,1.50E-04,1.28 小时,4.61E+03
Sm142,Sm-142,3.97E+13,6.30E-47,1.00E+02,1.00E-50,1.00E-59,不稳定,1.59E-04,1.21 小时,4.35E+03
Er163,Er163,8.23E+10,1.31E-47,1.00E+02,2.02E-51,2.02E-60,不稳定,1.54E-04,1.25 小时,4.50E+03
Yb178,Yb178,1.62E+11,4.28E-48,1.00E+02,6.68E-52,6.68E-61,不稳定,1.56E-04,1.23 小时,4.44E+03
Lu178,Lu-178,1.15E+105,2.67E-48,1.00E+02,1.08E-51,1.08E-60,不稳定,4.07E-04,28.40 分钟,1.70E+03
Pm142,Pm-142,inf,5.92E-49,,1.01E-50,1.01E-59,不稳定,1.71E-02,40.50 秒,4.05E+01
Ag103,Ag-103,1.62E+11,1.70E-55,1.00E+02,2.99E-59,2.99E-68,不稳定,1.76E-04,1.09 小时,3.94E+03
Hf183,Hf183,7.02E+10,1.37E-57,1.00E+02,2.47E-61,2.47E-70,不稳定,1.80E-04,1.07 小时,3.84E+03
Sn128,Sn128,1.42E+15,5.88E-59,1.00E+02,1.15E-62,1.15E-71,不稳定,1.96E-04,59.07 分钟,3.54E+03
Sb128m,Sb-128m,inf,1.26E-59,,1.39E-62,1.39E-71,不稳定,1.11E-03,10.40 分钟,6.24E+02
Tl208,Tl-208,inf,1.62E-60,,6.14E-63,6.14E-72,不稳定,3.78E-03,3.05 分钟,1.83E+02
Tb148,Tb148,4.09E+11,2.32E-61,1.00E+02,4.46E-65,4.46E-74,不稳定,1.93E-04,1.00 小时,3.60E+03
Zn69,Zn-69,1.73E+14,2.40E-63,1.00E+02,4.92E-67,4.92E-76,不稳定,2.05E-04,56.40 分钟,3.38E+03
Te133m,Te-133m,5.54E+13,3.15E-65,1.00E+02,6.56E-69,6.56E-78,不稳定,2.09E-04,55.40 分钟,3.32E+03
Sc49,Sc49,1.25E+11,2.06E-65,1.00E+02,4.17E-69,4.17E-78,不稳定,2.02E-04,57.20 分钟,3.43E+03
Te133,Te-133,inf,1.53E-66,,1.42E-69,1.42E-78,不稳定,9.24E-04,12.50 分钟,7.50E+02
Tc94m,Tc-94m,8.04E+16,3.49E-67,1.00E+02,7.76E-71,7.76E-80,不稳定,2.22E-04,52.00 分钟,3.12E+03
I134,I-134,9.48E+15,2.56E-67,1.00E+02,5.64E-71,5.64E-80,不稳定,2.20E-04,52.50 分钟,3.15E+03
Cd105,Cd-105,6.70E+10,5.26E-68,1.00E+02,1.09E-71,1.09E-80,不稳定,2.08E-04,55.50 分钟,3.33E+03
Ag105m,Ag-105m,inf,5.94E-69,,9.49E-72,9.49E-81,不稳定,1.60E-03,7.23 分钟,4.34E+02
Po212,Po-212,,4.48E-69,0.00E+00,1.04E-62,1.04E-71,不稳定,2.32E+06,2.99e-07 秒,2.99E-07
Ru94,Ru94,5.97E+14,1.24E-69,1.00E+02,2.76E-73,2.76E-82,不稳定,2.23E-04,51.80 分钟,3.11E+03
As70,As70,2.02E+13,7.84E-70,1.00E+02,1.72E-73,1.72E-82,不稳定,2.20E-04,52.60 分钟,3.16E+03
Cd118,Cd118,9.61E+15,6.35E-71,1.00E+02,1.46E-74,1.46E-83,不稳定,2.30E-04,50.30 分钟,3.02E+03
In118,In-118,inf,1.05E-73,,1.46E-74,1.46E-83,不稳定,1.39E-01,5.00 秒,5.00E+00
Nd136,Nd-136,8.06E+11,2.10E-74,1.00E+02,4.79E-78,4.79E-87,不稳定,2.28E-04,50.65 分钟,3.04E+03
Pr136,Pr-136,inf,7.07E-75,,6.23E-78,6.23E-87,不稳定,8.82E-04,13.10 分钟,7.86E+02
Ta185,Ta185,5.42E+10,9.64E-78,1.00E+02,2.26E-81,2.26E-90,不稳定,2.34E-04,49.40 分钟,2.96E+03
Bi213,Bi-213,8.01E+15,6.62E-80,1.00E+02,1.68E-83,1.68E-92,不稳定,2.53E-04,45.59 分钟,2.74E+03
Eu158,Eu158,6.35E+13,2.30E-81,1.00E+02,5.79E-85,5.79E-94,不稳定,2.52E-04,45.90 分钟,2.75E+03
Rh97m,Rh-97m,5.86E+12,8.72E-82,1.00E+02,2.18E-85,2.18E-94,不稳定,2.50E-04,46.20 分钟,2.77E+03
Mn51,Mn51,1.42E+12,2.12E-82,1.00E+02,5.29E-86,5.29E-95,不稳定,2.50E-04,46.20 分钟,2.77E+03
Rh97,Rh97,1.43E+59,9.02E-83,1.00E+02,3.40E-86,3.40E-95,不稳定,3.76E-04,30.70 分钟,1.84E+03
Tl209,Tl-209,inf,2.74E-85,,1.46E-87,1.46E-96,不稳定,5.35E-03,2.16 分钟,1.30E+02
Ra227,Ra-227,1.90E+14,3.62E-89,1.00E+02,9.90E-93,9.90E-102,不稳定,2.74E-04,42.20 分钟,2.53E+03
Te134,Te134,8.53E+14,1.68E-89,1.00E+02,4.66E-93,4.66E-102,不稳定,2.76E-04,41.80 分钟,2.51E+03
Po213,Po-213,,3.96E-91,0.00E+00,6.54E-86,6.54E-95,不稳定,1.65E+05,4.20e-06 秒,4.20E-06
Cr49,Cr49,3.25E+11,1.08E-91,1.00E+02,2.95E-95,2.95E-104,不稳定,2.73E-04,42.30 分钟,2.54E+03
Se70,Se70,3.43E+12,1.16E-93,1.00E+02,3.26E-97,3.26E-106,不稳定,2.81E-04,41.10 分钟,2.47E+03
Sb130,Sb130,1.33E+15,2.41E-95,1.00E+02,7.06E-99,7.06E-108,不稳定,2.92E-04,39.50 分钟,2.37E+03
Pa227,Pa227,3.59E+15,2.37E-98,1.00E+02,7.14E-102,7.14E-111,不稳定,3.02E-04,38.30 分钟,2.30E+03
Ac223,Ac223,inf,1.17E-99,,6.42E-102,6.42E-111,不稳定,5.50E-03,2.10 分钟,1.26E+02
Zn63,Zn63,4.22E+11,8.80E-102,1.00E+02,2.64E-105,2.64E-114,不稳定,3.00E-04,38.47 分钟,2.31E+03
Pb211,Pb-211,5.21E+14,4.35E-106,1.00E+02,1.39E-109,1.39E-118,不稳定,3.20E-04,36.10 分钟,2.17E+03
Bi211,Bi-211,,5.18E-110,0.00E+00,2.80E-112,2.80E-121,不稳定,5.40E-03,2.14 分钟,1.28E+02
Cs138,Cs-138,5.37E+15,9.62E-115,1.00E+02,3.33E-118,3.33E-127,不稳定,3.46E-04,33.41 分钟,2.00E+03
Br84,Br-84,7.10E+15,3.44E-121,1.00E+02,1.25E-124,1.25E-133,不稳定,3.63E-04,31.80 分钟,1.91E+03
V47,V47,1.43E+11,1.53E-122,1.00E+02,5.41E-126,5.41E-135,不稳定,3.54E-04,32.60 分钟,1.96E+03
Sb115,Sb115,3.52E+10,3.20E-125,1.00E+02,1.15E-128,1.15E-137,不稳定,3.60E-04,32.10 分钟,1.93E+03
Ra222,Ra-222,inf,5.22E-128,,9.52E-130,9.52E-139,不稳定,1.82E-02,38.00 秒,3.80E+01
Rb81m,Rb-81m,1.47E+10,1.10E-132,1.00E+02,4.17E-136,4.17E-145,不稳定,3.79E-04,30.50 分钟,1.83E+03
Cs130,Cs130,3.76E+13,1.49E-135,1.00E+02,5.88E-139,5.88E-148,不稳定,3.95E-04,29.21 分钟,1.75E+03
Nd139,Nd-139,1.14E+11,1.27E-135,1.00E+02,4.92E-139,4.92E-148,不稳定,3.89E-04,29.70 分钟,1.78E+03
Ho164,Ho164,4.14E+11,1.38E-138,1.00E+02,5.49E-142,5.49E-151,不稳定,3.98E-04,29.00 分钟,1.74E+03
Pb214,Pb-214,2.68E+14,4.79E-148,1.00E+02,2.06E-151,2.06E-160,不稳定,4.31E-04,26.80 分钟,1.61E+03
Bi214,Bi-214,4.10E+67,6.05E-151,1.00E+02,3.51E-154,3.51E-163,不稳定,5.81E-04,19.90 分钟,1.19E+03
I128,I128,8.98E+14,3.09E-159,1.00E+02,1.43E-162,1.43E-171,不稳定,4.62E-04,24.99 分钟,1.50E+03
Br74,Br74,6.38E+11,1.39E-159,1.00E+02,6.31E-163,6.31E-172,不稳定,4.55E-04,25.40 分钟,1.52E+03
Pr146,Pr146,5.62E+14,1.79E-165,1.00E+02,8.57E-169,8.57E-178,不稳定,4.78E-04,24.15 分钟,1.45E+03
Rn223,Rn223,2.67E+10,1.09E-168,1.00E+02,5.18E-172,5.18E-181,不稳定,4.75E-04,24.30 分钟,1.46E+03
Cu60,Cu60,8.39E+13,1.05E-169,1.00E+02,5.10E-173,5.10E-182,不稳定,4.87E-04,23.70 分钟,1.42E+03
Pd111,Pd111,2.75E+15,1.55E-170,1.00E+02,7.65E-174,7.65E-183,不稳定,4.94E-04,23.40 分钟,1.40E+03
Ag106,Ag106,5.26E+10,6.33E-171,1.00E+02,3.05E-174,3.05E-183,不稳定,4.82E-04,23.96 分钟,1.44E+03
Ag111m,Ag-111m,inf,7.48E-172,,8.00E-174,8.00E-183,不稳定,1.07E-02,1.08 分钟,6.48E+01
Sb131,Sb131,5.54E+14,3.29E-174,1.00E+02,1.65E-177,1.65E-186,不稳定,5.02E-04,23.03 分钟,1.38E+03
Gd145,Gd145,8.08E+11,2.73E-177,1.00E+02,1.37E-180,1.37E-189,不稳定,5.02E-04,23.00 分钟,1.38E+03
Rb79,Rb-79,2.79E+10,1.42E-179,1.00E+02,7.14E-183,7.14E-192,不稳定,5.04E-04,22.90 分钟,1.37E+03
Se83,Se83,1.81E+15,7.41E-180,1.00E+02,3.84E-183,3.84E-192,不稳定,5.18E-04,22.30 分钟,1.34E+03
Th233,Th233,1.77E+15,7.24E-180,1.00E+02,3.75E-183,3.75E-192,不稳定,5.18E-04,22.30 分钟,1.34E+03
Sm155,Sm155,7.71E+13,3.16E-181,1.00E+02,1.64E-184,1.64E-193,不稳定,5.18E-04,22.30 分钟,1.34E+03
Sr81,Sr-81,2.12E+12,8.68E-183,1.00E+02,4.50E-186,4.50E-195,不稳定,5.18E-04,22.30 分钟,1.34E+03
Rh107,Rh-107,5.62E+15,9.72E-185,1.00E+02,5.17E-188,5.17E-197,不稳定,5.32E-04,21.70 分钟,1.30E+03
K44,K-44,1.05E+11,1.38E-185,1.00E+02,7.20E-189,7.20E-198,不稳定,5.22E-04,22.13 分钟,1.33E+03
Pd99,Pd99,4.55E+13,1.25E-189,1.00E+02,6.73E-193,6.73E-202,不稳定,5.40E-04,21.40 分钟,1.28E+03
At219,At-219,inf,2.60E-190,,3.22E-192,3.22E-201,不稳定,1.24E-02,56.00 秒,5.60E+01
Ga70,Ga70,2.16E+12,1.91E-193,1.00E+02,1.04E-196,1.04E-205,不稳定,5.46E-04,21.14 分钟,1.27E+03
Ag115,Ag115,3.94E+15,7.14E-202,1.00E+02,4.12E-205,4.12E-214,不稳定,5.78E-04,20.00 分钟,1.20E+03
Tb163,Tb163,5.27E+12,2.65E-210,1.00E+02,1.57E-213,1.57E-222,不稳定,5.92E-04,19.50 分钟,1.17E+03
Y94,Y-94,4.59E+15,7.12E-217,1.00E+02,4.40E-220,4.40E-229,不稳定,6.18E-04,18.70 分钟,1.12E+03
Se81,Se81,5.93E+14,6.65E-221,1.00E+02,4.16E-224,4.16E-233,不稳定,6.26E-04,18.45 分钟,1.11E+03
Tc104,Tc104,2.41E+15,3.20E-222,1.00E+02,2.02E-225,2.02E-234,不稳定,6.31E-04,18.30 分钟,1.10E+03
Ba141,Ba141,1.27E+15,6.89E-223,1.00E+02,4.36E-226,4.36E-235,不稳定,6.32E-04,18.27 分钟,1.10E+03
In119m,In-119m,2.15E+15,3.23E-226,1.00E+02,2.07E-229,2.07E-238,不稳定,6.42E-04,18.00 分钟,1.08E+03
Eu159,Eu159,2.26E+13,7.27E-227,1.00E+02,4.64E-230,4.64E-239,不稳定,6.38E-04,18.10 分钟,1.09E+03
In119,In-119,inf,2.37E-228,,1.14E-230,1.14E-239,不稳定,4.81E-03,2.40 分钟,1.44E+02
Pd98,Pd98,9.90E+13,1.23E-231,1.00E+02,8.03E-235,8.03E-244,不稳定,6.53E-04,17.70 分钟,1.06E+03
Rh98,Rh98,inf,1.19E-231,,1.58E-234,1.58E-243,不稳定,1.33E-03,8.70 分钟,5.22E+02
Br80,Br80,1.60E+13,1.05E-232,1.00E+02,6.84E-236,6.84E-245,不稳定,6.53E-04,17.68 分钟,1.06E+03
K45,K45,1.90E+10,5.13E-241,1.00E+02,3.42E-244,3.42E-253,不稳定,6.68E-04,17.30 分钟,1.04E+03
Pr134m,Pr-134m,7.46E+10,7.63E-245,1.00E+02,5.18E-248,5.18E-257,不稳定,6.80E-04,17.00 分钟,1.02E+03
Sb120,Sb120,7.86E+13,1.24E-259,1.00E+02,9.00E-263,9.00E-272,不稳定,7.27E-04,15.89 分钟,9.53E+02
Sb116,Sb116,5.21E+10,2.29E-264,1.00E+02,1.68E-267,1.68E-276,不稳定,7.31E-04,15.80 分钟,9.48E+02
Mo91,Mo91,4.82E+13,6.85E-267,1.00E+02,5.11E-270,5.11E-279,不稳定,7.46E-04,15.49 分钟,9.29E+02
Rb89,Rb-89,4.06E+15,3.02E-271,1.00E+02,2.31E-274,2.31E-283,不稳定,7.63E-04,15.15 分钟,9.09E+02
As69,As69,8.02E+11,1.90E-273,1.00E+02,1.44E-276,1.44E-285,不稳定,7.59E-04,15.23 分钟,9.14E+02
Ga65,Ga65,1.78E+12,1.16E-273,1.00E+02,8.82E-277,8.82E-286,不稳定,7.60E-04,15.20 分钟,9.12E+02
Tm175,Tm175,1.50E+11,9.76E-275,1.00E+02,7.42E-278,7.42E-287,不稳定,7.60E-04,15.20 分钟,9.12E+02
In112,In112,8.05E+11,2.18E-278,1.00E+02,1.68E-281,1.68E-290,不稳定,7.72E-04,14.97 分钟,8.98E+02
Ho162,Ho162,3.29E+10,3.38E-279,1.00E+02,2.60E-282,2.60E-291,不稳定,7.70E-04,15.00 分钟,9.00E+02
Tc101,Tc-101,1.86E+25,9.97E-281,1.00E+02,8.11E-284,8.11E-293,不稳定,8.14E-04,14.20 分钟,8.52E+02
Mo101,Mo101,1.45E+15,2.88E-282,1.00E+02,2.28E-285,2.28E-294,不稳定,7.91E-04,14.61 分钟,8.77E+02
Sm140,Sm140,1.63E+10,5.15E-283,1.00E+02,4.02E-286,4.02E-295,不稳定,7.80E-04,14.82 分钟,8.89E+02
Pm140,Pm-140,inf,5.39E-285,,4.06E-286,4.06E-295,不稳定,7.53E-02,9.20 秒,9.20E+00
Nb88,Nb88,5.41E+11,6.01E-288,1.00E+02,4.79E-291,4.79E-300,不稳定,7.97E-04,14.50 分钟,8.70E+02
La143,La143,1.12E+15,6.00E-291,1.00E+02,4.88E-294,4.88E-303,不稳定,8.14E-04,14.20 分钟,8.52E+02
Xe138,Xe138,6.09E+14,8.18E-294,1.00E+02,6.71E-297,6.71E-306,不稳定,8.20E-04,14.08 分钟,8.45E+02
Cs139,Cs139,8.04E+14,0.00E+00,1.00E+02,0.00E+00,0.00E+00,不稳定,1.25E-03,9.27 分钟,5.56E+02
Ba142,Ba142,7.16E+14,0.00E+00,1.00E+02,0.00E+00,0.00E+00,不稳定,1.09E-03,10.60 分钟,6.36E+02
Ga64,Ga64,1.21E+11,0.00E+00,1.00E+02,0.00E+00,0.00E+00,不稳定,4.40E-03,2.63 分钟,1.58E+02
At215,At-215,,0.00E+00,0.00E+00,0.00E+00,0.00E+00,不稳定,6.93E+03,1.00e-04 秒,1.00E-04
Tl207,Tl-207,,0.00E+00,0.00E+00,0.00E+00,0.00E+00,不稳定,2.42E-03,4.77 分钟,2.86E+02
Ra220,Ra-220,,0.00E+00,0.00E+00,0.00E+00,0.00E+00,不稳定,3.87E+01,1.79e-02 秒,1.79E-02
Fe61,Fe61,5.38E+11,0.00E+00,1.00E+02,0.00E+00,0.00E+00,不稳定,1.93E-03,5.98 分钟,3.59E+02
Fe53,Fe53,1.49E+11,0.00E+00,1.00E+02,0.00E+00,0.00E+00,不稳定,1.36E-03,8.51 分钟,5.11E+02
Mn57,Mn57,7.81E+09,0.00E+00,1.00E+02,0.00E+00,0.00E+00,不稳定,8.12E-03,1.42 分钟,8.54E+01
Cr56,Cr56,1.43E+11,0.00E+00,1.00E+02,0.00E+00,0.00E+00,不稳定,1.94E-03,5.94 分钟,3.56E+02
V52,V-52,,0.00E+00,0.00E+00,0.00E+00,0.00E+00,不稳定,3.09E-03,3.74 分钟,2.25E+02
V50,V50,0.00E+00,0.00E+00,0.00E+00,0.00E+00,0.00E+00,不稳定,1.46E-25,150099534246575360.00 年,4.73E+24
V53,V53,1.24E+10,0.00E+00,1.00E+02,0.00E+00,0.00E+00,不稳定,7.18E-03,1.61 分钟,9.66E+01
Cr55,Cr55,1.53E+10,0.00E+00,1.00E+02,0.00E+00,0.00E+00,不稳定,3.30E-03,3.50 分钟,2.10E+02
At218,At-218,,0.00E+00,0.00E+00,0.00E+00,0.00E+00,不稳定,4.62E-01,1.50 秒,1.50E+00
At217,At-217,,0.00E+00,0.00E+00,0.00E+00,0.00E+00,不稳定,2.15E+01,3.23e-02 秒,3.23E-02
Po215,Po-215,,0.00E+00,0.00E+00,0.00E+00,0.00E+00,不稳定,3.89E+02,1.78e-03 秒,1.78E-03
Po216,Po-216,,0.00E+00,0.00E+00,0.00E+00,0.00E+00,不稳定,4.78E+00,1.45e-01 秒,1.45E-01
Fr219,Fr219,,0.00E+00,0.00E+00,0.00E+00,0.00E+00,不稳定,3.47E+01,2.00e-02 秒,2.00E-02
Ar44,Ar44,2.60E+10,0.00E+00,1.00E+02,0.00E+00,0.00E+00,不稳定,9.73E-04,11.87 分钟,7.12E+02
Ga74,Ga74,6.67E+13,0.00E+00,1.00E+02,0.00E+00,0.00E+00,不稳定,1.42E-03,8.12 分钟,4.87E+02
Ti52,Ti52,2.05E+10,0.00E+00,1.00E+02,0.00E+00,0.00E+00,不稳定,6.80E-03,1.70 分钟,1.02E+02
As79,As79,3.33E+14,0.00E+00,1.00E+02,0.00E+00,0.00E+00,不稳定,1.28E-03,9.01 分钟,5.41E+02
As68,As68,3.08E+11,0.00E+00,1.00E+02,0.00E+00,0.00E+00,不稳定,4.57E-03,2.53 分钟,1.52E+02
Ac232,Ac232,1.76E+12,0.00E+00,1.00E+02,0.00E+00,0.00E+00,不稳定,5.82E-03,1.98 分钟,1.19E+02
K46,K46,1.92E+09,0.00E+00,1.00E+02,0.00E+00,0.00E+00,不稳定,6.60E-03,1.75 分钟,1.05E+02
Th224,Th224,1.05E+12,0.00E+00,1.00E+02,0.00E+00,0.00E+00,不稳定,6.60E-01,1.05 秒,1.05E+00
Th223,Th223,8.46E+10,0.00E+00,1.00E+02,0.00E+00,0.00E+00,不稳定,1.16E+00,6.00e-01 秒,6.00E-01
Bi215,Bi-215,,0.00E+00,0.00E+00,0.00E+00,0.00E+00,不稳定,1.52E-03,7.60 分钟,4.56E+02
Ac231,Ac231,2.69E+14,0.00E+00,1.00E+02,0.00E+00,0.00E+00,不稳定,1.54E-03,7.50 分钟,4.50E+02
In114,In114,2.37E+12,0.00E+00,1.00E+02,0.00E+00,0.00E+00,不稳定,9.64E-03,1.20 分钟,7.19E+01
In105,In105,5.56E+09,0.00E+00,1.00E+02,0.00E+00,0.00E+00,不稳定,2.28E-03,5.07 分钟,3.04E+02
Pm139,Pm-139,,0.00E+00,0.00E+00,0.00E+00,0.00E+00,不稳定,2.78E-03,4.15 分钟,2.49E+02
Pm152,Pm-152,,0.00E+00,0.00E+00,0.00E+00,0.00E+00,不稳定,2.80E-03,4.12 分钟,2.47E+02
Pm136,Pm136,2.74E+10,0.00E+00,1.00E+02,0.00E+00,0.00E+00,不稳定,6.48E-03,1.78 分钟,1.07E+02
Pm153,Pm153,5.23E+13,0.00E+00,1.00E+02,0.00E+00,0.00E+00,不稳定,2.20E-03,5.25 分钟,3.15E+02
Pm154,Pm154,1.19E+13,0.00E+00,1.00E+02,0.00E+00,0.00E+00,不稳定,6.68E-03,1.73 分钟,1.04E+02
Sm139,Sm139,8.47E+09,0.00E+00,1.00E+02,0.00E+00,0.00E+00,不稳定,4.50E-03,2.57 分钟,1.54E+02
Nd151,Nd151,1.79E+14,0.00E+00,1.00E+02,0.00E+00,0.00E+00,不稳定,9.29E-04,12.44 分钟,7.46E+02
Nd152,Nd152,1.75E+14,0.00E+00,1.00E+02,0.00E+00,0.00E+00,不稳定,1.01E-03,11.40 分钟,6.84E+02
Sb133,Sb133,1.38E+13,0.00E+00,1.00E+02,0.00E+00,0.00E+00,不稳定,4.62E-03,2.50 分钟,1.50E+02
Rb82,Rb82,4.20E+09,0.00E+00,1.00E+02,0.00E+00,0.00E+00,不稳定,9.07E-03,1.27 分钟,7.64E+01
Pr138,Pr138,2.07E+10,0.00E+00,1.00E+02,0.00E+00,0.00E+00,不稳定,7.97E-03,1.45 分钟,8.70E+01
Pr147,Pr147,4.67E+14,0.00E+00,1.00E+02,0.00E+00,0.00E+00,不稳定,8.62E-04,13.40 分钟,8.04E+02
Pr148,Pr148,6.37E+13,0.00E+00,1.00E+02,0.00E+00,0.00E+00,不稳定,5.04E-03,2.29 分钟,1.37E+02
Nd134,Nd134,1.86E+10,0.00E+00,1.00E+02,0.00E+00,0.00E+00,不稳定,1.36E-03,8.50 分钟,5.10E+02
Br78,Br78,1.63E+11,0.00E+00,1.00E+02,0.00E+00,0.00E+00,不稳定,1.79E-03,6.46 分钟,3.88E+02
Br85,Br85,4.19E+14,0.00E+00,1.00E+02,0.00E+00,0.00E+00,不稳定,3.98E-03,2.90 分钟,1.74E+02
Kr74,Kr74,1.51E+11,0.00E+00,1.00E+02,0.00E+00,0.00E+00,不稳定,1.00E-03,11.50 分钟,6.90E+02
Kr89,Kr89,3.64E+14,0.00E+00,1.00E+02,0.00E+00,0.00E+00,不稳定,3.67E-03,3.15 分钟,1.89E+02
Kr75,Kr75,1.41E+10,0.00E+00,1.00E+02,0.00E+00,0.00E+00,不稳定,2.69E-03,4.29 分钟,2.57E+02
La136,La136,2.63E+13,0.00E+00,1.00E+02,0.00E+00,0.00E+00,不稳定,1.17E-03,9.87 分钟,5.92E+02
Se71,Se71,1.66E+11,0.00E+00,1.00E+02,0.00E+00,0.00E+00,不稳定,2.44E-03,4.74 分钟,2.84E+02
Se79m,Se-79m,,0.00E+00,0.00E+00,0.00E+00,0.00E+00,不稳定,2.95E-03,3.92 分钟,2.35E+02
Xe137,Xe137,1.92E+14,0.00E+00,1.00E+02,0.00E+00,0.00E+00,不稳定,3.03E-03,3.82 分钟,2.29E+02
I122,I122,7.56E+10,0.00E+00,1.00E+02,0.00E+00,0.00E+00,不稳定,3.18E-03,3.63 分钟,2.18E+02
Ce145,Ce145,1.34E+14,0.00E+00,1.00E+02,0.00E+00,0.00E+00,不稳定,3.84E-03,3.01 分钟,1.81E+02
Cs128,Cs128,1.88E+11,0.00E+00,1.00E+02,0.00E+00,0.00E+00,不稳定,3.17E-03,3.64 分钟,2.18E+02
Cs140,Cs140,5.13E+13,0.00E+00,1.00E+02,0.00E+00,0.00E+00,不稳定,1.09E-02,1.06 分钟,6.37E+01
Sm143,Sm-143,,0.00E+00,0.00E+00,0.00E+00,0.00E+00,不稳定,1.32E-03,8.75 分钟,5.25E+02
Eu143,Eu143,5.68E+09,0.00E+00,1.00E+02,0.00E+00,0.00E+00,不稳定,4.46E-03,2.59 分钟,1.55E+02
Eu142,Eu142,,0.00E+00,0.00E+00,0.00E+00,0.00E+00,不稳定,2.96E-01,2.34 秒,2.34E+00
Ag102,Ag102,2.83E+10,0.00E+00,1.00E+02,0.00E+00,0.00E+00,不稳定,8.96E-04,12.90 分钟,7.74E+02
Ag101,Ag101,2.19E+11,0.00E+00,1.00E+02,0.00E+00,0.00E+00,不稳定,1.04E-03,11.10 分钟,6.66E+02
Ag99,Ag99,4.67E+11,0.00E+00,1.00E+02,0.00E+00,0.00E+00,不稳定,5.59E-03,2.07 分钟,1.24E+02
Ag114,Ag-114,,0.00E+00,0.00E+00,0.00E+00,0.00E+00,不稳定,1.51E-01,4.60 秒,4.60E+00
Pd114,Pd114,4.39E+14,0.00E+00,1.00E+02,0.00E+00,0.00E+00,不稳定,4.77E-03,2.42 分钟,1.45E+02
Gd162,Gd162,3.74E+12,0.00E+00,1.00E+02,0.00E+00,0.00E+00,不稳定,1.38E-03,8.40 分钟,5.04E+02
Tb162,Tb-162,,0.00E+00,0.00E+00,0.00E+00,0.00E+00,不稳定,1.52E-03,7.60 分钟,4.56E+02
Tb146,Tb146,9.67E+09,0.00E+00,1.00E+02,0.00E+00,0.00E+00,不稳定,3.01E-02,23.00 秒,2.30E+01
Cd119,Cd119,3.04E+14,0.00E+00,1.00E+02,0.00E+00,0.00E+00,不稳定,4.29E-03,2.69 分钟,1.61E+02
In103,In103,2.19E+09,0.00E+00,1.00E+02,0.00E+00,0.00E+00,不稳定,1.16E-02,1.00 分钟,6.00E+01
Cd103,Cd-103,,0.00E+00,0.00E+00,0.00E+00,0.00E+00,不稳定,1.58E-03,7.30 分钟,4.38E+02
Tb164,Tb164,4.81E+11,0.00E+00,1.00E+02,0.00E+00,0.00E+00,不稳定,3.85E-03,3.00 分钟,1.80E+02
Ag110,Ag110,3.62E+12,0.00E+00,1.00E+02,0.00E+00,0.00E+00,不稳定,2.82E-02,24.60 秒,2.46E+01
Ag116,Ag116,3.84E+14,0.00E+00,1.00E+02,0.00E+00,0.00E+00,不稳定,4.31E-03,2.68 分钟,1.61E+02
Ag117,Ag117,1.89E+14,0.00E+00,1.00E+02,0.00E+00,0.00E+00,不稳定,9.42E-03,1.23 分钟,7.36E+01
Ag108,Ag108,1.15E+12,0.00E+00,1.00E+02,0.00E+00,0.00E+00,不稳定,4.87E-03,2.37 分钟,1.42E+02
Dy149,Dy149,4.61E+09,0.00E+00,1.00E+02,0.00E+00,0.00E+00,不稳定,2.75E-03,4.20 分钟,2.52E+02
Dy148,Dy148,1.44E+10,0.00E+00,1.00E+02,0.00E+00,0.00E+00,不稳定,3.50E-03,3.30 分钟,1.98E+02
Dy165m,Dy-165m,,0.00E+00,0.00E+00,0.00E+00,0.00E+00,不稳定,9.19E-03,1.26 分钟,7.54E+01
Tb165,Tb165,2.71E+11,0.00E+00,1.00E+02,0.00E+00,0.00E+00,不稳定,5.48E-03,2.11 分钟,1.27E+02
Sm157,Sm157,1.98E+13,0.00E+00,1.00E+02,0.00E+00,0.00E+00,不稳定,1.44E-03,8.03 分钟,4.82E+02
Eu144,Eu-144,,0.00E+00,0.00E+00,0.00E+00,0.00E+00,不稳定,6.80E-02,10.20 秒,1.02E+01
Gd144,Gd144,4.90E+11,0.00E+00,1.00E+02,0.00E+00,0.00E+00,不稳定,2.58E-03,4.47 分钟,2.68E+02
Gd142,Gd142,6.26E+11,0.00E+00,1.00E+02,0.00E+00,0.00E+00,不稳定,9.87E-03,1.17 分钟,7.02E+01
Sm143m,Sm-143m,,0.00E+00,0.00E+00,0.00E+00,0.00E+00,不稳定,1.05E-02,1.10 分钟,6.60E+01
Sb118,Sb118,8.49E+11,0.00E+00,1.00E+02,0.00E+00,0.00E+00,不稳定,3.21E-03,3.60 分钟,2.16E+02
Br72,Br72,2.01E+10,0.00E+00,1.00E+02,0.00E+00,0.00E+00,不稳定,8.82E-03,1.31 分钟,7.86E+01
Se84,Se84,4.33E+14,0.00E+00,1.00E+02,0.00E+00,0.00E+00,不稳定,3.73E-03,3.10 分钟,1.86E+02
Sb130m,Sb-130m,,0.00E+00,0.00E+00,0.00E+00,0.00E+00,不稳定,1.83E-03,6.30 分钟,3.78E+02
Sn130,Sn130,2.12E+13,0.00E+00,1.00E+02,0.00E+00,0.00E+00,不稳定,3.11E-03,3.72 分钟,2.23E+02
Sn129,Sn129,1.92E+13,0.00E+00,1.00E+02,0.00E+00,0.00E+00,不稳定,5.18E-03,2.23 分钟,1.34E+02
In121,In121,6.10E+13,0.00E+00,1.00E+02,0.00E+00,0.00E+00,不稳定,3.00E-02,23.10 秒,2.31E+01
Y95,Y95,1.44E+15,0.00E+00,1.00E+02,0.00E+00,0.00E+00,不稳定,1.12E-03,10.30 分钟,6.18E+02
Y83,Y83,4.67E+10,0.00E+00,1.00E+02,0.00E+00,0.00E+00,不稳定,1.63E-03,7.08 分钟,4.25E+02
Y81,Y81,1.06E+11,0.00E+00,1.00E+02,0.00E+00,0.00E+00,不稳定,9.85E-03,1.17 分钟,7.04E+01
Sr94,Sr94,1.52E+14,0.00E+00,1.00E+02,0.00E+00,0.00E+00,不稳定,9.21E-03,1.25 分钟,7.53E+01
Ho170,Ho170,6.66E+10,0.00E+00,1.00E+02,0.00E+00,0.00E+00,不稳定,4.19E-03,2.76 分钟,1.66E+02
Sr93,Sr93,8.66E+14,0.00E+00,1.00E+02,0.00E+00,0.00E+00,不稳定,1.56E-03,7.42 分钟,4.45E+02
Ho150,Ho150,2.81E+09,0.00E+00,1.00E+02,0.00E+00,0.00E+00,不稳定,9.03E-03,1.28 分钟,7.68E+01
Ho168,Ho-168,,0.00E+00,0.00E+00,0.00E+00,0.00E+00,不稳定,3.86E-03,2.99 分钟,1.79E+02
Dy150,Dy150,,0.00E+00,0.00E+00,0.00E+00,0.00E+00,不稳定,1.61E-03,7.17 分钟,4.30E+02
Tb149m,Tb-149m,,0.00E+00,0.00E+00,0.00E+00,0.00E+00,不稳定,2.78E-03,4.16 分钟,2.50E+02
Dy167,Dy167,3.47E+11,0.00E+00,1.00E+02,0.00E+00,0.00E+00,不稳定,1.86E-03,6.20 分钟,3.72E+02
Dy168,Dy168,5.33E+11,0.00E+00,1.00E+02,0.00E+00,0.00E+00,不稳定,1.33E-03,8.70 分钟,5.22E+02
Pd97,Pd97,3.16E+13,0.00E+00,1.00E+02,0.00E+00,0.00E+00,不稳定,3.73E-03,3.10 分钟,1.86E+02
Rh96m,Rh-96m,,0.00E+00,0.00E+00,0.00E+00,0.00E+00,不稳定,7.65E-03,1.51 分钟,9.06E+01
Rh109,Rh109,2.46E+14,0.00E+00,1.00E+02,0.00E+00,0.00E+00,不稳定,8.66E-03,1.33 分钟,8.00E+01
Pd96,Pd96,6.10E+13,0.00E+00,1.00E+02,0.00E+00,0.00E+00,不稳定,5.68E-03,2.03 分钟,1.22E+02
Lu181,Lu181,7.68E+09,0.00E+00,1.00E+02,0.00E+00,0.00E+00,不稳定,3.30E-03,3.50 分钟,2.10E+02
Lu180,Lu180,6.25E+09,0.00E+00,1.00E+02,0.00E+00,0.00E+00,不稳定,2.03E-03,5.70 分钟,3.42E+02
Co62,Co-62,,0.00E+00,0.00E+00,0.00E+00,0.00E+00,不稳定,7.70E-03,1.50 分钟,9.00E+01
Ta186,Ta186,1.15E+10,0.00E+00,1.00E+02,0.00E+00,0.00E+00,不稳定,1.10E-03,10.50 分钟,6.30E+02
Tc102,Tc-102,,0.00E+00,0.00E+00,0.00E+00,0.00E+00,不稳定,1.31E-01,5.28 秒,5.28E+00
Tc91,Tc91,7.82E+12,0.00E+00,1.00E+02,0.00E+00,0.00E+00,不稳定,3.68E-03,3.14 分钟,1.88E+02
Mo91m,Mo-91m,,0.00E+00,0.00E+00,0.00E+00,0.00E+00,不稳定,1.07E-02,1.08 分钟,6.46E+01
Fe62,Fe62,2.78E+11,0.00E+00,1.00E+02,0.00E+00,0.00E+00,不稳定,1.02E-02,1.13 分钟,6.80E+01
Tc92,Tc92,,0.00E+00,0.00E+00,0.00E+00,0.00E+00,不稳定,2.72E-03,4.25 分钟,2.55E+02
Tc105,Tc105,1.47E+15,0.00E+00,1.00E+02,0.00E+00,0.00E+00,不稳定,1.52E-03,7.60 分钟,4.56E+02
Er173,Er173,9.45E+09,0.00E+00,1.00E+02,0.00E+00,0.00E+00,不稳定,8.06E-03,1.43 分钟,8.60E+01
Tm174,Tm174,8.88E+10,0.00E+00,1.00E+02,0.00E+00,0.00E+00,不稳定,2.14E-03,5.40 分钟,3.24E+02
Tm176,Tm176,4.06E+09,0.00E+00,1.00E+02,0.00E+00,0.00E+00,不稳定,6.24E-03,1.85 分钟,1.11E+02
Yb179,Yb179,2.64E+10,0.00E+00,1.00E+02,0.00E+00,0.00E+00,不稳定,1.44E-03,8.00 分钟,4.80E+02
Rh104,Rh104,1.76E+12,0.00E+00,1.00E+02,0.00E+00,0.00E+00,不稳定,1.64E-02,42.30 秒,4.23E+01
Zr85,Zr85,8.62E+09,0.00E+00,1.00E+02,0.00E+00,0.00E+00,不稳定,1.47E-03,7.86 分钟,4.72E+02
Rh95,Rh95,1.46E+13,0.00E+00,1.00E+02,0.00E+00,0.00E+00,不稳定,2.30E-03,5.02 分钟,3.01E+02
Rh94,Rh94,1.03E+13,0.00E+00,1.00E+02,0.00E+00,0.00E+00,不稳定,9.82E-03,1.18 分钟,7.06E+01
Rh108,Rh-108,,0.00E+00,0.00E+00,0.00E+00,0.00E+00,不稳定,4.13E-02,16.80 秒,1.68E+01
Ru108,Ru108,9.43E+14,0.00E+00,1.00E+02,0.00E+00,0.00E+00,不稳定,2.54E-03,4.55 分钟,2.73E+02
Ru107,Ru107,5.62E+14,0.00E+00,1.00E+02,0.00E+00,0.00E+00,不稳定,3.08E-03,3.75 分钟,2.25E+02
Ru92,Ru92,4.80E+13,0.00E+00,1.00E+02,0.00E+00,0.00E+00,不稳定,3.17E-03,3.65 分钟,2.19E+02
Rb90,Rb90,3.40E+14,0.00E+00,1.00E+02,0.00E+00,0.00E+00,不稳定,4.39E-03,2.63 分钟,1.58E+02
Rh96,Rh96,,0.00E+00,0.00E+00,0.00E+00,0.00E+00,不稳定,1.17E-03,9.90 分钟,5.94E+02
Ra221,Ra221,5.51E+12,0.00E+00,1.00E+02,0.00E+00,0.00E+00,不稳定,2.48E-02,28.00 秒,2.80E+01
Ra219,Ra219,,0.00E+00,0.00E+00,0.00E+00,0.00E+00,不稳定,6.93E+01,1.00e-02 秒,1.00E-02
Fr227,Fr227,5.69E+10,0.00E+00,1.00E+02,0.00E+00,0.00E+00,不稳定,4.68E-03,2.47 分钟,1.48E+02
Fr224,Fr224,8.11E+11,0.00E+00,1.00E+02,0.00E+00,0.00E+00,不稳定,3.47E-03,3.33 分钟,2.00E+02
Mo89,Mo89,4.61E+11,0.00E+00,1.00E+02,0.00E+00,0.00E+00,不稳定,5.48E-03,2.11 分钟,1.27E+02
Nb99,Nb99,3.22E+13,0.00E+00,1.00E+02,0.00E+00,0.00E+00,不稳定,4.62E-02,15.00 秒,1.50E+01
Nb87,Nb87,1.27E+12,0.00E+00,1.00E+02,0.00E+00,0.00E+00,不稳定,3.08E-03,3.75 分钟,2.25E+02
Sr79,Sr79,2.47E+09,0.00E+00,1.00E+02,0.00E+00,0.00E+00,不稳定,5.13E-03,2.25 分钟,1.35E+02
Mo102,Mo102,1.99E+15,0.00E+00,1.00E+02,0.00E+00,0.00E+00,不稳定,1.02E-03,11.30 分钟,6.78E+02
Cu57,Cu57,7.13E+09,0.00E+00,1.00E+02,0.00E+00,0.00E+00,不稳定,3.53E+00,1.96e-01 秒,1.96E-01
Cu59,Cu59,2.83E+12,0.00E+00,1.00E+02,0.00E+00,0.00E+00,不稳定,8.50E-03,1.36 分钟,8.15E+01
Cu69,Cu69,7.34E+12,0.00E+00,1.00E+02,0.00E+00,0.00E+00,不稳定,4.05E-03,2.85 分钟,1.71E+02
Zn60,Zn60,2.60E+12,0.00E+00,1.00E+02,0.00E+00,0.00E+00,不稳定,4.85E-03,2.38 分钟,1.43E+02
Zn61,Zn61,3.88E+11,0.00E+00,1.00E+02,0.00E+00,0.00E+00,不稳定,7.78E-03,1.48 分钟,8.91E+01
Zn71,Zn71,6.44E+12,0.00E+00,1.00E+02,0.00E+00,0.00E+00,不稳定,4.72E-03,2.45 分钟,1.47E+02
At216,At216,,0.00E+00,0.00E+00,0.00E+00,0.00E+00,不稳定,2.31E+03,3.00e-04 秒,3.00E-04
Rn215,Rn215,,0.00E+00,0.00E+00,0.00E+00,0.00E+00,不稳定,3.01E+05,2.30e-06 秒,2.30E-06
Po211,Po-211,,0.00E+00,0.00E+00,0.00E+00,0.00E+00,不稳定,1.34E+00,5.16e-01 秒,5.16E-01
Rn216,Rn216,,0.00E+00,0.00E+00,0.00E+00,0.00E+00,不稳定,1.54E+04,4.50e-05 秒,4.50E-05
Rn217,Rn217,,0.00E+00,0.00E+00,0.00E+00,0.00E+00,不稳定,1.28E+03,5.40e-04 秒,5.40E-04
Rn218,Rn218,,0.00E+00,0.00E+00,0.00E+00,0.00E+00,不稳定,1.98E+01,3.50e-02 秒,3.50E-02
Po214,Po-214,,0.00E+00,0.00E+00,0.00E+00,0.00E+00,不稳定,4.22E+03,1.64e-04 秒,1.64E-04
Ti51,Ti51,3.16E+10,0.00E+00,1.00E+02,0.00E+00,0.00E+00,不稳定,2.01E-03,5.76 分钟,3.46E+02
Sc50,Sc50,3.75E+09,0.00E+00,1.00E+02,0.00E+00,0.00E+00,不稳定,6.76E-03,1.71 分钟,1.03E+02
Mg24,Mg-24,,,0.00E+00,0.00E+00,0.00E+00,稳定,0.00E+00,稳定,inf
Ca44,Ca-44,,,0.00E+00,0.00E+00,0.00E+00,稳定,0.00E+00,稳定,inf
Sc45,Sc-45,,,0.00E+00,0.00E+00,0.00E+00,稳定,0.00E+00,稳定,inf
Ca46,Ca-46,,,0.00E+00,0.00E+00,0.00E+00,稳定,0.00E+00,稳定,inf
Ti47,Ti-47,,,0.00E+00,0.00E+00,0.00E+00,稳定,0.00E+00,稳定,inf
Ti48,Ti-48,,,0.00E+00,0.00E+00,0.00E+00,稳定,0.00E+00,稳定,inf
Ti49,Ti-49,,,0.00E+00,0.00E+00,0.00E+00,稳定,0.00E+00,稳定,inf
Ti50,Ti-50,,,0.00E+00,0.00E+00,0.00E+00,稳定,0.00E+00,稳定,inf
V51,V-51,,,0.00E+00,0.00E+00,0.00E+00,稳定,0.00E+00,稳定,inf
Cr52,Cr-52,,,0.00E+00,0.00E+00,0.00E+00,稳定,0.00E+00,稳定,inf
Cr50,Cr-50,,,0.00E+00,0.00E+00,0.00E+00,稳定,0.00E+00,稳定,inf
Cr53,Cr-53,,,0.00E+00,0.00E+00,0.00E+00,稳定,0.00E+00,稳定,inf
Cr54,Cr54,,,0.00E+00,0.00E+00,0.00E+00,稳定,0.00E+00,稳定,inf
Mn55,Mn-55,,,0.00E+00,0.00E+00,0.00E+00,稳定,0.00E+00,稳定,inf
Fe56,Fe-56,,,0.00E+00,0.00E+00,0.00E+00,稳定,0.00E+00,稳定,inf
Fe54,Fe-54,,,0.00E+00,0.00E+00,0.00E+00,稳定,0.00E+00,稳定,inf
Fe57,Fe-57,,,0.00E+00,0.00E+00,0.00E+00,稳定,0.00E+00,稳定,inf
Fe58,Fe58,,,0.00E+00,0.00E+00,0.00E+00,稳定,0.00E+00,稳定,inf
Co59,Co-59,,,0.00E+00,0.00E+00,0.00E+00,稳定,0.00E+00,稳定,inf
Ni60,Ni-60,,,0.00E+00,0.00E+00,0.00E+00,稳定,0.00E+00,稳定,inf
Ni61,Ni-61,,,0.00E+00,0.00E+00,0.00E+00,稳定,0.00E+00,稳定,inf
Ni62,Ni-62,,,0.00E+00,0.00E+00,0.00E+00,稳定,0.00E+00,稳定,inf
Cu63,Cu-63,,,0.00E+00,0.00E+00,0.00E+00,稳定,0.00E+00,稳定,inf
Ni64,Ni64,,,0.00E+00,0.00E+00,0.00E+00,稳定,0.00E+00,稳定,inf
Cu65,Cu-65,,,0.00E+00,0.00E+00,0.00E+00,稳定,0.00E+00,稳定,inf
Zn66,Zn-66,,,0.00E+00,0.00E+00,0.00E+00,稳定,0.00E+00,稳定,inf
Zn64,Zn-64,,,0.00E+00,0.00E+00,0.00E+00,稳定,0.00E+00,稳定,inf
Zn67,Zn-67,,,0.00E+00,0.00E+00,0.00E+00,稳定,0.00E+00,稳定,inf
Ga69,Ga-69,,,0.00E+00,0.00E+00,0.00E+00,稳定,0.00E+00,稳定,inf
Zn68,Zn68,,,0.00E+00,0.00E+00,0.00E+00,稳定,0.00E+00,稳定,inf
Zn70,Zn70,,,0.00E+00,0.00E+00,0.00E+00,稳定,0.00E+00,稳定,inf
Ga71,Ga-71,,,0.00E+00,0.00E+00,0.00E+00,稳定,0.00E+00,稳定,inf
Ge72,Ge-72,,,0.00E+00,0.00E+00,0.00E+00,稳定,0.00E+00,稳定,inf
Ge70,Ge-70,,,0.00E+00,0.00E+00,0.00E+00,稳定,0.00E+00,稳定,inf
Ge73,Ge-73,,,0.00E+00,0.00E+00,0.00E+00,稳定,0.00E+00,稳定,inf
Ge74,Ge-74,,,0.00E+00,0.00E+00,0.00E+00,稳定,0.00E+00,稳定,inf
As75,As-75,,,0.00E+00,0.00E+00,0.00E+00,稳定,0.00E+00,稳定,inf
Se77,Se-77,,,0.00E+00,0.00E+00,0.00E+00,稳定,0.00E+00,稳定,inf
Se78,Se-78,,,0.00E+00,0.00E+00,0.00E+00,稳定,0.00E+00,稳定,inf
Se74,Se-74,,,0.00E+00,0.00E+00,0.00E+00,稳定,0.00E+00,稳定,inf
Se76,Se-76,,,0.00E+00,0.00E+00,0.00E+00,稳定,0.00E+00,稳定,inf
Br79,Br-79,,,0.00E+00,0.00E+00,0.00E+00,稳定,0.00E+00,稳定,inf
Se80,Se80,,,0.00E+00,0.00E+00,0.00E+00,稳定,0.00E+00,稳定,inf
Br81,Br-81,,,0.00E+00,0.00E+00,0.00E+00,稳定,0.00E+00,稳定,inf
Kr83,Kr-83,,,0.00E+00,0.00E+00,0.00E+00,稳定,0.00E+00,稳定,inf
Kr84,Kr-84,,,0.00E+00,0.00E+00,0.00E+00,稳定,0.00E+00,稳定,inf
Kr78,Kr-78,,,0.00E+00,0.00E+00,0.00E+00,稳定,0.00E+00,稳定,inf
Kr80,Kr-80,,,0.00E+00,0.00E+00,0.00E+00,稳定,0.00E+00,稳定,inf
Kr82,Kr-82,,,0.00E+00,0.00E+00,0.00E+00,稳定,0.00E+00,稳定,inf
Rb85,Rb-85,,,0.00E+00,0.00E+00,0.00E+00,稳定,0.00E+00,稳定,inf
Kr86,Kr86,,,0.00E+00,0.00E+00,0.00E+00,稳定,0.00E+00,稳定,inf
Sr87,Sr-87,,,0.00E+00,0.00E+00,0.00E+00,稳定,0.00E+00,稳定,inf
Sr88,Sr-88,,,0.00E+00,0.00E+00,0.00E+00,稳定,0.00E+00,稳定,inf
Y89,Y-89,,,0.00E+00,0.00E+00,0.00E+00,稳定,0.00E+00,稳定,inf
Sr84,Sr-84,,,0.00E+00,0.00E+00,0.00E+00,稳定,0.00E+00,稳定,inf
Sr86,Sr-86,,,0.00E+00,0.00E+00,0.00E+00,稳定,0.00E+00,稳定,inf
Zr90,Zr-90,,,0.00E+00,0.00E+00,0.00E+00,稳定,0.00E+00,稳定,inf
Zr91,Zr-91,,,0.00E+00,0.00E+00,0.00E+00,稳定,0.00E+00,稳定,inf
Zr92,Zr-92,,,0.00E+00,0.00E+00,0.00E+00,稳定,0.00E+00,稳定,inf
Nb93,Nb-93,,,0.00E+00,0.00E+00,0.00E+00,稳定,0.00E+00,稳定,inf
Zr94,Zr-94,,,0.00E+00,0.00E+00,0.00E+00,稳定,0.00E+00,稳定,inf
Mo95,Mo-95,,,0.00E+00,0.00E+00,0.00E+00,稳定,0.00E+00,稳定,inf
Mo97,Mo-97,,,0.00E+00,0.00E+00,0.00E+00,稳定,0.00E+00,稳定,inf
Mo94,Mo-94,,,0.00E+00,0.00E+00,0.00E+00,稳定,0.00E+00,稳定,inf
Mo96,Mo-96,,,0.00E+00,0.00E+00,0.00E+00,稳定,0.00E+00,稳定,inf
Ru99,Ru-99,,,0.00E+00,0.00E+00,0.00E+00,稳定,0.00E+00,稳定,inf
Mo92,Mo92,,,0.00E+00,0.00E+00,0.00E+00,稳定,0.00E+00,稳定,inf
Ru101,Ru-101,,,0.00E+00,0.00E+00,0.00E+00,稳定,0.00E+00,稳定,inf
Ru102,Ru-102,,,0.00E+00,0.00E+00,0.00E+00,稳定,0.00E+00,稳定,inf
Ru98,Ru-98,,,0.00E+00,0.00E+00,0.00E+00,稳定,0.00E+00,稳定,inf
Ru104,Ru-104,,,0.00E+00,0.00E+00,0.00E+00,稳定,0.00E+00,稳定,inf
Pd105,Pd-105,,,0.00E+00,0.00E+00,0.00E+00,稳定,0.00E+00,稳定,inf
Ru96,Ru96,,,0.00E+00,0.00E+00,0.00E+00,稳定,0.00E+00,稳定,inf
Ru100,Ru100,,,0.00E+00,0.00E+00,0.00E+00,稳定,0.00E+00,稳定,inf
Rh103,Rh-103,,,0.00E+00,0.00E+00,0.00E+00,稳定,0.00E+00,稳定,inf
Pd106,Pd-106,,,0.00E+00,0.00E+00,0.00E+00,稳定,0.00E+00,稳定,inf
Ag107,Ag-107,,,0.00E+00,0.00E+00,0.00E+00,稳定,0.00E+00,稳定,inf
Pd108,Pd-108,,,0.00E+00,0.00E+00,0.00E+00,稳定,0.00E+00,稳定,inf
Pd102,Pd-102,,,0.00E+00,0.00E+00,0.00E+00,稳定,0.00E+00,稳定,inf
Pd104,Pd-104,,,0.00E+00,0.00E+00,0.00E+00,稳定,0.00E+00,稳定,inf
Ag109,Ag-109,,,0.00E+00,0.00E+00,0.00E+00,稳定,0.00E+00,稳定,inf
Pd110,Pd110,,,0.00E+00,0.00E+00,0.00E+00,稳定,0.00E+00,稳定,inf
Cd111,Cd-111,,,0.00E+00,0.00E+00,0.00E+00,稳定,0.00E+00,稳定,inf
Cd112,Cd-112,,,0.00E+00,0.00E+00,0.00E+00,稳定,0.00E+00,稳定,inf
Cd114,Cd-114,,,0.00E+00,0.00E+00,0.00E+00,稳定,0.00E+00,稳定,inf
Cd106,Cd-106,,,0.00E+00,0.00E+00,0.00E+00,稳定,0.00E+00,稳定,inf
Cd108,Cd-108,,,0.00E+00,0.00E+00,0.00E+00,稳定,0.00E+00,稳定,inf
Cd110,Cd-110,,,0.00E+00,0.00E+00,0.00E+00,稳定,0.00E+00,稳定,inf
In113,In-113,,,0.00E+00,0.00E+00,0.00E+00,稳定,0.00E+00,稳定,inf
Sn115,Sn-115,,,0.00E+00,0.00E+00,0.00E+00,稳定,0.00E+00,稳定,inf
Cd116,Cd-116,,,0.00E+00,0.00E+00,0.00E+00,稳定,0.00E+00,稳定,inf
Sn117,Sn-117,,,0.00E+00,0.00E+00,0.00E+00,稳定,0.00E+00,稳定,inf
Sn117m,Sn-117m,,,0.00E+00,,,不稳定,5.83E-07,13.76 天,1.19E+06
Sn118,Sn-118,,,0.00E+00,0.00E+00,0.00E+00,稳定,0.00E+00,稳定,inf
Sn119,Sn-119,,,0.00E+00,0.00E+00,0.00E+00,稳定,0.00E+00,稳定,inf
Sn119m,Sn-119m,,,0.00E+00,,,不稳定,2.74E-08,293.10 天,2.53E+07
Sn112,Sn-112,,,0.00E+00,0.00E+00,0.00E+00,稳定,0.00E+00,稳定,inf
Sn114,Sn-114,,,0.00E+00,0.00E+00,0.00E+00,稳定,0.00E+00,稳定,inf
Sb121,Sb-121,,,0.00E+00,0.00E+00,0.00E+00,稳定,0.00E+00,稳定,inf
Sn116,Sn116,,,0.00E+00,0.00E+00,0.00E+00,稳定,0.00E+00,稳定,inf
Sn120,Sn120,,,0.00E+00,0.00E+00,0.00E+00,稳定,0.00E+00,稳定,inf
Sn122,Sn122,,,0.00E+00,0.00E+00,0.00E+00,稳定,0.00E+00,稳定,inf
Sb123,Sb-123,,,0.00E+00,0.00E+00,0.00E+00,稳定,0.00E+00,稳定,inf
Te125,Te-125,,,0.00E+00,0.00E+00,0.00E+00,稳定,0.00E+00,稳定,inf
Te126,Te-126,,,0.00E+00,0.00E+00,0.00E+00,稳定,0.00E+00,稳定,inf
I127,I-127,,,0.00E+00,0.00E+00,0.00E+00,稳定,0.00E+00,稳定,inf
Te128,Te-128,,,0.00E+00,0.00E+00,0.00E+00,稳定,0.00E+00,稳定,inf
Te130,Te-130,,,0.00E+00,0.00E+00,0.00E+00,稳定,0.00E+00,稳定,inf
Te122,Te-122,,,0.00E+00,0.00E+00,0.00E+00,稳定,0.00E+00,稳定,inf
Te124,Te-124,,,0.00E+00,0.00E+00,0.00E+00,稳定,0.00E+00,稳定,inf
Xe129,Xe-129,,,0.00E+00,0.00E+00,0.00E+00,稳定,0.00E+00,稳定,inf
Xe131,Xe-131,,,0.00E+00,0.00E+00,0.00E+00,稳定,0.00E+00,稳定,inf
Xe132,Xe-132,,,0.00E+00,0.00E+00,0.00E+00,稳定,0.00E+00,稳定,inf
Cs133,Cs-133,,,0.00E+00,0.00E+00,0.00E+00,稳定,0.00E+00,稳定,inf
Xe134,Xe-134,,,0.00E+00,0.00E+00,0.00E+00,稳定,0.00E+00,稳定,inf
Xe126,Xe-126,,,0.00E+00,0.00E+00,0.00E+00,稳定,0.00E+00,稳定,inf
Xe128,Xe-128,,,0.00E+00,0.00E+00,0.00E+00,稳定,0.00E+00,稳定,inf
Xe130,Xe-130,,,0.00E+00,0.00E+00,0.00E+00,稳定,0.00E+00,稳定,inf
Ba135,Ba-135,,,0.00E+00,0.00E+00,0.00E+00,稳定,0.00E+00,稳定,inf
Ba137,Ba-137,,,0.00E+00,0.00E+00,0.00E+00,稳定,0.00E+00,稳定,inf
Ba138,Ba-138,,,0.00E+00,0.00E+00,0.00E+00,稳定,0.00E+00,稳定,inf
Ba130,Ba-130,,,0.00E+00,0.00E+00,0.00E+00,稳定,0.00E+00,稳定,inf
Ba132,Ba-132,,,0.00E+00,0.00E+00,0.00E+00,稳定,0.00E+00,稳定,inf
Ba134,Ba-134,,,0.00E+00,0.00E+00,0.00E+00,稳定,0.00E+00,稳定,inf
Ba136,Ba-136,,,0.00E+00,0.00E+00,0.00E+00,稳定,0.00E+00,稳定,inf
La139,La-139,,,0.00E+00,0.00E+00,0.00E+00,稳定,0.00E+00,稳定,inf
Ce140,Ce-140,,,0.00E+00,0.00E+00,0.00E+00,稳定,0.00E+00,稳定,inf
Pr141,Pr-141,,,0.00E+00,0.00E+00,0.00E+00,稳定,0.00E+00,稳定,inf
Ce142,Ce-142,,,0.00E+00,0.00E+00,0.00E+00,稳定,0.00E+00,稳定,inf
Ce138,Ce-138,,,0.00E+00,0.00E+00,0.00E+00,稳定,0.00E+00,稳定,inf
Nd143,Nd-143,,,0.00E+00,0.00E+00,0.00E+00,稳定,0.00E+00,稳定,inf
Ce136,Ce136,,,0.00E+00,0.00E+00,0.00E+00,稳定,0.00E+00,稳定,inf
Nd144,Nd-144,,,0.00E+00,,,不稳定,9.59E-24,2291519556164383.50 年,7.23E+22
Nd145,Nd-145,,,0.00E+00,0.00E+00,0.00E+00,稳定,0.00E+00,稳定,inf
Nd142,Nd-142,,,0.00E+00,0.00E+00,0.00E+00,稳定,0.00E+00,稳定,inf
Nd146,Nd-146,,,0.00E+00,0.00E+00,0.00E+00,稳定,0.00E+00,稳定,inf
Nd148,Nd-148,,,0.00E+00,0.00E+00,0.00E+00,稳定,0.00E+00,稳定,inf
Sm149,Sm-149,,,0.00E+00,0.00E+00,0.00E+00,稳定,0.00E+00,稳定,inf
Eu151,Eu-151,,,0.00E+00,0.00E+00,0.00E+00,稳定,0.00E+00,稳定,inf
Sm152,Sm-152,,,0.00E+00,0.00E+00,0.00E+00,稳定,0.00E+00,稳定,inf
Sm148,Sm-148,,,0.00E+00,,,不稳定,3.14E-24,7004644931506850.00 年,2.21E+23
Sm150,Sm-150,,,0.00E+00,0.00E+00,0.00E+00,稳定,0.00E+00,稳定,inf
Eu153,Eu-153,,,0.00E+00,0.00E+00,0.00E+00,稳定,0.00E+00,稳定,inf
Sm154,Sm-154,,,0.00E+00,0.00E+00,0.00E+00,稳定,0.00E+00,稳定,inf
Gd155,Gd-155,,,0.00E+00,0.00E+00,0.00E+00,稳定,0.00E+00,稳定,inf
Gd156,Gd-156,,,0.00E+00,0.00E+00,0.00E+00,稳定,0.00E+00,稳定,inf
Gd157,Gd-157,,,0.00E+00,0.00E+00,0.00E+00,稳定,0.00E+00,稳定,inf
Gd154,Gd-154,,,0.00E+00,0.00E+00,0.00E+00,稳定,0.00E+00,稳定,inf
Gd158,Gd-158,,,0.00E+00,0.00E+00,0.00E+00,稳定,0.00E+00,稳定,inf
Tb159,Tb-159,,,0.00E+00,0.00E+00,0.00E+00,稳定,0.00E+00,稳定,inf
Sm144,Sm-144,,,0.00E+00,0.00E+00,0.00E+00,稳定,0.00E+00,稳定,inf
Dy162,Dy-162,,,0.00E+00,0.00E+00,0.00E+00,稳定,0.00E+00,稳定,inf
Dy158,Dy-158,,,0.00E+00,0.00E+00,0.00E+00,稳定,0.00E+00,稳定,inf
Dy160,Dy-160,,,0.00E+00,0.00E+00,0.00E+00,稳定,0.00E+00,稳定,inf
Dy161,Dy-161,,,0.00E+00,0.00E+00,0.00E+00,稳定,0.00E+00,稳定,inf
Dy163,Dy-163,,,0.00E+00,0.00E+00,0.00E+00,稳定,0.00E+00,稳定,inf
Dy164,Dy-164,,,0.00E+00,0.00E+00,0.00E+00,稳定,0.00E+00,稳定,inf
Ho165,Ho-165,,,0.00E+00,0.00E+00,0.00E+00,稳定,0.00E+00,稳定,inf
Er166,Er-166,,,0.00E+00,0.00E+00,0.00E+00,稳定,0.00E+00,稳定,inf
Er167,Er-167,,,0.00E+00,0.00E+00,0.00E+00,稳定,0.00E+00,稳定,inf
Er168,Er-168,,,0.00E+00,0.00E+00,0.00E+00,稳定,0.00E+00,稳定,inf
Er164,Er-164,,,0.00E+00,0.00E+00,0.00E+00,稳定,0.00E+00,稳定,inf
Er170,Er-170,,,0.00E+00,0.00E+00,0.00E+00,稳定,0.00E+00,稳定,inf
Tm169,Tm-169,,,0.00E+00,0.00E+00,0.00E+00,稳定,0.00E+00,稳定,inf
Yb171,Yb-171,,,0.00E+00,0.00E+00,0.00E+00,稳定,0.00E+00,稳定,inf
Yb172,Yb-172,,,0.00E+00,0.00E+00,0.00E+00,稳定,0.00E+00,稳定,inf
Yb173,Yb-173,,,0.00E+00,0.00E+00,0.00E+00,稳定,0.00E+00,稳定,inf
Yb168,Yb-168,,,0.00E+00,0.00E+00,0.00E+00,稳定,0.00E+00,稳定,inf
Yb170,Yb-170,,,0.00E+00,0.00E+00,0.00E+00,稳定,0.00E+00,稳定,inf
Yb174,Yb-174,,,0.00E+00,0.00E+00,0.00E+00,稳定,0.00E+00,稳定,inf
Lu175,Lu-175,,,0.00E+00,0.00E+00,0.00E+00,稳定,0.00E+00,稳定,inf
Yb176,Yb-176,,,0.00E+00,0.00E+00,0.00E+00,稳定,0.00E+00,稳定,inf
Hf177,Hf-177,,,0.00E+00,0.00E+00,0.00E+00,稳定,0.00E+00,稳定,inf
Hf178,Hf-178,,,0.00E+00,0.00E+00,0.00E+00,稳定,0.00E+00,稳定,inf
Hf179,Hf-179,,,0.00E+00,0.00E+00,0.00E+00,稳定,0.00E+00,稳定,inf
Hf176,Hf-176,,,0.00E+00,0.00E+00,0.00E+00,稳定,0.00E+00,稳定,inf
Hf180,Hf-180,,,0.00E+00,0.00E+00,0.00E+00,稳定,0.00E+00,稳定,inf
Ta181,Ta-181,,,0.00E+00,0.00E+00,0.00E+00,稳定,0.00E+00,稳定,inf
W183,W-183,,,0.00E+00,0.00E+00,0.00E+00,稳定,0.00E+00,稳定,inf
W184,W-184,,,0.00E+00,0.00E+00,0.00E+00,稳定,0.00E+00,稳定,inf
Re185,Re-185,,,0.00E+00,0.00E+00,0.00E+00,稳定,0.00E+00,稳定,inf
W186,W-186,,,0.00E+00,0.00E+00,0.00E+00,稳定,0.00E+00,稳定,inf
Os187,Os-187,,,0.00E+00,0.00E+00,0.00E+00,稳定,0.00E+00,稳定,inf
Pb208,Pb-208,,,0.00E+00,0.00E+00,0.00E+00,稳定,0.00E+00,稳定,inf
Pb207,Pb-207,,,0.00E+00,0.00E+00,0.00E+00,稳定,0.00E+00,稳定,inf
Bi209,Bi-209,,,0.00E+00,0.00E+00,0.00E+00,稳定,0.00E+00,稳定,inf
