Nuclide,State,Energy,Intensity
Be7,0,477.6035,172260.0
V49,0,0.477,15297.970444800001
V49,0,4.505,191873.61282262584
V49,0,4.511,378001.6013054094
V49,0,4.947,75508.46587196467
V49,0,4.947,75508.46587196467
Cr51,0,320.0824,36468.8
Cr51,0,0.536,2054.7764149462205
Cr51,0,4.945,24985.539869916356
Cr51,0,4.952,49155.10499688442
Cr51,0,5.444,9890.362025231225
Cr51,0,5.444,9890.362025231225
Mn52,0,200.58,207480.0
Mn52,0,346.02,2675400.0
Mn52,0,398.09,242970.0
Mn52,0,399.57,499590.0
Mn52,0,502.06,573300.0
Mn52,0,600.16,1064700.0
Mn52,0,647.47,1092000.0
Mn52,0,744.233,245700000.0
Mn52,0,848.18,9063600.0
Mn52,0,901.89,120120.0
Mn52,0,935.544,257985000.0
Mn52,0,1045.75,191100.00000000003
Mn52,0,1246.278,11493300.0
Mn52,0,1247.88,1037400.0
Mn52,0,1333.649,13841100.0
Mn52,0,1434.092,273000000.0
Mn52,0,1441.0,8190.0
Mn52,0,1645.82,128310.0
Mn52,0,1839.14,13650.0
Mn52,0,1981.12,92820.0
Mn52,0,2257.42,7371.0
Mn52,0,511.0,160530442.8
Mn52,0,0.597,1237716.6057411246
Mn52,0,5.406,14656894.26964097
Mn52,0,5.415,28789813.925831806
Mn52,0,5.966,5847926.923110634
Mn52,0,5.966,5847926.923110634
Mn54,0,834.848,5508677.6
Mn54,0,511.0,0.06281400000000001
Mn54,0,0.597,35602.751366920886
Mn54,0,5.406,421256.8924859613
Mn54,0,5.415,827454.1199881384
Mn54,0,5.966,168076.50227901383
Mn54,0,5.966,168076.50227901383
Fe55,0,126.0,0.007731200000000001
Fe55,0,0.66,39897.34684
Fe55,0,5.888,510131.29739528603
Fe55,0,5.899,1000453.6132482566
Fe55,0,6.512,205288.48935645746
Fe55,0,6.512,205288.48935645746
Co55,0,91.9,1.46475e-05
Co55,0,385.4,6.804e-06
Co55,0,411.5,1.35135e-05
Co55,0,477.2,0.000254205
Co55,0,520.0,1.0395e-05
Co55,0,803.7,2.3530499999999998e-05
Co55,0,827.0,2.6459999999999997e-06
Co55,0,931.1,0.000945
Co55,0,984.6,6.5205e-06
Co55,0,1212.8,3.3075e-06
Co55,0,1316.6,8.93025e-05
Co55,0,1370.0,3.67605e-05
Co55,0,1408.5,0.000212625
Co55,0,1556.0,5.7645e-07
Co55,0,1622.3,5.669999999999999e-07
Co55,0,1792.1,1.03005e-06
Co55,0,1940.6,1.7955e-07
Co55,0,2144.2,1.1339999999999999e-06
Co55,0,2177.6,3.6854999999999997e-06
Co55,0,2578.7,5.3865e-07
Co55,0,2872.4,1.48365e-06
Co55,0,2938.9,7.182e-07
Co55,0,3108.3,6.615000000000001e-08
Co55,0,511.0,0.0019125943200000001
Co55,0,0.728,2.532905804640519e-06
Co55,0,6.391,2.8689964905976923e-05
Co55,0,6.404,5.61777264655902e-05
Co55,0,7.082,1.1609900179630381e-05
Co55,0,7.082,1.1609900179630381e-05
Co56,0,263.434,129282.25463999998
Co56,0,411.145,141035.18688000002
Co56,0,486.55,317329.17048
Co56,0,655.003,252688.04316
Co56,0,674.57,141035.18688000002
Co56,0,733.514,1122405.02892
Co56,0,787.743,1827580.9633199999
Co56,0,846.77,587646612.0
Co56,0,852.732,287946.83988
Co56,0,896.51,428982.02676
Co56,0,977.372,8356334.822640001
Co56,0,996.948,652287.73932
Co56,0,1037.843,82623113.64719999
Co56,0,1088.894,323205.6366
Co56,0,1140.368,775693.52784
Co56,0,1159.944,552387.81528
Co56,0,1175.101,13239678.16836
Co56,0,1198.888,287946.83988
Co56,0,1238.288,390784996.97999996
Co56,0,1271.92,117529.32239999999
Co56,0,1335.4,719867.0997
Co56,0,1360.212,25186533.790319998
Co56,0,1442.746,1057763.9016
Co56,0,1462.322,434858.49288
Co56,0,1640.475,361990.312992
Co56,0,1771.357,90615107.5704
Co56,0,1810.757,3760938.3167999997
Co56,0,1963.741,4154661.54684
Co56,0,2015.215,17735174.75016
Co56,0,2034.791,45683647.61688
Co56,0,2113.135,2215427.72724
Co56,0,2212.944,2280068.85456
Co56,0,2276.131,693423.00216
Co56,0,2373.24,470117.28959999996
Co56,0,2523.09,346711.50108
Co56,0,2598.5,99782394.7176
Co56,0,2657.527,111652.85628
Co56,0,3009.645,6093895.36644
Co56,0,3202.029,18869332.71132
Co56,0,3253.503,46588623.39936
Co56,0,3273.079,11030126.90724
Co56,0,3369.86,59352.307812
Co56,0,3451.232,5582642.814
Co56,0,3548.05,1149436.7730720001
Co56,0,3600.8,98136.984204
Co56,0,3611.53,50537.608632
Co56,0,511.0,231742089.60000002
Co56,0,0.728,3941346.762628793
Co56,0,6.391,44601172.326960914
Co56,0,6.404,87333409.68662798
Co56,0,7.082,18048650.81945896
Co56,0,7.082,18048650.81945896
Co57,0,14.4129,533112.0
Co57,0,122.06065,4981920.0
Co57,0,136.47356,621576.0
Co57,0,230.4,23.28
Co57,0,339.69,215.34
Co57,0,352.33,174.6
Co57,0,366.8,69.83999999999999
Co57,0,570.09,919.5600000000001
Co57,0,692.41,8671.8
Co57,0,706.54,291.0
Co57,0,0.728,86472.4256992812
Co57,0,6.391,978171.7965503227
Co57,0,6.404,1915354.996182343
Co57,0,7.082,395834.46524582856
Co57,0,7.082,395834.46524582856
Co58,0,810.7593,10840050.0
Co58,0,863.951,74796.345
Co58,0,1674.725,56368.26
Co58,0,511.0,3248337.34
Co58,0,0.728,76874.97440559394
Co58,0,6.391,870593.5069001397
Co58,0,6.404,1704706.2990016444
Co58,0,7.082,352301.0134473641
Co58,0,7.082,352301.0134473641
Co60,0,347.14,0.8325
Co60,0,826.1,0.8436
Co60,0,1173.228,11083.349999999999
Co60,0,1332.492,11098.0686
Co60,0,2158.57,0.13319999999999999
Co60,0,2505.692,0.000222
Co60,0,0.874,0.0365476684935315
Co60,0,7.461,0.36715012719389456
Co60,0,7.478,0.716530302876462
Co60,0,8.296,0.1493311632636924
Co60,0,8.296,0.1493311632636924
Ni59,0,511.0,0.0042845999999999995
Ni59,0,0.8,56.44884436866345
Ni59,0,6.915,593.1651060262791
Ni59,0,6.93,1159.431403491554
Ni59,0,7.677,240.45624110584671
Ni59,0,7.677,240.45624110584671
Cu64,0,1345.77,1.57176e-11
Cu64,0,511.0,1.1648339999999998e-09
Cu64,0,0.874,1.6354322597783228e-11
Cu64,0,7.461,1.6306252165726149e-10
Cu64,0,7.478,3.1823286818357043e-10
Cu64,0,8.296,6.632250472006662e-11
Cu64,0,8.296,6.632250472006662e-11
Tc94,0,83.0,9.741249e-38
Tc94,0,449.2,6.560433e-37
Tc94,0,532.1,4.6718234999999995e-37
Tc94,0,702.67,1.98204597e-35
Tc94,0,742.3,2.4054921e-37
Tc94,0,849.74,1.90451358e-35
Tc94,0,871.05,1.98801e-35
Tc94,0,916.1,1.5108875999999998e-36
Tc94,0,1509.3,1.3518468e-37
Tc94,0,1592.1,4.4730225e-37
Tc94,0,1765.6,5.765229e-38
Tc94,0,511.0,4.188551999999999e-36
Tc94,0,2.44,6.785905335145295e-37
Tc94,0,17.374,3.403672815579388e-36
Tc94,0,17.479,6.486893111452999e-36
Tc94,0,19.681,1.7021372557267174e-36
Tc94,0,19.794,1.964266393108632e-36
Tc94,0,19.963,2.6212913738191446e-37
Tc95,0,125.8,9.659707199999999e-06
Tc95,0,126.03,2.4149267999999998e-06
Tc95,0,181.88,5.927547600000001e-07
Tc95,0,204.12,7.11305712e-05
Tc95,0,307.93,8.1229356e-06
Tc95,0,467.1,2.195388e-08
Tc95,0,477.7,3.0735432e-06
Tc95,0,495.16,3.293082e-07
Tc95,0,561.67,3.2930820000000002e-06
Tc95,0,593.16,5.0493924e-06
Tc95,0,604.04,7.11305712e-05
Tc95,0,765.789,0.02195388
Tc95,0,774.99,3.9516984e-06
Tc95,0,785.93,3.4028514e-05
Tc95,0,869.6,7.42041144e-05
Tc95,0,947.67,0.000456640704
Tc95,0,1056.7,3.5126208e-07
Tc95,0,1073.71,0.0008759598120000001
Tc95,0,1221.9,2.195388e-06
Tc95,0,1441.0,1.5367715999999998e-07
Tc95,0,1551.71,4.78594584e-06
Tc95,0,1645.0,1.3172327999999998e-07
Tc95,0,1683.0,2.195388e-09
Tc95,0,2.44,0.0008935192790485224
Tc95,0,17.374,0.00447759552193877
Tc95,0,17.479,0.008533629734970022
Tc95,0,19.681,0.0022391935320815303
Tc95,0,19.794,0.002584029336022086
Tc95,0,19.963,0.00034483580394055566
Tc96,0,120.3,993.6096
Tc96,0,219.4,993.6096
Tc96,0,241.6,1987.2192
Tc96,0,314.27,60610.1856
Tc96,0,316.5,34776.336
Tc96,0,349.9,1738.8168
Tc96,0,350.1,496.8048
Tc96,0,352.5,496.8048
Tc96,0,371.8,1738.8168
Tc96,0,434.71,18630.18
Tc96,0,460.04,10681.3032
Tc96,0,481.0,1987.2192
Tc96,0,535.78,10184.4984
Tc96,0,568.88,22853.020800000002
Tc96,0,591.3,2732.4264
Tc96,0,719.5,4968.048
Tc96,0,721.5,2980.8288
Tc96,0,778.22,2484024.0
Tc96,0,812.54,2041867.728
Tc96,0,847.7,471.96456
Tc96,0,849.86,2429375.472
Tc96,0,885.4,2484.024
Tc96,0,1091.3,27324.263999999996
Tc96,0,1126.85,377571.648
Tc96,0,1200.17,9190.8888
Tc96,0,1441.14,1341.37296
Tc96,0,1497.72,2310.1423200000004
Tc96,0,1625.7,24.840239999999998
Tc96,0,2.44,94620.0
Tc96,0,17.374,470609.99999999994
Tc96,0,17.479,898890.0
Tc96,0,19.681,236550.0
Tc96,0,19.794,271410.0
Tc96,0,19.963,36354.0
Re181,0,19.7,5.6166e-07
Re181,0,31.1,3.914600000000001e-06
Re181,0,38.1,1.3616000000000001e-05
Re181,0,43.5,0.000105524
Re181,0,65.0,0.00054464
Re181,0,71.7,2.553e-05
Re181,0,72.7,4.9358000000000004e-05
Re181,0,93.7,2.7232000000000003e-05
Re181,0,102.7,5.957e-05
Re181,0,103.1,3.9146e-05
Re181,0,109.9,0.0006127200000000001
Re181,0,110.3,0.00022126
Re181,0,113.3,0.00015318000000000002
Re181,0,125.8,2.3828e-05
Re181,0,137.2,1.5318e-05
Re181,0,144.3,8.51e-05
Re181,0,154.4,6.1272e-05
Re181,0,163.9,2.8934e-05
Re181,0,164.6,2.8934e-05
Re181,0,165.8,2.8934e-05
Re181,0,167.2,2.2125999999999998e-05
Re181,0,175.2,0.00010212
Re181,0,177.5,0.00037443999999999997
Re181,0,186.2,4.255e-05
Re181,0,193.2,1.8722e-05
Re181,0,195.0,3.7444e-05
Re181,0,197.0,0.00011914
Re181,0,201.0,4.255e-05
Re181,0,211.7,2.0424000000000003e-05
Re181,0,213.0,2.553e-05
Re181,0,237.4,2.2125999999999998e-05
Re181,0,239.3,2.0424000000000003e-05
Re181,0,245.5,2.553e-05
Re181,0,252.2,0.00022466400000000002
Re181,0,262.6,4.9358000000000004e-05
Re181,0,276.4,0.000146372
Re181,0,278.1,3.7444e-05
Re181,0,279.5,2.3828e-05
Re181,0,296.0,4.7656e-05
Re181,0,297.0,2.553e-05
Re181,0,316.7,2.0424000000000003e-05
Re181,0,318.6,0.0002553
Re181,0,331.9,0.00030636000000000004
Re181,0,340.8,8.51e-06
Re181,0,350.4,7.999400000000001e-05
Re181,0,353.6,0.00010212
Re181,0,356.1,0.00039146
Re181,0,360.7,0.00454434
Re181,0,365.5,0.012986260000000001
Re181,0,376.8,3.0636e-05
Re181,0,382.3,6.1272e-05
Re181,0,398.0,0.00014807400000000002
Re181,0,409.0,5.6166000000000004e-05
Re181,0,412.3,0.00023828
Re181,0,420.0,2.3828e-05
Re181,0,441.8,0.00023828
Re181,0,441.8,0.00010212
Re181,0,475.6,0.00023828
Re181,0,487.1,0.0001702
Re181,0,489.0,0.0001702
Re181,0,515.7,3.7444e-05
Re181,0,522.1,5.2762e-05
Re181,0,524.4,4.4251999999999996e-05
Re181,0,533.3,1.3616000000000001e-05
Re181,0,544.8,6.637800000000001e-05
Re181,0,557.8,0.00049358
Re181,0,570.1,0.000105524
Re181,0,587.4,0.00015828600000000002
Re181,0,628.8,3.0636e-05
Re181,0,632.7,3.7444e-05
Re181,0,639.0,0.00148074
Re181,0,643.9,0.000131054
Re181,0,651.2,0.00023828
Re181,0,659.2,5.2762e-05
Re181,0,661.8,0.0006808
Re181,0,668.2,7.148400000000001e-05
Re181,0,691.8,2.7232000000000003e-05
Re181,0,693.9,5.6166000000000004e-05
Re181,0,696.9,1.3616000000000001e-05
Re181,0,699.9,3.0636e-05
Re181,0,719.9,3.0636e-05
Re181,0,730.1,1.702e-05
Re181,0,738.0,6.808e-05
Re181,0,769.7,3.5742000000000004e-05
Re181,0,773.4,1.702e-05
Re181,0,789.4,1.702e-05
Re181,0,791.6,2.7232000000000003e-05
Re181,0,803.6,0.0003404
Re181,0,805.2,0.00071484
Re181,0,817.5,3.0636e-05
Re181,0,822.7,3.7444e-05
Re181,0,826.7,3.9146e-05
Re181,0,835.7,0.000105524
Re181,0,840.4,6.4676e-05
Re181,0,848.5,3.0636e-05
Re181,0,854.4,4.255e-05
Re181,0,862.7,4.0848000000000006e-05
Re181,0,877.2,0.00010212
Re181,0,879.8,0.00011914
Re181,0,883.2,5.957e-05
Re181,0,889.5,2.7232000000000003e-05
Re181,0,891.7,2.3828e-05
Re181,0,907.4,0.00023828
Re181,0,946.9,5.106e-05
Re181,0,953.6,0.00081696
Re181,0,965.1,4.7656e-05
Re181,0,973.2,3.0636e-05
Re181,0,980.7,4.255e-05
Re181,0,989.4,0.00020424
Re181,0,993.7,1.8722e-05
Re181,0,993.7,4.9358000000000004e-05
Re181,0,1000.2,0.0007659
Re181,0,1009.4,0.0005616600000000001
Re181,0,1018.6,3.0636e-05
Re181,0,1057.1,6.808e-05
Re181,0,1068.3,3.5742000000000004e-05
Re181,0,1075.6,0.00023828
Re181,0,1086.6,0.000129352
Re181,0,1103.5,0.00015828600000000002
Re181,0,1127.3,2.7232000000000003e-05
Re181,0,1132.3,5.106e-05
Re181,0,1172.3,4.4251999999999996e-05
Re181,0,1200.8,4.5954e-05
Re181,0,1272.5,2.553e-05
Re181,0,1384.2,5.2762e-05
Re181,0,1440.7,0.00044252
Re181,0,1469.2,0.00018721999999999999
Re181,0,1498.2,1.8722e-05
Re181,0,1538.0,4.4251999999999996e-05
Re181,0,511.0,1.8400000000000002e-06
Re181,0,9.74,0.01012
Re181,0,57.983,0.00782
Re181,0,59.32,0.01357
Re181,0,67.335,0.004508000000000001
Re181,0,68.117,0.0057269999999999995
Re181,0,69.068,0.001242
Re182,0,18.05,195.6672
Re182,0,19.85,57.0696
Re182,0,31.7,407.64
Re182,0,39.1,407.64
Re182,0,42.7,733.752
Re182,0,60.65,163.056
Re182,0,65.8,4565.568
Re182,0,67.75,60672.0
Re182,0,67.85,35057.04
Re182,0,84.68,4361.7480000000005
Re182,0,84.68,4247.04
Re182,0,100.1,26007.432
Re182,0,100.12,22752.0
Re182,0,107.13,2242.02
Re182,0,108.58,1263.684
Re182,0,110.38,163.056
Re182,0,111.07,330.1884
Re182,0,113.68,7704.396
Re182,0,113.7,657.28
Re182,0,116.23,815.28
Re182,0,116.4,556.16
Re182,0,130.81,11821.56
Re182,0,133.8,3791.052
Re182,0,145.43,1059.864
Re182,0,147.69,1426.74
Re182,0,148.86,2771.9519999999998
Re182,0,149.45,1426.74
Re182,0,150.25,815.28
Re182,0,151.15,692.9879999999999
Re182,0,152.43,13452.119999999999
Re182,0,152.43,11123.2
Re182,0,154.1,366.876
Re182,0,156.38,859.5200000000001
Re182,0,156.39,11413.92
Re182,0,160.2,379.10519999999997
Re182,0,160.2,379.10519999999997
Re182,0,169.15,17936.16
Re182,0,172.87,5666.196
Re182,0,178.47,3587.232
Re182,0,179.38,465.152
Re182,0,179.4,4769.388
Re182,0,187.34,509.55
Re182,0,188.54,207.8964
Re182,0,189.65,611.46
Re182,0,191.39,10598.64
Re182,0,198.34,6399.948
Re182,0,198.36,278.08
Re182,0,203.55,774.5160000000001
Re182,0,206.0,815.28
Re182,0,208.26,978.336
Re182,0,209.4,774.5160000000001
Re182,0,214.32,1752.8519999999999
Re182,0,215.73,1222.92
Re182,0,217.55,5177.028
Re182,0,221.61,10191.0
Re182,0,222.07,13452.119999999999
Re182,0,222.08,1097.152
Re182,0,226.19,4850.915999999999
Re182,0,229.32,40764.0
Re182,0,229.32,4044.8
Re182,0,247.46,7989.744
Re182,0,256.45,15082.679999999998
Re182,0,264.07,5666.196
Re182,0,264.08,455.03999999999996
Re182,0,276.31,13859.76
Re182,0,281.45,9008.844000000001
Re182,0,286.56,11169.336000000001
Re182,0,295.67,326.112
Re182,0,299.9,1997.436
Re182,0,300.36,2690.424
Re182,0,313.98,1263.684
Re182,0,323.4,2771.9519999999998
Re182,0,339.06,8805.024
Re182,0,342.03,1671.324
Re182,0,345.46,774.5160000000001
Re182,0,351.07,16305.6
Re182,0,357.04,856.0439999999999
Re182,0,470.26,3185.28
Re182,0,536.04,328.64
Re182,0,555.0,176.96
Re182,0,598.56,621.888
Re182,0,649.73,535.936
Re182,0,734.53,596.608
Re182,0,787.11,480.32
Re182,0,800.0,237.632
Re182,0,810.24,606.72
Re182,0,835.98,733.12
Re182,0,891.9,52.9932
Re182,0,894.85,3336.96
Re182,0,900.8,561.216
Re182,0,927.99,819.072
Re182,0,928.0,587.0016
Re182,0,943.2,358.72319999999996
Re182,0,959.7,317.9592
Re182,0,959.81,859.5200000000001
Re182,0,1001.7,3913.344
Re182,0,1001.8,353.92
Re182,0,1044.4,452.48040000000003
Re182,0,1044.5,278.08
Re182,0,1076.2,16713.239999999998
Re182,0,1088.5,313.88280000000003
Re182,0,1113.3,7459.812
Re182,0,1113.4,556.16
Re182,0,1121.3,34853.22
Re182,0,1121.4,50560.0
Re182,0,1157.3,587.0016
Re182,0,1158.1,1398.2051999999999
Re182,0,1180.8,876.4259999999999
Re182,0,1189.0,14308.163999999999
Re182,0,1189.2,23914.879999999997
Re182,0,1221.4,27597.228
Re182,0,1221.5,39436.8
Re182,0,1223.9,415.7928
Re182,0,1231.0,23602.356
Re182,0,1231.1,2078.016
Re182,0,1257.3,2219.5840000000003
Re182,0,1257.5,1687.6296
Re182,0,1273.8,839.296
Re182,0,1273.8,1496.0388
Re182,0,1279.8,97.8336
Re182,0,1289.2,1198.4615999999999
Re182,0,1289.3,1946.56
Re182,0,1291.8,370.95239999999995
Re182,0,1294.0,2555.9028000000003
Re182,0,1330.9,595.1544
Re182,0,1342.7,4076.4
Re182,0,1373.8,468.78600000000006
Re182,0,1373.9,283.136
Re182,0,1387.4,419.8692
Re182,0,1410.1,440.2512
Re182,0,1410.4,60.672
Re182,0,1427.3,15531.084
Re182,0,1439.3,252.7368
Re182,0,1453.1,61.146
Re182,0,1521.3,150.8268
Re182,0,1523.0,25.28
Re182,0,1537.0,25.28
Re182,0,1543.0,25.28
Re182,0,1558.0,121.344
Re182,0,1560.4,114.1392
Re182,0,1631.4,19.97436
Re182,0,1756.0,96.064
Re182,0,1771.0,510.656
Re182,0,1818.8,166.848
Re182,0,1857.3,50.0544
Re182,0,1871.2,460.096
Re182,0,1877.6,96.064
Re182,0,1879.6,85.952
Re182,0,1911.8,70.2784
Re182,0,1957.4,723.008
Re182,0,2010.1,151.68
Re182,0,2016.3,1264.0
Re182,0,2033.3,35.392
Re182,0,2047.3,182.016
Re182,0,2057.4,1466.24
Re182,0,2073.2,65.728
Re182,0,2084.0,103.14240000000001
Re182,0,2099.0,40.448
Re182,0,2106.8,414.59200000000004
Re182,0,2108.6,414.59200000000004
Re182,0,2109.3,414.59200000000004
Re182,0,2140.3,61.1776
Re182,0,2148.0,44.4928
Re182,0,2175.2,74.3232
Re182,0,2189.0,27.808000000000003
Re182,0,2207.7,166.848
Re182,0,2216.0,35.392
Re182,0,2230.0,17.1904
Re182,0,2316.0,12.64
Re182,0,511.0,5442.468
Re182,0,511.0,63.2
Re182,0,9.74,66202.0
Re182,0,9.74,112180.0
Re182,0,57.983,48032.0
Re182,0,57.983,78842.0
Re182,0,59.32,83740.0
Re182,0,59.32,137460.0
Re182,0,67.335,27650.0
Re182,0,67.335,45346.0
Re182,0,68.117,35234.0
Re182,0,68.117,57828.0
Re182,0,69.068,7584.0
Re182,0,69.068,12482.0
Re183,0,40.976,5984.0
Re183,0,46.484,1757800.0
Re183,0,52.596,522104.00000000006
Re183,0,82.919,68816.0
Re183,0,84.712,229636.0
Re183,0,99.08,641036.0
Re183,0,101.93,4114.0
Re183,0,103.1,1271.6000000000001
Re183,0,107.933,514624.0
Re183,0,109.731,684420.0
Re183,0,120.37,733.04
Re183,0,144.135,30293.999999999996
Re183,0,160.532,139128.0
Re183,0,161.342,85272.0
Re183,0,162.33,5512760.0
Re183,0,192.646,61934.4
Re183,0,203.269,9499.6
Re183,0,205.081,29172.0
Re183,0,208.812,702372.0
Re183,0,209.89,62009.2
Re183,0,244.266,97240.0
Re183,0,245.243,59840.00000000001
Re183,0,246.062,311916.0
Re183,0,291.723,748000.0
Re183,0,313.021,98661.20000000001
Re183,0,353.998,127159.99999999999
Re183,0,365.614,18999.2
Re183,0,406.593,7704.400000000001
Re183,0,9.74,12760000.0
Re183,0,57.983,7722000.0
Re183,0,59.32,13420000.0
Re183,0,67.335,4444000.0
Re183,0,68.117,5654000.0
Re183,0,69.068,1210000.0
Re184,0,111.2174,116744.142
Re184,0,124.06,11.988396
Re184,0,127.67,10.846644
Re184,0,226.748,122.73834000000001
Re184,0,230.45,99.9033
Re184,0,252.845,20551.536
Re184,0,256.3,39.96132
Re184,0,265.0,10.275768
Re184,0,295.01,148.42775999999998
Re184,0,380.34,31.398179999999996
Re184,0,384.25,37.106939999999994
Re184,0,385.4,45.67008
Re184,0,482.98,125.59271999999999
Re184,0,539.22,2226.4164
Re184,0,641.915,13215.7794
Re184,0,757.36,419.59386
Re184,0,769.778,4567.008
Re184,0,792.067,255467.00999999998
Re184,0,894.76,106468.374
Re184,0,903.282,258321.38999999998
Re184,0,1010.24,622.25484
Re184,0,1018.93,7.706826
Re184,0,1022.63,3539.4311999999995
Re184,0,1061.04,17.697156
Re184,0,1121.44,239.76792
Re184,0,1275.11,813.4983
Re184,0,1313.79,75.926508
Re184,0,1319.94,15.413652
Re184,0,1386.33,699.3231
Re184,0,1430.96,16.269966
Re184,0,9.74,223062.0
Re184,0,57.983,172212.0
Re184,0,59.32,298998.0
Re184,0,67.335,98988.0
Re184,0,68.117,126108.00000000001
Re184,0,69.068,27120.0
